# Blender 5.0.0
# www.blender.org
mtllib snowman.mtl
o Sphere
v 0.000000 1.000000 0.000000
v 0.000000 0.831470 -0.555570
v 0.000000 0.555570 -0.831470
v 0.000000 0.195090 -0.980785
v 0.000000 0.000000 -1.000000
v 0.000000 -0.195090 -0.980785
v 0.000000 -0.555570 -0.831470
v 0.000000 -1.000000 0.000000
v 0.038060 0.980785 -0.191342
v 0.074658 0.923880 -0.375330
v 0.108386 0.831470 -0.544895
v 0.137950 0.707107 -0.693520
v 0.162212 0.555570 -0.815493
v 0.180240 0.382683 -0.906127
v 0.191342 0.195090 -0.961940
v 0.195090 0.000000 -0.980785
v 0.191342 -0.195090 -0.961940
v 0.180240 -0.382683 -0.906127
v 0.162212 -0.555570 -0.815493
v 0.137950 -0.707107 -0.693520
v 0.108386 -0.831470 -0.544895
v 0.074658 -0.923880 -0.375330
v 0.038060 -0.980785 -0.191342
v 0.074658 0.980785 -0.180240
v 0.146447 0.923880 -0.353553
v 0.212608 0.831470 -0.513280
v 0.270598 0.707107 -0.653281
v 0.318190 0.555570 -0.768178
v 0.353553 0.382683 -0.853553
v 0.375330 0.195090 -0.906127
v 0.382683 0.000000 -0.923879
v 0.375330 -0.195090 -0.906127
v 0.353553 -0.382683 -0.853553
v 0.318190 -0.555570 -0.768178
v 0.270598 -0.707107 -0.653281
v 0.212608 -0.831470 -0.513280
v 0.146447 -0.923880 -0.353553
v 0.074658 -0.980785 -0.180240
v 0.108386 0.980785 -0.162212
v 0.212608 0.923880 -0.318190
v 0.308658 0.831470 -0.461940
v 0.392847 0.707107 -0.587938
v 0.461940 0.555570 -0.691342
v 0.513280 0.382683 -0.768178
v 0.544895 0.195090 -0.815493
v 0.555570 0.000000 -0.831469
v 0.544895 -0.195090 -0.815493
v 0.513280 -0.382683 -0.768178
v 0.461940 -0.555570 -0.691342
v 0.392847 -0.707107 -0.587938
v 0.308658 -0.831470 -0.461940
v 0.212608 -0.923880 -0.318190
v 0.108386 -0.980785 -0.162212
v 0.137950 0.980785 -0.137950
v 0.270598 0.923880 -0.270598
v 0.392847 0.831470 -0.392847
v 0.500000 0.707107 -0.500000
v 0.587938 0.555570 -0.587938
v 0.653281 0.382683 -0.653281
v 0.693520 0.195090 -0.693520
v 0.707107 0.000000 -0.707107
v 0.693520 -0.195090 -0.693520
v 0.653281 -0.382683 -0.653281
v 0.587938 -0.555570 -0.587938
v 0.500000 -0.707107 -0.500000
v 0.392847 -0.831470 -0.392847
v 0.270598 -0.923880 -0.270598
v 0.137950 -0.980785 -0.137950
v 0.162212 0.980785 -0.108386
v 0.318190 0.923880 -0.212608
v 0.461940 0.831470 -0.308658
v 0.587938 0.707107 -0.392847
v 0.691342 0.555570 -0.461940
v 0.768178 0.382683 -0.513280
v 0.815493 0.195090 -0.544895
v 0.831470 0.000000 -0.555570
v 0.815493 -0.195090 -0.544895
v 0.768178 -0.382683 -0.513280
v 0.691342 -0.555570 -0.461940
v 0.587938 -0.707107 -0.392847
v 0.461940 -0.831470 -0.308658
v 0.318190 -0.923880 -0.212608
v 0.162212 -0.980785 -0.108386
v 0.180240 0.980785 -0.074658
v 0.353553 0.923880 -0.146447
v 0.513280 0.831470 -0.212607
v 0.653281 0.707107 -0.270598
v 0.768178 0.555570 -0.318190
v 0.853553 0.382683 -0.353553
v 0.906127 0.195090 -0.375330
v 0.923879 0.000000 -0.382683
v 0.906127 -0.195090 -0.375330
v 0.853553 -0.382683 -0.353553
v 0.768178 -0.555570 -0.318190
v 0.653281 -0.707107 -0.270598
v 0.513280 -0.831470 -0.212607
v 0.353553 -0.923880 -0.146447
v 0.180240 -0.980785 -0.074658
v 0.191342 0.980785 -0.038060
v 0.375330 0.923880 -0.074658
v 0.544895 0.831470 -0.108386
v 0.693520 0.707107 -0.137950
v 0.815493 0.555570 -0.162212
v 0.906127 0.382683 -0.180240
v 0.961940 0.195090 -0.191342
v 0.980785 0.000000 -0.195090
v 0.961940 -0.195090 -0.191342
v 0.906127 -0.382683 -0.180240
v 0.815493 -0.555570 -0.162212
v 0.693520 -0.707107 -0.137950
v 0.544895 -0.831470 -0.108386
v 0.375330 -0.923880 -0.074658
v 0.191342 -0.980785 -0.038060
v 0.195090 0.980785 0.000000
v 0.382683 0.923880 0.000000
v 0.555570 0.831470 0.000000
v 0.707107 0.707107 -0.000000
v 0.831469 0.555570 0.000000
v 0.923879 0.382683 -0.000000
v 0.980785 0.195090 0.000000
v 1.000000 0.000000 0.000000
v 0.980785 -0.195090 0.000000
v 0.923879 -0.382683 -0.000000
v 0.831469 -0.555570 0.000000
v 0.707107 -0.707107 -0.000000
v 0.555570 -0.831470 0.000000
v 0.382683 -0.923880 0.000000
v 0.195090 -0.980785 0.000000
v 0.191342 0.980785 0.038060
v 0.375330 0.923880 0.074658
v 0.544895 0.831470 0.108386
v 0.693520 0.707107 0.137950
v 0.815493 0.555570 0.162212
v 0.906127 0.382683 0.180240
v 0.961940 0.195090 0.191342
v 0.980785 0.000000 0.195090
v 0.961940 -0.195090 0.191342
v 0.906127 -0.382683 0.180240
v 0.815493 -0.555570 0.162212
v 0.693520 -0.707107 0.137950
v 0.544895 -0.831470 0.108386
v 0.375330 -0.923880 0.074658
v 0.191342 -0.980785 0.038060
v 0.180240 0.980785 0.074658
v 0.353553 0.923880 0.146447
v 0.513280 0.831470 0.212608
v 0.653281 0.707107 0.270598
v 0.768178 0.555570 0.318190
v 0.853553 0.382683 0.353553
v 0.906127 0.195090 0.375330
v 0.923879 0.000000 0.382683
v 0.906127 -0.195090 0.375330
v 0.853553 -0.382683 0.353553
v 0.768178 -0.555570 0.318190
v 0.653281 -0.707107 0.270598
v 0.513280 -0.831470 0.212608
v 0.353553 -0.923880 0.146447
v 0.180240 -0.980785 0.074658
v 0.162212 0.980785 0.108386
v 0.318190 0.923880 0.212608
v 0.461940 0.831470 0.308658
v 0.587938 0.707107 0.392847
v 0.691341 0.555570 0.461940
v 0.768178 0.382683 0.513280
v 0.815493 0.195090 0.544895
v 0.831469 0.000000 0.555570
v 0.815493 -0.195090 0.544895
v 0.768178 -0.382683 0.513280
v 0.691341 -0.555570 0.461940
v 0.587938 -0.707107 0.392847
v 0.461940 -0.831470 0.308658
v 0.318190 -0.923880 0.212608
v 0.162212 -0.980785 0.108386
v 0.137950 0.980785 0.137950
v 0.270598 0.923880 0.270598
v 0.392847 0.831470 0.392847
v 0.500000 0.707107 0.500000
v 0.587938 0.555570 0.587938
v 0.653281 0.382683 0.653281
v 0.693520 0.195090 0.693520
v 0.707106 0.000000 0.707107
v 0.693520 -0.195090 0.693520
v 0.653281 -0.382683 0.653281
v 0.587938 -0.555570 0.587938
v 0.500000 -0.707107 0.500000
v 0.392847 -0.831470 0.392847
v 0.270598 -0.923880 0.270598
v 0.137950 -0.980785 0.137950
v 0.108386 0.980785 0.162212
v 0.212607 0.923880 0.318190
v 0.308658 0.831470 0.461940
v 0.392847 0.707107 0.587938
v 0.461940 0.555570 0.691342
v 0.513280 0.382683 0.768178
v 0.544895 0.195090 0.815493
v 0.555570 0.000000 0.831469
v 0.544895 -0.195090 0.815493
v 0.513280 -0.382683 0.768178
v 0.461940 -0.555570 0.691342
v 0.392847 -0.707107 0.587938
v 0.308658 -0.831470 0.461940
v 0.212607 -0.923880 0.318190
v 0.108386 -0.980785 0.162212
v 0.074658 0.980785 0.180240
v 0.146447 0.923880 0.353553
v 0.212607 0.831470 0.513280
v 0.270598 0.707107 0.653281
v 0.318189 0.555570 0.768178
v 0.353553 0.382683 0.853553
v 0.375330 0.195090 0.906127
v 0.382683 0.000000 0.923879
v 0.375330 -0.195090 0.906127
v 0.353553 -0.382683 0.853553
v 0.318189 -0.555570 0.768178
v 0.270598 -0.707107 0.653281
v 0.212607 -0.831470 0.513280
v 0.146447 -0.923880 0.353553
v 0.074658 -0.980785 0.180240
v 0.038060 0.980785 0.191342
v 0.074658 0.923880 0.375330
v 0.108386 0.831470 0.544895
v 0.137950 0.707107 0.693520
v 0.162212 0.555570 0.815493
v 0.180240 0.382683 0.906127
v 0.191342 0.195090 0.961939
v 0.195090 0.000000 0.980785
v 0.191342 -0.195090 0.961939
v 0.180240 -0.382683 0.906127
v 0.162212 -0.555570 0.815493
v 0.137950 -0.707107 0.693520
v 0.108386 -0.831470 0.544895
v 0.074658 -0.923880 0.375330
v 0.038060 -0.980785 0.191342
v -0.000000 0.980785 0.195090
v -0.000000 0.923880 0.382683
v -0.000000 0.831470 0.555570
v -0.000000 0.707107 0.707107
v -0.000000 0.555570 0.831469
v 0.000000 0.382683 0.923879
v -0.000000 0.195090 0.980785
v -0.000000 0.000000 0.999999
v -0.000000 -0.195090 0.980785
v 0.000000 -0.382683 0.923879
v -0.000000 -0.555570 0.831469
v -0.000000 -0.707107 0.707107
v -0.000000 -0.831470 0.555570
v -0.000000 -0.923880 0.382683
v -0.000000 -0.980785 0.195090
v -0.038060 0.980785 0.191342
v -0.074658 0.923880 0.375330
v -0.108386 0.831470 0.544895
v -0.137950 0.707107 0.693520
v -0.162212 0.555570 0.815493
v -0.180240 0.382683 0.906127
v -0.191342 0.195090 0.961939
v -0.195091 0.000000 0.980785
v -0.191342 -0.195090 0.961939
v -0.180240 -0.382683 0.906127
v -0.162212 -0.555570 0.815493
v -0.137950 -0.707107 0.693520
v -0.108386 -0.831470 0.544895
v -0.074658 -0.923880 0.375330
v -0.038060 -0.980785 0.191342
v -0.074658 0.980785 0.180240
v -0.146447 0.923880 0.353553
v -0.212608 0.831470 0.513280
v -0.270598 0.707107 0.653281
v -0.318190 0.555570 0.768177
v -0.353553 0.382683 0.853553
v -0.375330 0.195090 0.906127
v -0.382683 0.000000 0.923879
v -0.375330 -0.195090 0.906127
v -0.353553 -0.382683 0.853553
v -0.318190 -0.555570 0.768177
v -0.270598 -0.707107 0.653281
v -0.212608 -0.831470 0.513280
v -0.146447 -0.923880 0.353553
v -0.074658 -0.980785 0.180240
v -0.108386 0.980785 0.162212
v -0.212608 0.923880 0.318190
v -0.308658 0.831470 0.461939
v -0.392847 0.707107 0.587938
v -0.461940 0.555570 0.691341
v -0.513280 0.382683 0.768178
v -0.544895 0.195090 0.815493
v -0.555570 0.000000 0.831469
v -0.544895 -0.195090 0.815493
v -0.513280 -0.382683 0.768178
v -0.461940 -0.555570 0.691341
v -0.392847 -0.707107 0.587938
v -0.308658 -0.831470 0.461939
v -0.212608 -0.923880 0.318190
v -0.108386 -0.980785 0.162212
v -0.137950 0.980785 0.137950
v -0.270598 0.923880 0.270598
v -0.392847 0.831470 0.392847
v -0.500000 0.707107 0.500000
v -0.587938 0.555570 0.587937
v -0.653281 0.382683 0.653281
v -0.693520 0.195090 0.693520
v -0.707106 0.000000 0.707106
v -0.693520 -0.195090 0.693520
v -0.653281 -0.382683 0.653281
v -0.587938 -0.555570 0.587937
v -0.500000 -0.707107 0.500000
v -0.392847 -0.831470 0.392847
v -0.270598 -0.923880 0.270598
v -0.137950 -0.980785 0.137950
v -0.162212 0.980785 0.108386
v -0.318190 0.923880 0.212607
v -0.461940 0.831470 0.308658
v -0.587938 0.707107 0.392847
v -0.691341 0.555570 0.461939
v -0.768177 0.382683 0.513280
v -0.815493 0.195090 0.544895
v -0.831469 0.000000 0.555569
v -0.815493 -0.195090 0.544895
v -0.768177 -0.382683 0.513280
v -0.691341 -0.555570 0.461939
v -0.587938 -0.707107 0.392847
v -0.461940 -0.831470 0.308658
v -0.318190 -0.923880 0.212607
v -0.162212 -0.980785 0.108386
v -0.180240 0.980785 0.074658
v -0.353553 0.923880 0.146447
v -0.513280 0.831470 0.212607
v -0.653281 0.707107 0.270598
v -0.768177 0.555570 0.318189
v -0.853553 0.382683 0.353553
v -0.906127 0.195090 0.375330
v -0.923879 0.000000 0.382683
v -0.906127 -0.195090 0.375330
v -0.853553 -0.382683 0.353553
v -0.768177 -0.555570 0.318189
v -0.653281 -0.707107 0.270598
v -0.513280 -0.831470 0.212607
v -0.353553 -0.923880 0.146447
v -0.180240 -0.980785 0.074658
v -0.191342 0.980785 0.038060
v -0.375330 0.923880 0.074658
v -0.544895 0.831470 0.108386
v -0.693520 0.707107 0.137950
v -0.815493 0.555570 0.162211
v -0.906127 0.382683 0.180240
v -0.961939 0.195090 0.191341
v -0.980784 0.000000 0.195090
v -0.961939 -0.195090 0.191341
v -0.906127 -0.382683 0.180240
v -0.815493 -0.555570 0.162211
v -0.693520 -0.707107 0.137950
v -0.544895 -0.831470 0.108386
v -0.375330 -0.923880 0.074658
v -0.191342 -0.980785 0.038060
v -0.195090 0.980785 -0.000000
v -0.382683 0.923880 -0.000000
v -0.555570 0.831470 -0.000000
v -0.707107 0.707107 -0.000000
v -0.831469 0.555570 -0.000000
v -0.923879 0.382683 -0.000000
v -0.980785 0.195090 -0.000000
v -0.999999 0.000000 -0.000000
v -0.980785 -0.195090 -0.000000
v -0.923879 -0.382683 -0.000000
v -0.831469 -0.555570 -0.000000
v -0.707107 -0.707107 -0.000000
v -0.555570 -0.831470 -0.000000
v -0.382683 -0.923880 -0.000000
v -0.195090 -0.980785 -0.000000
v -0.191342 0.980785 -0.038060
v -0.375330 0.923880 -0.074658
v -0.544895 0.831470 -0.108386
v -0.693520 0.707107 -0.137950
v -0.815493 0.555570 -0.162212
v -0.906127 0.382683 -0.180240
v -0.961939 0.195090 -0.191342
v -0.980784 0.000000 -0.195091
v -0.961939 -0.195090 -0.191342
v -0.906127 -0.382683 -0.180240
v -0.815493 -0.555570 -0.162212
v -0.693520 -0.707107 -0.137950
v -0.544895 -0.831470 -0.108386
v -0.375330 -0.923880 -0.074658
v -0.191342 -0.980785 -0.038060
v -0.180240 0.980785 -0.074658
v -0.353553 0.923880 -0.146447
v -0.513279 0.831470 -0.212607
v -0.653281 0.707107 -0.270598
v -0.768177 0.555570 -0.318190
v -0.853553 0.382683 -0.353553
v -0.906127 0.195090 -0.375330
v -0.923878 0.000000 -0.382683
v -0.906127 -0.195090 -0.375330
v -0.853553 -0.382683 -0.353553
v -0.768177 -0.555570 -0.318190
v -0.653281 -0.707107 -0.270598
v -0.513279 -0.831470 -0.212607
v -0.353553 -0.923880 -0.146447
v -0.180240 -0.980785 -0.074658
v -0.162212 0.980785 -0.108386
v -0.318189 0.923880 -0.212607
v -0.461939 0.831470 -0.308658
v -0.587938 0.707107 -0.392847
v -0.691341 0.555570 -0.461940
v -0.768177 0.382683 -0.513280
v -0.815493 0.195090 -0.544895
v -0.831468 0.000000 -0.555570
v -0.815493 -0.195090 -0.544895
v -0.768177 -0.382683 -0.513280
v -0.691341 -0.555570 -0.461940
v -0.587938 -0.707107 -0.392847
v -0.461939 -0.831470 -0.308658
v -0.318189 -0.923880 -0.212607
v -0.162212 -0.980785 -0.108386
v -0.137950 0.980785 -0.137950
v -0.270598 0.923880 -0.270598
v -0.392847 0.831470 -0.392847
v -0.500000 0.707107 -0.500000
v -0.587937 0.555570 -0.587938
v -0.653281 0.382683 -0.653281
v -0.693519 0.195090 -0.693520
v -0.707106 0.000000 -0.707106
v -0.693519 -0.195090 -0.693520
v -0.653281 -0.382683 -0.653281
v -0.587937 -0.555570 -0.587938
v -0.500000 -0.707107 -0.500000
v -0.392847 -0.831470 -0.392847
v -0.270598 -0.923880 -0.270598
v -0.137950 -0.980785 -0.137950
v -0.108386 0.980785 -0.162212
v -0.212607 0.923880 -0.318190
v -0.308658 0.831470 -0.461939
v -0.392847 0.707107 -0.587938
v -0.461939 0.555570 -0.691341
v -0.513280 0.382683 -0.768177
v -0.544895 0.195090 -0.815493
v -0.555569 0.000000 -0.831469
v -0.544895 -0.195090 -0.815493
v -0.513280 -0.382683 -0.768177
v -0.461939 -0.555570 -0.691341
v -0.392847 -0.707107 -0.587938
v -0.308658 -0.831470 -0.461939
v -0.212607 -0.923880 -0.318190
v -0.108386 -0.980785 -0.162212
v -0.074658 0.980785 -0.180240
v -0.146446 0.923880 -0.353553
v -0.212607 0.831470 -0.513279
v -0.270598 0.707107 -0.653281
v -0.318189 0.555570 -0.768177
v -0.353553 0.382683 -0.853553
v -0.375330 0.195090 -0.906127
v -0.382683 0.000000 -0.923879
v -0.375330 -0.195090 -0.906127
v -0.353553 -0.382683 -0.853553
v -0.318189 -0.555570 -0.768177
v -0.270598 -0.707107 -0.653281
v -0.212607 -0.831470 -0.513279
v -0.146446 -0.923880 -0.353553
v -0.074658 -0.980785 -0.180240
v -0.038060 0.980785 -0.191342
v -0.074658 0.923880 -0.375330
v -0.108386 0.831470 -0.544895
v -0.137950 0.707107 -0.693520
v -0.162211 0.555570 -0.815493
v -0.180240 0.382683 -0.906127
v -0.191341 0.195090 -0.961939
v -0.195090 0.000000 -0.980784
v -0.191341 -0.195090 -0.961939
v -0.180240 -0.382683 -0.906127
v -0.162211 -0.555570 -0.815493
v -0.137950 -0.707107 -0.693520
v -0.108386 -0.831470 -0.544895
v -0.074658 -0.923880 -0.375330
v -0.038060 -0.980785 -0.191342
v 0.000000 0.980785 -0.195090
v 0.000000 0.923880 -0.382683
v 0.000000 0.707107 -0.707107
v 0.000000 0.382683 -0.923879
v 0.000000 -0.382683 -0.923879
v 0.000000 -0.707107 -0.707107
v 0.000000 -0.831470 -0.555570
v 0.000000 -0.923880 -0.382683
v 0.000000 -0.980785 -0.195090
vn 0.0938 0.2890 -0.9527
vn 0.0286 -0.9565 -0.2902
vn 0.0975 0.0975 -0.9904
vn 0.0097 0.9951 -0.0980
vn 0.0097 -0.9951 -0.0980
vn 0.0975 -0.0976 -0.9904
vn 0.0286 0.9565 -0.2902
vn 0.0938 -0.2890 -0.9527
vn 0.0464 0.8810 -0.4709
vn 0.0865 -0.4696 -0.8786
vn 0.0624 0.7715 -0.6332
vn 0.0759 -0.6326 -0.7708
vn 0.0759 0.6326 -0.7708
vn 0.0624 -0.7715 -0.6332
vn 0.0865 0.4696 -0.8786
vn 0.0464 -0.8810 -0.4709
vn 0.1847 -0.7715 -0.6088
vn 0.2563 0.4696 -0.8448
vn 0.1374 -0.8810 -0.4528
vn 0.2779 0.2890 -0.9161
vn 0.0846 -0.9565 -0.2790
vn 0.2889 0.0976 -0.9524
vn 0.0286 0.9951 -0.0942
vn 0.0286 -0.9951 -0.0942
vn 0.2889 -0.0976 -0.9524
vn 0.0846 0.9565 -0.2790
vn 0.2779 -0.2890 -0.9161
vn 0.1374 0.8810 -0.4528
vn 0.2563 -0.4696 -0.8448
vn 0.1847 0.7715 -0.6088
vn 0.2248 -0.6326 -0.7412
vn 0.2248 0.6326 -0.7412
vn 0.4513 -0.2890 -0.8443
vn 0.2231 0.8810 -0.4173
vn 0.4162 -0.4696 -0.7786
vn 0.2999 0.7715 -0.5611
vn 0.3651 -0.6326 -0.6831
vn 0.3651 0.6326 -0.6831
vn 0.2999 -0.7715 -0.5611
vn 0.4162 0.4696 -0.7786
vn 0.2230 -0.8810 -0.4173
vn 0.4513 0.2890 -0.8443
vn 0.1374 -0.9565 -0.2571
vn 0.4691 0.0975 -0.8777
vn 0.0464 0.9951 -0.0869
vn 0.0464 -0.9951 -0.0869
vn 0.4691 -0.0975 -0.8777
vn 0.1374 0.9565 -0.2571
vn 0.3002 -0.8810 -0.3658
vn 0.6073 0.2890 -0.7400
vn 0.1850 -0.9565 -0.2254
vn 0.6314 0.0975 -0.7693
vn 0.0625 0.9951 -0.0761
vn 0.0625 -0.9951 -0.0761
vn 0.6314 -0.0975 -0.7693
vn 0.1850 0.9565 -0.2254
vn 0.6073 -0.2890 -0.7400
vn 0.3002 0.8810 -0.3658
vn 0.5601 -0.4696 -0.6825
vn 0.4036 0.7715 -0.4918
vn 0.4913 -0.6326 -0.5987
vn 0.4913 0.6326 -0.5987
vn 0.4036 -0.7715 -0.4918
vn 0.5601 0.4696 -0.6825
vn 0.3658 0.8810 -0.3002
vn 0.6825 -0.4696 -0.5601
vn 0.4918 0.7715 -0.4036
vn 0.5987 -0.6326 -0.4913
vn 0.5987 0.6326 -0.4913
vn 0.4918 -0.7715 -0.4036
vn 0.6825 0.4696 -0.5601
vn 0.3658 -0.8810 -0.3002
vn 0.7400 0.2890 -0.6073
vn 0.2254 -0.9566 -0.1850
vn 0.7693 0.0975 -0.6314
vn 0.0761 0.9951 -0.0625
vn 0.0761 -0.9951 -0.0625
vn 0.7693 -0.0975 -0.6314
vn 0.2254 0.9565 -0.1850
vn 0.7400 -0.2890 -0.6073
vn 0.8443 0.2890 -0.4513
vn 0.2571 -0.9565 -0.1374
vn 0.8777 0.0975 -0.4691
vn 0.0869 0.9951 -0.0464
vn 0.0869 -0.9951 -0.0464
vn 0.8777 -0.0975 -0.4691
vn 0.2571 0.9565 -0.1374
vn 0.8443 -0.2890 -0.4513
vn 0.4173 0.8810 -0.2230
vn 0.7786 -0.4696 -0.4162
vn 0.5611 0.7715 -0.2999
vn 0.6831 -0.6326 -0.3651
vn 0.6831 0.6326 -0.3651
vn 0.5611 -0.7715 -0.2999
vn 0.7786 0.4696 -0.4162
vn 0.4173 -0.8810 -0.2230
vn 0.8448 -0.4696 -0.2563
vn 0.6088 0.7715 -0.1847
vn 0.7412 -0.6326 -0.2248
vn 0.7412 0.6326 -0.2248
vn 0.6088 -0.7715 -0.1847
vn 0.8448 0.4696 -0.2563
vn 0.4528 -0.8810 -0.1374
vn 0.9161 0.2890 -0.2779
vn 0.2790 -0.9565 -0.0846
vn 0.9524 0.0975 -0.2889
vn 0.0942 0.9951 -0.0286
vn 0.0942 -0.9951 -0.0286
vn 0.9524 -0.0975 -0.2889
vn 0.2790 0.9565 -0.0846
vn 0.9161 -0.2890 -0.2779
vn 0.4528 0.8810 -0.1374
vn 0.2902 -0.9565 -0.0286
vn 0.9904 0.0975 -0.0975
vn 0.0980 0.9951 -0.0097
vn 0.0980 -0.9951 -0.0097
vn 0.9904 -0.0975 -0.0975
vn 0.2902 0.9565 -0.0286
vn 0.9527 -0.2890 -0.0938
vn 0.4709 0.8810 -0.0464
vn 0.8786 -0.4696 -0.0865
vn 0.6332 0.7715 -0.0624
vn 0.7708 -0.6326 -0.0759
vn 0.7708 0.6326 -0.0759
vn 0.6332 -0.7715 -0.0624
vn 0.8786 0.4696 -0.0865
vn 0.4709 -0.8810 -0.0464
vn 0.9527 0.2890 -0.0938
vn 0.6332 0.7715 0.0624
vn 0.7708 -0.6326 0.0759
vn 0.7708 0.6326 0.0759
vn 0.6332 -0.7715 0.0624
vn 0.8786 0.4696 0.0865
vn 0.4709 -0.8810 0.0464
vn 0.9527 0.2890 0.0938
vn 0.2902 -0.9565 0.0286
vn 0.9904 0.0975 0.0976
vn 0.0980 0.9951 0.0097
vn 0.0980 -0.9951 0.0097
vn 0.9904 -0.0975 0.0976
vn 0.2902 0.9565 0.0286
vn 0.9527 -0.2890 0.0938
vn 0.4709 0.8810 0.0464
vn 0.8786 -0.4696 0.0865
vn 0.9524 0.0975 0.2889
vn 0.0942 0.9951 0.0286
vn 0.0942 -0.9951 0.0286
vn 0.9524 -0.0975 0.2889
vn 0.2790 0.9565 0.0846
vn 0.9161 -0.2890 0.2779
vn 0.4528 0.8810 0.1374
vn 0.8448 -0.4696 0.2563
vn 0.6088 0.7715 0.1847
vn 0.7412 -0.6326 0.2248
vn 0.7412 0.6326 0.2248
vn 0.6088 -0.7715 0.1847
vn 0.8448 0.4696 0.2563
vn 0.4528 -0.8810 0.1374
vn 0.9161 0.2890 0.2779
vn 0.2790 -0.9565 0.0846
vn 0.6831 -0.6326 0.3651
vn 0.6831 0.6326 0.3651
vn 0.5611 -0.7715 0.2999
vn 0.7786 0.4696 0.4162
vn 0.4173 -0.8810 0.2230
vn 0.8443 0.2890 0.4513
vn 0.2571 -0.9565 0.1374
vn 0.8777 0.0975 0.4691
vn 0.0869 0.9951 0.0464
vn 0.0869 -0.9951 0.0464
vn 0.8777 -0.0975 0.4691
vn 0.2571 0.9565 0.1374
vn 0.8443 -0.2890 0.4513
vn 0.4173 0.8810 0.2231
vn 0.7786 -0.4696 0.4162
vn 0.5611 0.7715 0.2999
vn 0.0761 -0.9951 0.0625
vn 0.7693 -0.0975 0.6314
vn 0.2254 0.9565 0.1850
vn 0.7400 -0.2890 0.6073
vn 0.3658 0.8810 0.3002
vn 0.6825 -0.4696 0.5601
vn 0.4918 0.7715 0.4036
vn 0.5987 -0.6326 0.4913
vn 0.5987 0.6326 0.4913
vn 0.4918 -0.7715 0.4036
vn 0.6825 0.4696 0.5601
vn 0.3658 -0.8810 0.3002
vn 0.7400 0.2890 0.6073
vn 0.2254 -0.9565 0.1850
vn 0.7693 0.0975 0.6314
vn 0.0761 0.9951 0.0625
vn 0.4036 -0.7715 0.4918
vn 0.5601 0.4696 0.6825
vn 0.3002 -0.8810 0.3658
vn 0.6073 0.2890 0.7400
vn 0.1850 -0.9565 0.2254
vn 0.6314 0.0975 0.7693
vn 0.0625 0.9951 0.0761
vn 0.0625 -0.9951 0.0761
vn 0.6314 -0.0975 0.7693
vn 0.1850 0.9565 0.2254
vn 0.6073 -0.2890 0.7400
vn 0.3002 0.8810 0.3658
vn 0.5601 -0.4696 0.6825
vn 0.4036 0.7715 0.4918
vn 0.4913 -0.6326 0.5987
vn 0.4913 0.6326 0.5987
vn 0.1374 0.9565 0.2571
vn 0.4513 -0.2890 0.8443
vn 0.2230 0.8810 0.4173
vn 0.4162 -0.4696 0.7786
vn 0.2999 0.7715 0.5611
vn 0.3651 -0.6326 0.6831
vn 0.3651 0.6326 0.6831
vn 0.2999 -0.7715 0.5611
vn 0.4162 0.4696 0.7786
vn 0.2230 -0.8810 0.4173
vn 0.4513 0.2890 0.8443
vn 0.1374 -0.9565 0.2571
vn 0.4691 0.0975 0.8777
vn 0.0464 0.9951 0.0869
vn 0.0464 -0.9951 0.0869
vn 0.4691 -0.0975 0.8777
vn 0.2563 0.4696 0.8448
vn 0.1374 -0.8810 0.4528
vn 0.2779 0.2890 0.9161
vn 0.0846 -0.9565 0.2790
vn 0.2889 0.0975 0.9524
vn 0.0286 0.9951 0.0942
vn 0.0286 -0.9951 0.0942
vn 0.2889 -0.0975 0.9524
vn 0.0846 0.9565 0.2790
vn 0.2779 -0.2890 0.9161
vn 0.1374 0.8810 0.4528
vn 0.2563 -0.4696 0.8448
vn 0.1847 0.7715 0.6088
vn 0.2248 -0.6326 0.7412
vn 0.2248 0.6326 0.7412
vn 0.1847 -0.7715 0.6088
vn 0.0938 -0.2890 0.9527
vn 0.0464 0.8810 0.4709
vn 0.0865 -0.4696 0.8786
vn 0.0624 0.7715 0.6332
vn 0.0759 -0.6326 0.7708
vn 0.0759 0.6326 0.7708
vn 0.0624 -0.7715 0.6332
vn 0.0865 0.4696 0.8786
vn 0.0464 -0.8810 0.4709
vn 0.0938 0.2890 0.9527
vn 0.0286 -0.9565 0.2902
vn 0.0975 0.0975 0.9904
vn 0.0097 0.9951 0.0980
vn 0.0097 -0.9951 0.0980
vn 0.0975 -0.0975 0.9904
vn 0.0286 0.9565 0.2902
vn -0.0464 -0.8810 0.4709
vn -0.0938 0.2890 0.9527
vn -0.0286 -0.9565 0.2902
vn -0.0976 0.0975 0.9904
vn -0.0097 0.9951 0.0980
vn -0.0097 -0.9951 0.0980
vn -0.0975 -0.0975 0.9904
vn -0.0286 0.9565 0.2902
vn -0.0938 -0.2890 0.9527
vn -0.0464 0.8810 0.4709
vn -0.0865 -0.4696 0.8786
vn -0.0624 0.7715 0.6332
vn -0.0759 -0.6326 0.7708
vn -0.0759 0.6326 0.7708
vn -0.0624 -0.7715 0.6332
vn -0.0865 0.4696 0.8786
vn -0.1374 0.8810 0.4528
vn -0.2563 -0.4696 0.8448
vn -0.1847 0.7715 0.6088
vn -0.2248 -0.6326 0.7412
vn -0.2248 0.6326 0.7412
vn -0.1847 -0.7715 0.6088
vn -0.2563 0.4696 0.8448
vn -0.1374 -0.8810 0.4528
vn -0.2779 0.2890 0.9161
vn -0.0846 -0.9565 0.2790
vn -0.2889 0.0975 0.9524
vn -0.0286 0.9951 0.0942
vn -0.0286 -0.9951 0.0942
vn -0.2889 -0.0975 0.9524
vn -0.0846 0.9565 0.2790
vn -0.2779 -0.2890 0.9161
vn -0.4513 0.2890 0.8443
vn -0.1374 -0.9565 0.2571
vn -0.4691 0.0975 0.8777
vn -0.0464 0.9951 0.0869
vn -0.0464 -0.9951 0.0869
vn -0.4691 -0.0975 0.8777
vn -0.1374 0.9565 0.2571
vn -0.4513 -0.2890 0.8443
vn -0.2230 0.8810 0.4173
vn -0.4162 -0.4696 0.7786
vn -0.2999 0.7715 0.5611
vn -0.3651 -0.6326 0.6831
vn -0.3651 0.6326 0.6831
vn -0.2999 -0.7715 0.5611
vn -0.4162 0.4696 0.7786
vn -0.2230 -0.8810 0.4173
vn -0.5601 -0.4696 0.6825
vn -0.4036 0.7715 0.4918
vn -0.4913 -0.6326 0.5987
vn -0.4913 0.6326 0.5987
vn -0.4036 -0.7715 0.4918
vn -0.5601 0.4696 0.6825
vn -0.3002 -0.8810 0.3658
vn -0.6073 0.2890 0.7400
vn -0.1850 -0.9565 0.2254
vn -0.6314 0.0975 0.7693
vn -0.0625 0.9951 0.0761
vn -0.0625 -0.9951 0.0761
vn -0.6314 -0.0975 0.7693
vn -0.1850 0.9565 0.2254
vn -0.6073 -0.2890 0.7400
vn -0.3002 0.8810 0.3658
vn -0.2254 -0.9566 0.1850
vn -0.7693 0.0975 0.6314
vn -0.0761 0.9951 0.0625
vn -0.0761 -0.9951 0.0625
vn -0.7693 -0.0975 0.6314
vn -0.2254 0.9565 0.1850
vn -0.7400 -0.2890 0.6073
vn -0.3658 0.8810 0.3002
vn -0.6825 -0.4696 0.5601
vn -0.4918 0.7715 0.4036
vn -0.5987 -0.6326 0.4913
vn -0.5987 0.6326 0.4913
vn -0.4918 -0.7715 0.4036
vn -0.6825 0.4696 0.5601
vn -0.3658 -0.8810 0.3002
vn -0.7400 0.2890 0.6073
vn -0.6831 -0.6326 0.3651
vn -0.6831 0.6326 0.3651
vn -0.5611 -0.7715 0.2999
vn -0.7786 0.4696 0.4162
vn -0.4173 -0.8810 0.2231
vn -0.8443 0.2890 0.4513
vn -0.2571 -0.9565 0.1374
vn -0.8777 0.0975 0.4691
vn -0.0869 0.9951 0.0464
vn -0.0869 -0.9951 0.0464
vn -0.8777 -0.0975 0.4691
vn -0.2571 0.9565 0.1374
vn -0.8443 -0.2890 0.4513
vn -0.4173 0.8810 0.2230
vn -0.7786 -0.4696 0.4162
vn -0.5611 0.7715 0.2999
vn -0.0942 0.9951 0.0286
vn -0.0942 -0.9951 0.0286
vn -0.9524 -0.0975 0.2889
vn -0.2790 0.9565 0.0846
vn -0.9161 -0.2890 0.2779
vn -0.4528 0.8810 0.1374
vn -0.8448 -0.4696 0.2563
vn -0.6088 0.7715 0.1847
vn -0.7412 -0.6326 0.2248
vn -0.7412 0.6326 0.2248
vn -0.6088 -0.7715 0.1847
vn -0.8448 0.4696 0.2563
vn -0.4528 -0.8810 0.1374
vn -0.9161 0.2890 0.2779
vn -0.2790 -0.9565 0.0846
vn -0.9524 0.0975 0.2889
vn -0.7708 0.6326 0.0759
vn -0.6332 -0.7715 0.0624
vn -0.8786 0.4696 0.0865
vn -0.4709 -0.8810 0.0464
vn -0.9527 0.2890 0.0938
vn -0.2902 -0.9565 0.0286
vn -0.9904 0.0975 0.0975
vn -0.0980 0.9951 0.0097
vn -0.0980 -0.9951 0.0097
vn -0.9904 -0.0975 0.0976
vn -0.2902 0.9565 0.0286
vn -0.9527 -0.2890 0.0938
vn -0.4709 0.8810 0.0464
vn -0.8786 -0.4696 0.0865
vn -0.6332 0.7715 0.0624
vn -0.7708 -0.6326 0.0759
vn -0.9904 -0.0975 -0.0976
vn -0.2902 0.9565 -0.0286
vn -0.9527 -0.2890 -0.0938
vn -0.4709 0.8810 -0.0464
vn -0.8786 -0.4696 -0.0865
vn -0.6332 0.7715 -0.0624
vn -0.7708 -0.6326 -0.0759
vn -0.7708 0.6326 -0.0759
vn -0.6332 -0.7715 -0.0624
vn -0.8786 0.4696 -0.0865
vn -0.4709 -0.8810 -0.0464
vn -0.9527 0.2890 -0.0938
vn -0.2902 -0.9565 -0.0286
vn -0.9904 0.0975 -0.0975
vn -0.0980 0.9951 -0.0097
vn -0.0980 -0.9951 -0.0097
vn -0.6088 -0.7715 -0.1847
vn -0.8448 0.4696 -0.2563
vn -0.4528 -0.8810 -0.1374
vn -0.9161 0.2890 -0.2779
vn -0.2790 -0.9565 -0.0846
vn -0.9524 0.0975 -0.2889
vn -0.0942 0.9951 -0.0286
vn -0.0942 -0.9951 -0.0286
vn -0.9524 -0.0975 -0.2889
vn -0.2790 0.9565 -0.0846
vn -0.9161 -0.2890 -0.2779
vn -0.4528 0.8810 -0.1374
vn -0.8448 -0.4696 -0.2563
vn -0.6088 0.7715 -0.1847
vn -0.7412 -0.6326 -0.2248
vn -0.7412 0.6326 -0.2248
vn -0.2571 0.9565 -0.1374
vn -0.8443 -0.2890 -0.4513
vn -0.4173 0.8810 -0.2231
vn -0.7786 -0.4696 -0.4162
vn -0.5611 0.7715 -0.2999
vn -0.6831 -0.6326 -0.3651
vn -0.6831 0.6326 -0.3651
vn -0.5611 -0.7715 -0.2999
vn -0.7786 0.4696 -0.4162
vn -0.4173 -0.8810 -0.2231
vn -0.8443 0.2890 -0.4513
vn -0.2571 -0.9565 -0.1374
vn -0.8777 0.0975 -0.4691
vn -0.0869 0.9951 -0.0464
vn -0.0869 -0.9951 -0.0464
vn -0.8777 -0.0975 -0.4691
vn -0.6825 0.4696 -0.5601
vn -0.3658 -0.8810 -0.3002
vn -0.7400 0.2890 -0.6073
vn -0.2254 -0.9565 -0.1850
vn -0.7693 0.0975 -0.6314
vn -0.0761 0.9951 -0.0625
vn -0.0761 -0.9951 -0.0625
vn -0.7693 -0.0975 -0.6314
vn -0.2254 0.9565 -0.1850
vn -0.7400 -0.2890 -0.6073
vn -0.3658 0.8810 -0.3002
vn -0.6825 -0.4696 -0.5601
vn -0.4918 0.7715 -0.4036
vn -0.5987 -0.6326 -0.4913
vn -0.5987 0.6326 -0.4913
vn -0.4918 -0.7715 -0.4036
vn -0.6073 -0.2890 -0.7400
vn -0.3002 0.8810 -0.3658
vn -0.5601 -0.4696 -0.6825
vn -0.4036 0.7715 -0.4918
vn -0.4913 -0.6326 -0.5987
vn -0.4913 0.6326 -0.5987
vn -0.4036 -0.7715 -0.4918
vn -0.5601 0.4696 -0.6825
vn -0.3002 -0.8810 -0.3658
vn -0.6073 0.2890 -0.7400
vn -0.1850 -0.9565 -0.2254
vn -0.6314 0.0975 -0.7693
vn -0.0625 0.9951 -0.0761
vn -0.0625 -0.9951 -0.0761
vn -0.6314 -0.0975 -0.7693
vn -0.1850 0.9565 -0.2254
vn -0.2230 -0.8810 -0.4173
vn -0.4513 0.2890 -0.8443
vn -0.1374 -0.9565 -0.2571
vn -0.4691 0.0975 -0.8777
vn -0.0464 0.9951 -0.0869
vn -0.0464 -0.9951 -0.0869
vn -0.4691 -0.0975 -0.8777
vn -0.1374 0.9565 -0.2571
vn -0.4513 -0.2890 -0.8443
vn -0.2230 0.8810 -0.4173
vn -0.4162 -0.4696 -0.7786
vn -0.2999 0.7715 -0.5611
vn -0.3651 -0.6326 -0.6831
vn -0.3651 0.6326 -0.6831
vn -0.2999 -0.7715 -0.5611
vn -0.4162 0.4696 -0.7786
vn -0.2563 -0.4696 -0.8448
vn -0.1847 0.7715 -0.6088
vn -0.2248 -0.6326 -0.7412
vn -0.2248 0.6326 -0.7412
vn -0.1847 -0.7715 -0.6088
vn -0.2563 0.4696 -0.8448
vn -0.1374 -0.8810 -0.4528
vn -0.2779 0.2890 -0.9161
vn -0.0846 -0.9565 -0.2790
vn -0.2889 0.0975 -0.9524
vn -0.0286 0.9951 -0.0942
vn -0.0286 -0.9951 -0.0942
vn -0.2889 -0.0975 -0.9524
vn -0.0846 0.9565 -0.2790
vn -0.2779 -0.2890 -0.9161
vn -0.1374 0.8810 -0.4528
vn -0.0286 -0.9565 -0.2902
vn -0.0976 0.0975 -0.9904
vn -0.0097 0.9951 -0.0980
vn -0.0097 -0.9951 -0.0980
vn -0.0976 -0.0975 -0.9904
vn -0.0286 0.9565 -0.2902
vn -0.0938 -0.2890 -0.9527
vn -0.0464 0.8810 -0.4709
vn -0.0865 -0.4696 -0.8786
vn -0.0624 0.7715 -0.6332
vn -0.0759 -0.6326 -0.7708
vn -0.0759 0.6326 -0.7708
vn -0.0624 -0.7715 -0.6332
vn -0.0865 0.4696 -0.8786
vn -0.0464 -0.8810 -0.4709
vn -0.0938 0.2890 -0.9527
vn 0.0975 0.0976 -0.9904
vn 0.0975 -0.0975 -0.9904
vn 0.2230 0.8810 -0.4173
vn 0.2231 -0.8810 -0.4173
vn 0.2254 -0.9565 -0.1850
vn 0.4173 -0.8810 0.2231
vn 0.4173 0.8810 0.2230
vn 0.2231 -0.8810 0.4173
vn -0.0975 0.0975 0.9904
vn -0.0976 -0.0975 0.9904
vn -0.2231 0.8810 0.4173
vn -0.2231 -0.8810 0.4173
vn -0.2254 -0.9565 0.1850
vn -0.4173 -0.8810 0.2230
vn -0.9904 0.0975 0.0976
vn -0.9904 -0.0975 0.0975
vn -0.9904 -0.0975 -0.0975
vn -0.9904 0.0975 -0.0976
vt 0.750000 0.562500
vt 0.718750 0.625000
vt 0.718750 0.562500
vt 0.750000 0.125000
vt 0.718750 0.062500
vt 0.750000 0.062500
vt 0.718750 0.500000
vt 0.750000 0.500000
vt 0.750000 0.937500
vt 0.734375 1.000000
vt 0.718750 0.937500
vt 0.734375 0.000000
vt 0.718750 0.437500
vt 0.750000 0.437500
vt 0.750000 0.875000
vt 0.718750 0.875000
vt 0.718750 0.375000
vt 0.750000 0.375000
vt 0.750000 0.812500
vt 0.718750 0.812500
vt 0.718750 0.312500
vt 0.750000 0.312500
vt 0.750000 0.750000
vt 0.718750 0.750000
vt 0.718750 0.250000
vt 0.750000 0.250000
vt 0.750000 0.687500
vt 0.718750 0.687500
vt 0.718750 0.187500
vt 0.750000 0.187500
vt 0.750000 0.625000
vt 0.718750 0.125000
vt 0.687500 0.250000
vt 0.687500 0.187500
vt 0.687500 0.625000
vt 0.687500 0.125000
vt 0.687500 0.562500
vt 0.687500 0.062500
vt 0.687500 0.500000
vt 0.703125 1.000000
vt 0.687500 0.937500
vt 0.703125 0.000000
vt 0.687500 0.437500
vt 0.687500 0.875000
vt 0.687500 0.375000
vt 0.687500 0.812500
vt 0.687500 0.312500
vt 0.687500 0.750000
vt 0.687500 0.687500
vt 0.656250 0.375000
vt 0.656250 0.812500
vt 0.656250 0.312500
vt 0.656250 0.750000
vt 0.656250 0.250000
vt 0.656250 0.687500
vt 0.656250 0.187500
vt 0.656250 0.625000
vt 0.656250 0.125000
vt 0.656250 0.562500
vt 0.656250 0.062500
vt 0.656250 0.500000
vt 0.671875 1.000000
vt 0.656250 0.937500
vt 0.671875 0.000000
vt 0.656250 0.437500
vt 0.656250 0.875000
vt 0.625000 0.125000
vt 0.625000 0.625000
vt 0.625000 0.562500
vt 0.625000 0.062500
vt 0.625000 0.500000
vt 0.640625 1.000000
vt 0.625000 0.937500
vt 0.640625 0.000000
vt 0.625000 0.437500
vt 0.625000 0.875000
vt 0.625000 0.375000
vt 0.625000 0.812500
vt 0.625000 0.312500
vt 0.625000 0.750000
vt 0.625000 0.250000
vt 0.625000 0.687500
vt 0.625000 0.187500
vt 0.593750 0.812500
vt 0.593750 0.375000
vt 0.593750 0.312500
vt 0.593750 0.750000
vt 0.593750 0.250000
vt 0.593750 0.687500
vt 0.593750 0.187500
vt 0.593750 0.625000
vt 0.593750 0.125000
vt 0.593750 0.562500
vt 0.593750 0.062500
vt 0.593750 0.500000
vt 0.609375 1.000000
vt 0.593750 0.937500
vt 0.609375 0.000000
vt 0.593750 0.437500
vt 0.593750 0.875000
vt 0.562500 0.625000
vt 0.562500 0.562500
vt 0.562500 0.125000
vt 0.562500 0.062500
vt 0.562500 0.500000
vt 0.578125 1.000000
vt 0.562500 0.937500
vt 0.578125 0.000000
vt 0.562500 0.437500
vt 0.562500 0.875000
vt 0.562500 0.375000
vt 0.562500 0.812500
vt 0.562500 0.312500
vt 0.562500 0.750000
vt 0.562500 0.250000
vt 0.562500 0.687500
vt 0.562500 0.187500
vt 0.531250 0.375000
vt 0.531250 0.312500
vt 0.531250 0.750000
vt 0.531250 0.250000
vt 0.531250 0.687500
vt 0.531250 0.187500
vt 0.531250 0.625000
vt 0.531250 0.125000
vt 0.531250 0.562500
vt 0.531250 0.062500
vt 0.531250 0.500000
vt 0.546875 1.000000
vt 0.531250 0.937500
vt 0.546875 0.000000
vt 0.531250 0.437500
vt 0.531250 0.875000
vt 0.531250 0.812500
vt 0.500000 0.062500
vt 0.500000 0.562500
vt 0.500000 0.500000
vt 0.515625 1.000000
vt 0.500000 0.937500
vt 0.515625 0.000000
vt 0.500000 0.437500
vt 0.500000 0.875000
vt 0.500000 0.375000
vt 0.500000 0.812500
vt 0.500000 0.312500
vt 0.500000 0.750000
vt 0.500000 0.250000
vt 0.500000 0.687500
vt 0.500000 0.187500
vt 0.500000 0.625000
vt 0.500000 0.125000
vt 0.468750 0.750000
vt 0.468750 0.250000
vt 0.468750 0.687500
vt 0.468750 0.187500
vt 0.468750 0.625000
vt 0.468750 0.125000
vt 0.468750 0.562500
vt 0.468750 0.062500
vt 0.468750 0.500000
vt 0.484375 1.000000
vt 0.468750 0.937500
vt 0.484375 0.000000
vt 0.468750 0.437500
vt 0.468750 0.875000
vt 0.468750 0.375000
vt 0.468750 0.812500
vt 0.468750 0.312500
vt 0.437500 0.562500
vt 0.437500 0.500000
vt 0.453125 1.000000
vt 0.437500 0.937500
vt 0.453125 0.000000
vt 0.437500 0.062500
vt 0.437500 0.437500
vt 0.437500 0.875000
vt 0.437500 0.375000
vt 0.437500 0.812500
vt 0.437500 0.312500
vt 0.437500 0.750000
vt 0.437500 0.250000
vt 0.437500 0.687500
vt 0.437500 0.187500
vt 0.437500 0.625000
vt 0.437500 0.125000
vt 0.406250 0.250000
vt 0.406250 0.750000
vt 0.406250 0.687500
vt 0.406250 0.187500
vt 0.406250 0.625000
vt 0.406250 0.125000
vt 0.406250 0.562500
vt 0.406250 0.062500
vt 0.406250 0.500000
vt 0.421875 1.000000
vt 0.406250 0.937500
vt 0.421875 0.000000
vt 0.406250 0.437500
vt 0.406250 0.875000
vt 0.406250 0.375000
vt 0.406250 0.812500
vt 0.406250 0.312500
vt 0.390625 0.000000
vt 0.375000 0.062500
vt 0.375000 0.437500
vt 0.375000 0.875000
vt 0.375000 0.375000
vt 0.375000 0.812500
vt 0.375000 0.312500
vt 0.375000 0.750000
vt 0.375000 0.250000
vt 0.375000 0.687500
vt 0.375000 0.187500
vt 0.375000 0.625000
vt 0.375000 0.125000
vt 0.375000 0.562500
vt 0.375000 0.500000
vt 0.390625 1.000000
vt 0.375000 0.937500
vt 0.343750 0.250000
vt 0.343750 0.187500
vt 0.343750 0.625000
vt 0.343750 0.125000
vt 0.343750 0.562500
vt 0.343750 0.062500
vt 0.343750 0.500000
vt 0.359375 1.000000
vt 0.343750 0.937500
vt 0.359375 0.000000
vt 0.343750 0.437500
vt 0.343750 0.875000
vt 0.343750 0.375000
vt 0.343750 0.812500
vt 0.343750 0.312500
vt 0.343750 0.750000
vt 0.343750 0.687500
vt 0.312500 0.875000
vt 0.312500 0.375000
vt 0.312500 0.812500
vt 0.312500 0.312500
vt 0.312500 0.750000
vt 0.312500 0.250000
vt 0.312500 0.687500
vt 0.312500 0.187500
vt 0.312500 0.625000
vt 0.312500 0.125000
vt 0.312500 0.562500
vt 0.312500 0.062500
vt 0.312500 0.500000
vt 0.328125 1.000000
vt 0.312500 0.937500
vt 0.328125 0.000000
vt 0.312500 0.437500
vt 0.281250 0.625000
vt 0.281250 0.125000
vt 0.281250 0.562500
vt 0.281250 0.062500
vt 0.281250 0.500000
vt 0.296875 1.000000
vt 0.281250 0.937500
vt 0.296875 0.000000
vt 0.281250 0.437500
vt 0.281250 0.875000
vt 0.281250 0.375000
vt 0.281250 0.812500
vt 0.281250 0.312500
vt 0.281250 0.750000
vt 0.281250 0.250000
vt 0.281250 0.687500
vt 0.281250 0.187500
vt 0.250000 0.375000
vt 0.250000 0.875000
vt 0.250000 0.812500
vt 0.250000 0.312500
vt 0.250000 0.750000
vt 0.250000 0.250000
vt 0.250000 0.687500
vt 0.250000 0.187500
vt 0.250000 0.625000
vt 0.250000 0.125000
vt 0.250000 0.562500
vt 0.250000 0.062500
vt 0.250000 0.500000
vt 0.265625 1.000000
vt 0.250000 0.937500
vt 0.265625 0.000000
vt 0.250000 0.437500
vt 0.218750 0.125000
vt 0.218750 0.625000
vt 0.218750 0.562500
vt 0.218750 0.062500
vt 0.218750 0.500000
vt 0.234375 1.000000
vt 0.218750 0.937500
vt 0.234375 0.000000
vt 0.218750 0.437500
vt 0.218750 0.875000
vt 0.218750 0.375000
vt 0.218750 0.812500
vt 0.218750 0.312500
vt 0.218750 0.750000
vt 0.218750 0.250000
vt 0.218750 0.687500
vt 0.218750 0.187500
vt 0.187500 0.812500
vt 0.187500 0.375000
vt 0.187500 0.312500
vt 0.187500 0.750000
vt 0.187500 0.250000
vt 0.187500 0.687500
vt 0.187500 0.187500
vt 0.187500 0.625000
vt 0.187500 0.125000
vt 0.187500 0.562500
vt 0.187500 0.062500
vt 0.187500 0.500000
vt 0.203125 1.000000
vt 0.187500 0.937500
vt 0.203125 0.000000
vt 0.187500 0.437500
vt 0.187500 0.875000
vt 0.156250 0.625000
vt 0.156250 0.562500
vt 0.156250 0.125000
vt 0.156250 0.062500
vt 0.156250 0.500000
vt 0.171875 1.000000
vt 0.156250 0.937500
vt 0.171875 0.000000
vt 0.156250 0.437500
vt 0.156250 0.875000
vt 0.156250 0.375000
vt 0.156250 0.812500
vt 0.156250 0.312500
vt 0.156250 0.750000
vt 0.156250 0.250000
vt 0.156250 0.687500
vt 0.156250 0.187500
vt 0.125000 0.375000
vt 0.125000 0.312500
vt 0.125000 0.750000
vt 0.125000 0.250000
vt 0.125000 0.687500
vt 0.125000 0.187500
vt 0.125000 0.625000
vt 0.125000 0.125000
vt 0.125000 0.562500
vt 0.125000 0.062500
vt 0.125000 0.500000
vt 0.140625 1.000000
vt 0.125000 0.937500
vt 0.140625 0.000000
vt 0.125000 0.437500
vt 0.125000 0.875000
vt 0.125000 0.812500
vt 0.093750 0.062500
vt 0.093750 0.562500
vt 0.093750 0.500000
vt 0.109375 1.000000
vt 0.093750 0.937500
vt 0.109375 0.000000
vt 0.093750 0.437500
vt 0.093750 0.875000
vt 0.093750 0.375000
vt 0.093750 0.812500
vt 0.093750 0.312500
vt 0.093750 0.750000
vt 0.093750 0.250000
vt 0.093750 0.687500
vt 0.093750 0.187500
vt 0.093750 0.625000
vt 0.093750 0.125000
vt 0.062500 0.250000
vt 0.062500 0.687500
vt 0.062500 0.187500
vt 0.062500 0.625000
vt 0.062500 0.125000
vt 0.062500 0.562500
vt 0.062500 0.062500
vt 0.062500 0.500000
vt 0.078125 1.000000
vt 0.062500 0.937500
vt 0.078125 0.000000
vt 0.062500 0.437500
vt 0.062500 0.875000
vt 0.062500 0.375000
vt 0.062500 0.812500
vt 0.062500 0.312500
vt 0.062500 0.750000
vt 0.046875 1.000000
vt 0.031250 0.937500
vt 0.046875 0.000000
vt 0.031250 0.062500
vt 0.031250 0.437500
vt 0.031250 0.875000
vt 0.031250 0.375000
vt 0.031250 0.812500
vt 0.031250 0.312500
vt 0.031250 0.750000
vt 0.031250 0.250000
vt 0.031250 0.687500
vt 0.031250 0.187500
vt 0.031250 0.625000
vt 0.031250 0.125000
vt 0.031250 0.562500
vt 0.031250 0.500000
vt 0.000000 0.750000
vt 0.000000 0.687500
vt 0.000000 0.250000
vt 0.000000 0.187500
vt 0.000000 0.625000
vt 0.000000 0.125000
vt 0.000000 0.562500
vt 0.000000 0.062500
vt 0.000000 0.500000
vt 0.015625 1.000000
vt 0.000000 0.937500
vt 0.015625 0.000000
vt 0.000000 0.437500
vt 0.000000 0.875000
vt 0.000000 0.375000
vt 0.000000 0.812500
vt 0.000000 0.312500
vt 1.000000 0.500000
vt 0.968750 0.437500
vt 1.000000 0.437500
vt 1.000000 0.937500
vt 0.968750 0.875000
vt 1.000000 0.875000
vt 0.968750 0.375000
vt 1.000000 0.375000
vt 1.000000 0.812500
vt 0.968750 0.812500
vt 1.000000 0.312500
vt 0.968750 0.312500
vt 0.968750 0.750000
vt 1.000000 0.750000
vt 0.968750 0.250000
vt 1.000000 0.250000
vt 1.000000 0.687500
vt 0.968750 0.687500
vt 1.000000 0.187500
vt 0.968750 0.187500
vt 0.968750 0.625000
vt 1.000000 0.625000
vt 0.968750 0.125000
vt 1.000000 0.125000
vt 1.000000 0.562500
vt 0.968750 0.562500
vt 0.968750 0.062500
vt 1.000000 0.062500
vt 0.968750 0.500000
vt 0.984375 1.000000
vt 0.968750 0.937500
vt 0.984375 0.000000
vt 0.937500 0.250000
vt 0.937500 0.187500
vt 0.937500 0.625000
vt 0.937500 0.125000
vt 0.937500 0.562500
vt 0.937500 0.062500
vt 0.937500 0.500000
vt 0.953125 1.000000
vt 0.937500 0.937500
vt 0.953125 0.000000
vt 0.937500 0.437500
vt 0.937500 0.875000
vt 0.937500 0.375000
vt 0.937500 0.812500
vt 0.937500 0.312500
vt 0.937500 0.750000
vt 0.937500 0.687500
vt 0.906250 0.937500
vt 0.906250 0.875000
vt 0.906250 0.375000
vt 0.906250 0.812500
vt 0.906250 0.312500
vt 0.906250 0.750000
vt 0.906250 0.250000
vt 0.906250 0.687500
vt 0.906250 0.187500
vt 0.906250 0.625000
vt 0.906250 0.125000
vt 0.906250 0.562500
vt 0.906250 0.062500
vt 0.906250 0.500000
vt 0.921875 1.000000
vt 0.921875 0.000000
vt 0.906250 0.437500
vt 0.875000 0.625000
vt 0.875000 0.125000
vt 0.875000 0.562500
vt 0.875000 0.062500
vt 0.875000 0.500000
vt 0.890625 1.000000
vt 0.875000 0.937500
vt 0.890625 0.000000
vt 0.875000 0.437500
vt 0.875000 0.875000
vt 0.875000 0.375000
vt 0.875000 0.812500
vt 0.875000 0.312500
vt 0.875000 0.750000
vt 0.875000 0.250000
vt 0.875000 0.687500
vt 0.875000 0.187500
vt 0.843750 0.375000
vt 0.843750 0.875000
vt 0.843750 0.812500
vt 0.843750 0.312500
vt 0.843750 0.750000
vt 0.843750 0.250000
vt 0.843750 0.687500
vt 0.843750 0.187500
vt 0.843750 0.625000
vt 0.843750 0.125000
vt 0.843750 0.562500
vt 0.843750 0.062500
vt 0.843750 0.500000
vt 0.859375 1.000000
vt 0.843750 0.937500
vt 0.859375 0.000000
vt 0.843750 0.437500
vt 0.812500 0.125000
vt 0.812500 0.625000
vt 0.812500 0.562500
vt 0.812500 0.062500
vt 0.812500 0.500000
vt 0.828125 1.000000
vt 0.812500 0.937500
vt 0.828125 0.000000
vt 0.812500 0.437500
vt 0.812500 0.875000
vt 0.812500 0.375000
vt 0.812500 0.812500
vt 0.812500 0.312500
vt 0.812500 0.750000
vt 0.812500 0.250000
vt 0.812500 0.687500
vt 0.812500 0.187500
vt 0.781250 0.375000
vt 0.781250 0.312500
vt 0.781250 0.750000
vt 0.781250 0.250000
vt 0.781250 0.687500
vt 0.781250 0.187500
vt 0.781250 0.625000
vt 0.781250 0.125000
vt 0.781250 0.562500
vt 0.781250 0.062500
vt 0.781250 0.500000
vt 0.796875 1.000000
vt 0.781250 0.937500
vt 0.796875 0.000000
vt 0.781250 0.437500
vt 0.781250 0.875000
vt 0.781250 0.812500
vt 0.765625 1.000000
vt 0.765625 0.000000
s 0
f 4/1/1 14/2/1 15/3/1
f 481/4/2 23/5/2 482/6/2
f 4/1/3 16/7/3 5/8/3
f 474/9/4 1/10/4 9/11/4
f 8/12/5 482/6/5 23/5/5
f 5/8/6 17/13/6 6/14/6
f 475/15/7 9/11/7 10/16/7
f 6/14/8 18/17/8 478/18/8
f 2/19/9 10/16/9 11/20/9
f 478/18/10 19/21/10 7/22/10
f 476/23/11 11/20/11 12/24/11
f 7/22/12 20/25/12 479/26/12
f 3/27/13 12/24/13 13/28/13
f 479/26/14 21/29/14 480/30/14
f 477/31/15 13/28/15 14/2/15
f 480/30/16 22/32/16 481/4/16
f 21/29/17 35/33/17 36/34/17
f 13/28/18 29/35/18 14/2/18
f 22/32/19 36/34/19 37/36/19
f 15/3/20 29/35/20 30/37/20
f 22/32/21 38/38/21 23/5/21
f 15/3/22 31/39/22 16/7/22
f 9/11/23 1/40/23 24/41/23
f 8/42/24 23/5/24 38/38/24
f 16/7/25 32/43/25 17/13/25
f 9/11/26 25/44/26 10/16/26
f 17/13/27 33/45/27 18/17/27
f 10/16/28 26/46/28 11/20/28
f 18/17/29 34/47/29 19/21/29
f 11/20/30 27/48/30 12/24/30
f 19/21/31 35/33/31 20/25/31
f 12/24/32 28/49/32 13/28/32
f 32/43/33 48/50/33 33/45/33
f 25/44/34 41/51/34 26/46/34
f 34/47/35 48/50/35 49/52/35
f 26/46/36 42/53/36 27/48/36
f 35/33/37 49/52/37 50/54/37
f 27/48/38 43/55/38 28/49/38
f 36/34/39 50/54/39 51/56/39
f 28/49/40 44/57/40 29/35/40
f 36/34/41 52/58/41 37/36/41
f 29/35/42 45/59/42 30/37/42
f 37/36/43 53/60/43 38/38/43
f 30/37/44 46/61/44 31/39/44
f 24/41/45 1/62/45 39/63/45
f 8/64/46 38/38/46 53/60/46
f 32/43/47 46/61/47 47/65/47
f 24/41/48 40/66/48 25/44/48
f 51/56/49 67/67/49 52/58/49
f 45/59/50 59/68/50 60/69/50
f 52/58/51 68/70/51 53/60/51
f 46/61/52 60/69/52 61/71/52
f 39/63/53 1/72/53 54/73/53
f 8/74/54 53/60/54 68/70/54
f 46/61/55 62/75/55 47/65/55
f 39/63/56 55/76/56 40/66/56
f 47/65/57 63/77/57 48/50/57
f 40/66/58 56/78/58 41/51/58
f 49/52/59 63/77/59 64/79/59
f 41/51/60 57/80/60 42/53/60
f 49/52/61 65/81/61 50/54/61
f 42/53/62 58/82/62 43/55/62
f 50/54/63 66/83/63 51/56/63
f 43/55/64 59/68/64 44/57/64
f 55/76/65 71/84/65 56/78/65
f 64/79/66 78/85/66 79/86/66
f 56/78/67 72/87/67 57/80/67
f 64/79/68 80/88/68 65/81/68
f 58/82/69 72/87/69 73/89/69
f 65/81/70 81/90/70 66/83/70
f 58/82/71 74/91/71 59/68/71
f 67/67/72 81/90/72 82/92/72
f 60/69/73 74/91/73 75/93/73
f 67/67/74 83/94/74 68/70/74
f 61/71/75 75/93/75 76/95/75
f 54/73/76 1/96/76 69/97/76
f 8/98/77 68/70/77 83/94/77
f 61/71/78 77/99/78 62/75/78
f 54/73/79 70/100/79 55/76/79
f 62/75/80 78/85/80 63/77/80
f 75/93/81 89/101/81 90/102/81
f 83/94/82 97/103/82 98/104/82
f 76/95/83 90/102/83 91/105/83
f 69/97/84 1/106/84 84/107/84
f 8/108/85 83/94/85 98/104/85
f 76/95/86 92/109/86 77/99/86
f 69/97/87 85/110/87 70/100/87
f 77/99/88 93/111/88 78/85/88
f 70/100/89 86/112/89 71/84/89
f 79/86/90 93/111/90 94/113/90
f 71/84/91 87/114/91 72/87/91
f 79/86/92 95/115/92 80/88/92
f 73/89/93 87/114/93 88/116/93
f 80/88/94 96/117/94 81/90/94
f 73/89/95 89/101/95 74/91/95
f 81/90/96 97/103/96 82/92/96
f 94/113/97 108/118/97 109/119/97
f 86/112/98 102/120/98 87/114/98
f 94/113/99 110/121/99 95/115/99
f 88/116/100 102/120/100 103/122/100
f 96/117/101 110/121/101 111/123/101
f 88/116/102 104/124/102 89/101/102
f 97/103/103 111/123/103 112/125/103
f 90/102/104 104/124/104 105/126/104
f 97/103/105 113/127/105 98/104/105
f 91/105/106 105/126/106 106/128/106
f 84/107/107 1/129/107 99/130/107
f 8/131/108 98/104/108 113/127/108
f 91/105/109 107/132/109 92/109/109
f 85/110/110 99/130/110 100/133/110
f 92/109/111 108/118/111 93/111/111
f 85/110/112 101/134/112 86/112/112
f 112/125/113 128/135/113 113/127/113
f 106/128/114 120/136/114 121/137/114
f 99/130/115 1/138/115 114/139/115
f 8/140/116 113/127/116 128/135/116
f 106/128/117 122/141/117 107/132/117
f 100/133/118 114/139/118 115/142/118
f 107/132/119 123/143/119 108/118/119
f 100/133/120 116/144/120 101/134/120
f 109/119/121 123/143/121 124/145/121
f 101/134/122 117/146/122 102/120/122
f 109/119/123 125/147/123 110/121/123
f 103/122/124 117/146/124 118/148/124
f 111/123/125 125/147/125 126/149/125
f 103/122/126 119/150/126 104/124/126
f 111/123/127 127/151/127 112/125/127
f 105/126/128 119/150/128 120/136/128
f 116/144/129 132/152/129 117/146/129
f 124/145/130 140/153/130 125/147/130
f 118/148/131 132/152/131 133/154/131
f 126/149/132 140/153/132 141/155/132
f 118/148/133 134/156/133 119/150/133
f 126/149/134 142/157/134 127/151/134
f 120/136/135 134/156/135 135/158/135
f 127/151/136 143/159/136 128/135/136
f 121/137/137 135/158/137 136/160/137
f 114/139/138 1/161/138 129/162/138
f 8/163/139 128/135/139 143/159/139
f 121/137/140 137/164/140 122/141/140
f 114/139/141 130/165/141 115/142/141
f 122/141/142 138/166/142 123/143/142
f 115/142/143 131/167/143 116/144/143
f 124/145/144 138/166/144 139/168/144
f 136/160/145 150/169/145 151/170/145
f 129/162/146 1/171/146 144/172/146
f 8/173/147 143/159/147 158/174/147
f 136/160/148 152/175/148 137/164/148
f 129/162/149 145/176/149 130/165/149
f 137/164/150 153/177/150 138/166/150
f 131/167/151 145/176/151 146/178/151
f 139/168/152 153/177/152 154/179/152
f 131/167/153 147/180/153 132/152/153
f 139/168/154 155/181/154 140/153/154
f 133/154/155 147/180/155 148/182/155
f 141/155/156 155/181/156 156/183/156
f 133/154/157 149/184/157 134/156/157
f 141/155/158 157/185/158 142/157/158
f 135/158/159 149/184/159 150/169/159
f 143/159/160 157/185/160 158/174/160
f 154/179/161 170/186/161 155/181/161
f 148/182/162 162/187/162 163/188/162
f 156/183/163 170/186/163 171/189/163
f 148/182/164 164/190/164 149/184/164
f 156/183/165 172/191/165 157/185/165
f 150/169/166 164/190/166 165/192/166
f 157/185/167 173/193/167 158/174/167
f 151/170/168 165/192/168 166/194/168
f 144/172/169 1/195/169 159/196/169
f 8/197/170 158/174/170 173/193/170
f 151/170/171 167/198/171 152/175/171
f 144/172/172 160/199/172 145/176/172
f 152/175/173 168/200/173 153/177/173
f 146/178/174 160/199/174 161/201/174
f 154/179/175 168/200/175 169/202/175
f 146/178/176 162/187/176 147/180/176
f 8/203/177 173/193/177 188/204/177
f 166/194/178 182/205/178 167/198/178
f 159/196/179 175/206/179 160/199/179
f 167/198/180 183/207/180 168/200/180
f 160/199/181 176/208/181 161/201/181
f 169/202/182 183/207/182 184/209/182
f 161/201/183 177/210/183 162/187/183
f 169/202/184 185/211/184 170/186/184
f 163/188/185 177/210/185 178/212/185
f 170/186/186 186/213/186 171/189/186
f 163/188/187 179/214/187 164/190/187
f 172/191/188 186/213/188 187/215/188
f 165/192/189 179/214/189 180/216/189
f 173/193/190 187/215/190 188/204/190
f 166/194/191 180/216/191 181/217/191
f 159/196/192 1/218/192 174/219/192
f 186/213/193 200/220/193 201/221/193
f 178/212/194 194/222/194 179/214/194
f 186/213/195 202/223/195 187/215/195
f 180/216/196 194/222/196 195/224/196
f 187/215/197 203/225/197 188/204/197
f 181/217/198 195/224/198 196/226/198
f 174/219/199 1/227/199 189/228/199
f 8/229/200 188/204/200 203/225/200
f 181/217/201 197/230/201 182/205/201
f 175/206/202 189/228/202 190/231/202
f 182/205/203 198/232/203 183/207/203
f 176/208/204 190/231/204 191/233/204
f 184/209/205 198/232/205 199/234/205
f 176/208/206 192/235/206 177/210/206
f 184/209/207 200/220/207 185/211/207
f 178/212/208 192/235/208 193/236/208
f 189/228/209 205/237/209 190/231/209
f 197/230/210 213/238/210 198/232/210
f 190/231/211 206/239/211 191/233/211
f 199/234/212 213/238/212 214/240/212
f 191/233/213 207/241/213 192/235/213
f 199/234/214 215/242/214 200/220/214
f 193/236/215 207/241/215 208/243/215
f 201/221/216 215/242/216 216/244/216
f 193/236/217 209/245/217 194/222/217
f 201/221/218 217/246/218 202/223/218
f 195/224/219 209/245/219 210/247/219
f 202/223/220 218/248/220 203/225/220
f 196/226/221 210/247/221 211/249/221
f 189/228/222 1/250/222 204/251/222
f 8/252/223 203/225/223 218/248/223
f 196/226/224 212/253/224 197/230/224
f 208/243/225 224/254/225 209/245/225
f 216/244/226 232/255/226 217/246/226
f 210/247/227 224/254/227 225/256/227
f 217/246/228 233/257/228 218/248/228
f 211/249/229 225/256/229 226/258/229
f 204/251/230 1/259/230 219/260/230
f 8/261/231 218/248/231 233/257/231
f 211/249/232 227/262/232 212/253/232
f 204/251/233 220/263/233 205/237/233
f 212/253/234 228/264/234 213/238/234
f 205/237/235 221/265/235 206/239/235
f 214/240/236 228/264/236 229/266/236
f 206/239/237 222/267/237 207/241/237
f 214/240/238 230/268/238 215/242/238
f 208/243/239 222/267/239 223/269/239
f 216/244/240 230/268/240 231/270/240
f 227/262/241 243/271/241 228/264/241
f 221/265/242 235/272/242 236/273/242
f 229/266/243 243/271/243 244/274/243
f 221/265/244 237/275/244 222/267/244
f 229/266/245 245/276/245 230/268/245
f 223/269/246 237/275/246 238/277/246
f 231/270/247 245/276/247 246/278/247
f 223/269/248 239/279/248 224/254/248
f 231/270/249 247/280/249 232/255/249
f 225/256/250 239/279/250 240/281/250
f 233/257/251 247/280/251 248/282/251
f 226/258/252 240/281/252 241/283/252
f 219/260/253 1/284/253 234/285/253
f 8/286/254 233/257/254 248/282/254
f 226/258/255 242/287/255 227/262/255
f 219/260/256 235/272/256 220/263/256
f 246/278/257 262/288/257 247/280/257
f 240/281/258 254/289/258 255/290/258
f 247/280/259 263/291/259 248/282/259
f 241/283/260 255/290/260 256/292/260
f 234/285/261 1/293/261 249/294/261
f 8/295/262 248/282/262 263/291/262
f 241/283/263 257/296/263 242/287/263
f 234/285/264 250/297/264 235/272/264
f 242/287/265 258/298/265 243/271/265
f 235/272/266 251/299/266 236/273/266
f 244/274/267 258/298/267 259/300/267
f 236/273/268 252/301/268 237/275/268
f 244/274/269 260/302/269 245/276/269
f 238/277/270 252/301/270 253/303/270
f 246/278/271 260/302/271 261/304/271
f 238/277/272 254/289/272 239/279/272
f 250/297/273 266/305/273 251/299/273
f 259/300/274 273/306/274 274/307/274
f 251/299/275 267/308/275 252/301/275
f 259/300/276 275/309/276 260/302/276
f 253/303/277 267/308/277 268/310/277
f 261/304/278 275/309/278 276/311/278
f 253/303/279 269/312/279 254/289/279
f 261/304/280 277/313/280 262/288/280
f 255/290/281 269/312/281 270/314/281
f 262/288/282 278/315/282 263/291/282
f 256/292/283 270/314/283 271/316/283
f 249/294/284 1/317/284 264/318/284
f 8/319/285 263/291/285 278/315/285
f 256/292/286 272/320/286 257/296/286
f 250/297/287 264/318/287 265/321/287
f 257/296/288 273/306/288 258/298/288
f 270/314/289 284/322/289 285/323/289
f 278/315/290 292/324/290 293/325/290
f 271/316/291 285/323/291 286/326/291
f 264/318/292 1/327/292 279/328/292
f 8/329/293 278/315/293 293/325/293
f 271/316/294 287/330/294 272/320/294
f 265/321/295 279/328/295 280/331/295
f 272/320/296 288/332/296 273/306/296
f 265/321/297 281/333/297 266/305/297
f 274/307/298 288/332/298 289/334/298
f 266/305/299 282/335/299 267/308/299
f 274/307/300 290/336/300 275/309/300
f 268/310/301 282/335/301 283/337/301
f 276/311/302 290/336/302 291/338/302
f 268/310/303 284/322/303 269/312/303
f 276/311/304 292/324/304 277/313/304
f 289/334/305 303/339/305 304/340/305
f 281/333/306 297/341/306 282/335/306
f 289/334/307 305/342/307 290/336/307
f 283/337/308 297/341/308 298/343/308
f 291/338/309 305/342/309 306/344/309
f 283/337/310 299/345/310 284/322/310
f 291/338/311 307/346/311 292/324/311
f 285/323/312 299/345/312 300/347/312
f 293/325/313 307/346/313 308/348/313
f 286/326/314 300/347/314 301/349/314
f 279/328/315 1/350/315 294/351/315
f 8/352/316 293/325/316 308/348/316
f 286/326/317 302/353/317 287/330/317
f 279/328/318 295/354/318 280/331/318
f 287/330/319 303/339/319 288/332/319
f 280/331/320 296/355/320 281/333/320
f 307/346/321 323/356/321 308/348/321
f 301/349/322 315/357/322 316/358/322
f 294/351/323 1/359/323 309/360/323
f 8/361/324 308/348/324 323/356/324
f 301/349/325 317/362/325 302/353/325
f 294/351/326 310/363/326 295/354/326
f 302/353/327 318/364/327 303/339/327
f 295/354/328 311/365/328 296/355/328
f 304/340/329 318/364/329 319/366/329
f 296/355/330 312/367/330 297/341/330
f 304/340/331 320/368/331 305/342/331
f 298/343/332 312/367/332 313/369/332
f 306/344/333 320/368/333 321/370/333
f 298/343/334 314/371/334 299/345/334
f 306/344/335 322/372/335 307/346/335
f 300/347/336 314/371/336 315/357/336
f 319/366/337 335/373/337 320/368/337
f 312/367/338 328/374/338 313/369/338
f 321/370/339 335/373/339 336/375/339
f 313/369/340 329/376/340 314/371/340
f 321/370/341 337/377/341 322/372/341
f 315/357/342 329/376/342 330/378/342
f 322/372/343 338/379/343 323/356/343
f 316/358/344 330/378/344 331/380/344
f 309/360/345 1/381/345 324/382/345
f 8/383/346 323/356/346 338/379/346
f 316/358/347 332/384/347 317/362/347
f 309/360/348 325/385/348 310/363/348
f 317/362/349 333/386/349 318/364/349
f 310/363/350 326/387/350 311/365/350
f 319/366/351 333/386/351 334/388/351
f 311/365/352 327/389/352 312/367/352
f 324/382/353 1/390/353 339/391/353
f 8/392/354 338/379/354 353/393/354
f 331/380/355 347/394/355 332/384/355
f 324/382/356 340/395/356 325/385/356
f 332/384/357 348/396/357 333/386/357
f 325/385/358 341/397/358 326/387/358
f 334/388/359 348/396/359 349/398/359
f 326/387/360 342/399/360 327/389/360
f 334/388/361 350/400/361 335/373/361
f 328/374/362 342/399/362 343/401/362
f 336/375/363 350/400/363 351/402/363
f 328/374/364 344/403/364 329/376/364
f 336/375/365 352/404/365 337/377/365
f 330/378/366 344/403/366 345/405/366
f 337/377/367 353/393/367 338/379/367
f 331/380/368 345/405/368 346/406/368
f 343/401/369 357/407/369 358/408/369
f 351/402/370 365/409/370 366/410/370
f 343/401/371 359/411/371 344/403/371
f 351/402/372 367/412/372 352/404/372
f 345/405/373 359/411/373 360/413/373
f 352/404/374 368/414/374 353/393/374
f 346/406/375 360/413/375 361/415/375
f 339/391/376 1/416/376 354/417/376
f 8/418/377 353/393/377 368/414/377
f 346/406/378 362/419/378 347/394/378
f 339/391/379 355/420/379 340/395/379
f 347/394/380 363/421/380 348/396/380
f 341/397/381 355/420/381 356/422/381
f 349/398/382 363/421/382 364/423/382
f 341/397/383 357/407/383 342/399/383
f 349/398/384 365/409/384 350/400/384
f 361/424/385 377/425/385 362/426/385
f 354/427/386 370/428/386 355/429/386
f 362/426/387 378/430/387 363/431/387
f 356/432/388 370/428/388 371/433/388
f 364/434/389 378/430/389 379/435/389
f 356/432/390 372/436/390 357/437/390
f 364/434/391 380/438/391 365/439/391
f 358/440/392 372/436/392 373/441/392
f 366/442/393 380/438/393 381/443/393
f 358/440/394 374/444/394 359/445/394
f 366/442/395 382/446/395 367/447/395
f 360/448/396 374/444/396 375/449/396
f 367/447/397 383/450/397 368/451/397
f 361/424/398 375/449/398 376/452/398
f 354/427/399 1/453/399 369/454/399
f 8/455/400 368/451/400 383/450/400
f 381/443/401 395/456/401 396/457/401
f 373/441/402 389/458/402 374/444/402
f 381/443/403 397/459/403 382/446/403
f 375/449/404 389/458/404 390/460/404
f 382/446/405 398/461/405 383/450/405
f 376/452/406 390/460/406 391/462/406
f 369/454/407 1/463/407 384/464/407
f 8/465/408 383/450/408 398/461/408
f 376/452/409 392/466/409 377/425/409
f 369/454/410 385/467/410 370/428/410
f 377/425/411 393/468/411 378/430/411
f 371/433/412 385/467/412 386/469/412
f 379/435/413 393/468/413 394/470/413
f 371/433/414 387/471/414 372/436/414
f 379/435/415 395/456/415 380/438/415
f 373/441/416 387/471/416 388/472/416
f 385/467/417 399/473/417 400/474/417
f 392/466/418 408/475/418 393/468/418
f 385/467/419 401/476/419 386/469/419
f 394/470/420 408/475/420 409/477/420
f 386/469/421 402/478/421 387/471/421
f 394/470/422 410/479/422 395/456/422
f 388/472/423 402/478/423 403/480/423
f 396/457/424 410/479/424 411/481/424
f 388/472/425 404/482/425 389/458/425
f 397/459/426 411/481/426 412/483/426
f 390/460/427 404/482/427 405/484/427
f 397/459/428 413/485/428 398/461/428
f 391/462/429 405/484/429 406/486/429
f 384/464/430 1/487/430 399/473/430
f 8/488/431 398/461/431 413/485/431
f 391/462/432 407/489/432 392/466/432
f 403/480/433 419/490/433 404/482/433
f 411/481/434 427/491/434 412/483/434
f 405/484/435 419/490/435 420/492/435
f 412/483/436 428/493/436 413/485/436
f 406/486/437 420/492/437 421/494/437
f 399/473/438 1/495/438 414/496/438
f 8/497/439 413/485/439 428/493/439
f 406/486/440 422/498/440 407/489/440
f 399/473/441 415/499/441 400/474/441
f 407/489/442 423/500/442 408/475/442
f 401/476/443 415/499/443 416/501/443
f 409/477/444 423/500/444 424/502/444
f 401/476/445 417/503/445 402/478/445
f 409/477/446 425/504/446 410/479/446
f 403/480/447 417/503/447 418/505/447
f 411/481/448 425/504/448 426/506/448
f 422/498/449 438/507/449 423/500/449
f 416/501/450 430/508/450 431/509/450
f 424/502/451 438/507/451 439/510/451
f 416/501/452 432/511/452 417/503/452
f 424/502/453 440/512/453 425/504/453
f 418/505/454 432/511/454 433/513/454
f 426/506/455 440/512/455 441/514/455
f 418/505/456 434/515/456 419/490/456
f 426/506/457 442/516/457 427/491/457
f 420/492/458 434/515/458 435/517/458
f 427/491/459 443/518/459 428/493/459
f 421/494/460 435/517/460 436/519/460
f 414/496/461 1/520/461 429/521/461
f 8/522/462 428/493/462 443/518/462
f 421/494/463 437/523/463 422/498/463
f 414/496/464 430/508/464 415/499/464
f 441/514/465 457/524/465 442/516/465
f 435/517/466 449/525/466 450/526/466
f 442/516/467 458/527/467 443/518/467
f 436/519/468 450/526/468 451/528/468
f 429/521/469 1/529/469 444/530/469
f 8/531/470 443/518/470 458/527/470
f 436/519/471 452/532/471 437/523/471
f 430/508/472 444/530/472 445/533/472
f 437/523/473 453/534/473 438/507/473
f 430/508/474 446/535/474 431/509/474
f 439/510/475 453/534/475 454/536/475
f 431/509/476 447/537/476 432/511/476
f 439/510/477 455/538/477 440/512/477
f 433/513/478 447/537/478 448/539/478
f 441/514/479 455/538/479 456/540/479
f 433/513/480 449/525/480 434/515/480
f 454/536/481 468/541/481 469/542/481
f 446/535/482 462/543/482 447/537/482
f 454/536/483 470/544/483 455/538/483
f 448/539/484 462/543/484 463/545/484
f 456/540/485 470/544/485 471/546/485
f 448/539/486 464/547/486 449/525/486
f 456/540/487 472/548/487 457/524/487
f 450/526/488 464/547/488 465/549/488
f 458/527/489 472/548/489 473/550/489
f 451/528/490 465/549/490 466/551/490
f 444/530/491 1/552/491 459/553/491
f 8/554/492 458/527/492 473/550/492
f 451/528/493 467/555/493 452/532/493
f 444/530/494 460/556/494 445/533/494
f 452/532/495 468/541/495 453/534/495
f 446/535/496 460/556/496 461/557/496
f 472/548/497 482/6/497 473/550/497
f 466/551/498 4/1/498 5/8/498
f 459/553/499 1/558/499 474/9/499
f 8/559/500 473/550/500 482/6/500
f 466/551/501 6/14/501 467/555/501
f 460/556/502 474/9/502 475/15/502
f 467/555/503 478/18/503 468/541/503
f 461/557/504 475/15/504 2/19/504
f 468/541/505 7/22/505 469/542/505
f 462/543/506 2/19/506 476/23/506
f 469/542/507 479/26/507 470/544/507
f 463/545/508 476/23/508 3/27/508
f 471/546/509 479/26/509 480/30/509
f 464/547/510 3/27/510 477/31/510
f 471/546/511 481/4/511 472/548/511
f 465/549/512 477/31/512 4/1/512
f 4/1/1 477/31/1 14/2/1
f 481/4/2 22/32/2 23/5/2
f 4/1/513 15/3/513 16/7/513
f 5/8/514 16/7/514 17/13/514
f 475/15/7 474/9/7 9/11/7
f 6/14/8 17/13/8 18/17/8
f 2/19/9 475/15/9 10/16/9
f 478/18/10 18/17/10 19/21/10
f 476/23/11 2/19/11 11/20/11
f 7/22/12 19/21/12 20/25/12
f 3/27/13 476/23/13 12/24/13
f 479/26/14 20/25/14 21/29/14
f 477/31/15 3/27/15 13/28/15
f 480/30/16 21/29/16 22/32/16
f 21/29/17 20/25/17 35/33/17
f 13/28/18 28/49/18 29/35/18
f 22/32/19 21/29/19 36/34/19
f 15/3/20 14/2/20 29/35/20
f 22/32/21 37/36/21 38/38/21
f 15/3/22 30/37/22 31/39/22
f 16/7/25 31/39/25 32/43/25
f 9/11/26 24/41/26 25/44/26
f 17/13/27 32/43/27 33/45/27
f 10/16/28 25/44/28 26/46/28
f 18/17/29 33/45/29 34/47/29
f 11/20/30 26/46/30 27/48/30
f 19/21/31 34/47/31 35/33/31
f 12/24/32 27/48/32 28/49/32
f 32/43/33 47/65/33 48/50/33
f 25/44/515 40/66/515 41/51/515
f 34/47/35 33/45/35 48/50/35
f 26/46/36 41/51/36 42/53/36
f 35/33/37 34/47/37 49/52/37
f 27/48/38 42/53/38 43/55/38
f 36/34/39 35/33/39 50/54/39
f 28/49/40 43/55/40 44/57/40
f 36/34/516 51/56/516 52/58/516
f 29/35/42 44/57/42 45/59/42
f 37/36/43 52/58/43 53/60/43
f 30/37/44 45/59/44 46/61/44
f 32/43/47 31/39/47 46/61/47
f 24/41/48 39/63/48 40/66/48
f 51/56/49 66/83/49 67/67/49
f 45/59/50 44/57/50 59/68/50
f 52/58/51 67/67/51 68/70/51
f 46/61/52 45/59/52 60/69/52
f 46/61/55 61/71/55 62/75/55
f 39/63/56 54/73/56 55/76/56
f 47/65/57 62/75/57 63/77/57
f 40/66/58 55/76/58 56/78/58
f 49/52/59 48/50/59 63/77/59
f 41/51/60 56/78/60 57/80/60
f 49/52/61 64/79/61 65/81/61
f 42/53/62 57/80/62 58/82/62
f 50/54/63 65/81/63 66/83/63
f 43/55/64 58/82/64 59/68/64
f 55/76/65 70/100/65 71/84/65
f 64/79/66 63/77/66 78/85/66
f 56/78/67 71/84/67 72/87/67
f 64/79/68 79/86/68 80/88/68
f 58/82/69 57/80/69 72/87/69
f 65/81/70 80/88/70 81/90/70
f 58/82/71 73/89/71 74/91/71
f 67/67/72 66/83/72 81/90/72
f 60/69/73 59/68/73 74/91/73
f 67/67/517 82/92/517 83/94/517
f 61/71/75 60/69/75 75/93/75
f 61/71/78 76/95/78 77/99/78
f 54/73/79 69/97/79 70/100/79
f 62/75/80 77/99/80 78/85/80
f 75/93/81 74/91/81 89/101/81
f 83/94/82 82/92/82 97/103/82
f 76/95/83 75/93/83 90/102/83
f 76/95/86 91/105/86 92/109/86
f 69/97/87 84/107/87 85/110/87
f 77/99/88 92/109/88 93/111/88
f 70/100/89 85/110/89 86/112/89
f 79/86/90 78/85/90 93/111/90
f 71/84/91 86/112/91 87/114/91
f 79/86/92 94/113/92 95/115/92
f 73/89/93 72/87/93 87/114/93
f 80/88/94 95/115/94 96/117/94
f 73/89/95 88/116/95 89/101/95
f 81/90/96 96/117/96 97/103/96
f 94/113/97 93/111/97 108/118/97
f 86/112/98 101/134/98 102/120/98
f 94/113/99 109/119/99 110/121/99
f 88/116/100 87/114/100 102/120/100
f 96/117/101 95/115/101 110/121/101
f 88/116/102 103/122/102 104/124/102
f 97/103/103 96/117/103 111/123/103
f 90/102/104 89/101/104 104/124/104
f 97/103/105 112/125/105 113/127/105
f 91/105/106 90/102/106 105/126/106
f 91/105/109 106/128/109 107/132/109
f 85/110/110 84/107/110 99/130/110
f 92/109/111 107/132/111 108/118/111
f 85/110/112 100/133/112 101/134/112
f 112/125/113 127/151/113 128/135/113
f 106/128/114 105/126/114 120/136/114
f 106/128/117 121/137/117 122/141/117
f 100/133/118 99/130/118 114/139/118
f 107/132/119 122/141/119 123/143/119
f 100/133/120 115/142/120 116/144/120
f 109/119/121 108/118/121 123/143/121
f 101/134/122 116/144/122 117/146/122
f 109/119/123 124/145/123 125/147/123
f 103/122/124 102/120/124 117/146/124
f 111/123/125 110/121/125 125/147/125
f 103/122/126 118/148/126 119/150/126
f 111/123/127 126/149/127 127/151/127
f 105/126/128 104/124/128 119/150/128
f 116/144/129 131/167/129 132/152/129
f 124/145/130 139/168/130 140/153/130
f 118/148/131 117/146/131 132/152/131
f 126/149/132 125/147/132 140/153/132
f 118/148/133 133/154/133 134/156/133
f 126/149/134 141/155/134 142/157/134
f 120/136/135 119/150/135 134/156/135
f 127/151/136 142/157/136 143/159/136
f 121/137/137 120/136/137 135/158/137
f 121/137/140 136/160/140 137/164/140
f 114/139/141 129/162/141 130/165/141
f 122/141/142 137/164/142 138/166/142
f 115/142/143 130/165/143 131/167/143
f 124/145/144 123/143/144 138/166/144
f 136/160/145 135/158/145 150/169/145
f 136/160/148 151/170/148 152/175/148
f 129/162/149 144/172/149 145/176/149
f 137/164/150 152/175/150 153/177/150
f 131/167/151 130/165/151 145/176/151
f 139/168/152 138/166/152 153/177/152
f 131/167/153 146/178/153 147/180/153
f 139/168/154 154/179/154 155/181/154
f 133/154/155 132/152/155 147/180/155
f 141/155/156 140/153/156 155/181/156
f 133/154/157 148/182/157 149/184/157
f 141/155/158 156/183/158 157/185/158
f 135/158/159 134/156/159 149/184/159
f 143/159/160 142/157/160 157/185/160
f 154/179/161 169/202/161 170/186/161
f 148/182/162 147/180/162 162/187/162
f 156/183/163 155/181/163 170/186/163
f 148/182/164 163/188/164 164/190/164
f 156/183/518 171/189/518 172/191/518
f 150/169/166 149/184/166 164/190/166
f 157/185/167 172/191/167 173/193/167
f 151/170/168 150/169/168 165/192/168
f 151/170/171 166/194/171 167/198/171
f 144/172/172 159/196/172 160/199/172
f 152/175/173 167/198/173 168/200/173
f 146/178/519 145/176/519 160/199/519
f 154/179/175 153/177/175 168/200/175
f 146/178/176 161/201/176 162/187/176
f 166/194/178 181/217/178 182/205/178
f 159/196/179 174/219/179 175/206/179
f 167/198/180 182/205/180 183/207/180
f 160/199/181 175/206/181 176/208/181
f 169/202/182 168/200/182 183/207/182
f 161/201/183 176/208/183 177/210/183
f 169/202/184 184/209/184 185/211/184
f 163/188/185 162/187/185 177/210/185
f 170/186/186 185/211/186 186/213/186
f 163/188/187 178/212/187 179/214/187
f 172/191/188 171/189/188 186/213/188
f 165/192/189 164/190/189 179/214/189
f 173/193/190 172/191/190 187/215/190
f 166/194/191 165/192/191 180/216/191
f 186/213/193 185/211/193 200/220/193
f 178/212/194 193/236/194 194/222/194
f 186/213/195 201/221/195 202/223/195
f 180/216/196 179/214/196 194/222/196
f 187/215/197 202/223/197 203/225/197
f 181/217/198 180/216/198 195/224/198
f 181/217/201 196/226/201 197/230/201
f 175/206/202 174/219/202 189/228/202
f 182/205/203 197/230/203 198/232/203
f 176/208/204 175/206/204 190/231/204
f 184/209/205 183/207/205 198/232/205
f 176/208/206 191/233/206 192/235/206
f 184/209/207 199/234/207 200/220/207
f 178/212/208 177/210/208 192/235/208
f 189/228/209 204/251/209 205/237/209
f 197/230/210 212/253/210 213/238/210
f 190/231/211 205/237/211 206/239/211
f 199/234/212 198/232/212 213/238/212
f 191/233/213 206/239/213 207/241/213
f 199/234/214 214/240/214 215/242/214
f 193/236/215 192/235/215 207/241/215
f 201/221/216 200/220/216 215/242/216
f 193/236/217 208/243/217 209/245/217
f 201/221/520 216/244/520 217/246/520
f 195/224/219 194/222/219 209/245/219
f 202/223/220 217/246/220 218/248/220
f 196/226/221 195/224/221 210/247/221
f 196/226/224 211/249/224 212/253/224
f 208/243/225 223/269/225 224/254/225
f 216/244/226 231/270/226 232/255/226
f 210/247/227 209/245/227 224/254/227
f 217/246/228 232/255/228 233/257/228
f 211/249/229 210/247/229 225/256/229
f 211/249/232 226/258/232 227/262/232
f 204/251/233 219/260/233 220/263/233
f 212/253/234 227/262/234 228/264/234
f 205/237/235 220/263/235 221/265/235
f 214/240/236 213/238/236 228/264/236
f 206/239/237 221/265/237 222/267/237
f 214/240/238 229/266/238 230/268/238
f 208/243/239 207/241/239 222/267/239
f 216/244/240 215/242/240 230/268/240
f 227/262/241 242/287/241 243/271/241
f 221/265/242 220/263/242 235/272/242
f 229/266/243 228/264/243 243/271/243
f 221/265/244 236/273/244 237/275/244
f 229/266/245 244/274/245 245/276/245
f 223/269/246 222/267/246 237/275/246
f 231/270/247 230/268/247 245/276/247
f 223/269/248 238/277/248 239/279/248
f 231/270/249 246/278/249 247/280/249
f 225/256/250 224/254/250 239/279/250
f 233/257/251 232/255/251 247/280/251
f 226/258/252 225/256/252 240/281/252
f 226/258/255 241/283/255 242/287/255
f 219/260/256 234/285/256 235/272/256
f 246/278/257 261/304/257 262/288/257
f 240/281/258 239/279/258 254/289/258
f 247/280/259 262/288/259 263/291/259
f 241/283/521 240/281/521 255/290/521
f 241/283/522 256/292/522 257/296/522
f 234/285/264 249/294/264 250/297/264
f 242/287/265 257/296/265 258/298/265
f 235/272/266 250/297/266 251/299/266
f 244/274/267 243/271/267 258/298/267
f 236/273/268 251/299/268 252/301/268
f 244/274/269 259/300/269 260/302/269
f 238/277/270 237/275/270 252/301/270
f 246/278/271 245/276/271 260/302/271
f 238/277/272 253/303/272 254/289/272
f 250/297/273 265/321/273 266/305/273
f 259/300/274 258/298/274 273/306/274
f 251/299/275 266/305/275 267/308/275
f 259/300/276 274/307/276 275/309/276
f 253/303/277 252/301/277 267/308/277
f 261/304/278 260/302/278 275/309/278
f 253/303/279 268/310/279 269/312/279
f 261/304/280 276/311/280 277/313/280
f 255/290/281 254/289/281 269/312/281
f 262/288/282 277/313/282 278/315/282
f 256/292/283 255/290/283 270/314/283
f 256/292/286 271/316/286 272/320/286
f 250/297/287 249/294/287 264/318/287
f 257/296/288 272/320/288 273/306/288
f 270/314/289 269/312/289 284/322/289
f 278/315/290 277/313/290 292/324/290
f 271/316/291 270/314/291 285/323/291
f 271/316/294 286/326/294 287/330/294
f 265/321/295 264/318/295 279/328/295
f 272/320/296 287/330/296 288/332/296
f 265/321/523 280/331/523 281/333/523
f 274/307/298 273/306/298 288/332/298
f 266/305/299 281/333/299 282/335/299
f 274/307/300 289/334/300 290/336/300
f 268/310/301 267/308/301 282/335/301
f 276/311/302 275/309/302 290/336/302
f 268/310/303 283/337/303 284/322/303
f 276/311/524 291/338/524 292/324/524
f 289/334/305 288/332/305 303/339/305
f 281/333/306 296/355/306 297/341/306
f 289/334/307 304/340/307 305/342/307
f 283/337/308 282/335/308 297/341/308
f 291/338/309 290/336/309 305/342/309
f 283/337/310 298/343/310 299/345/310
f 291/338/311 306/344/311 307/346/311
f 285/323/312 284/322/312 299/345/312
f 293/325/313 292/324/313 307/346/313
f 286/326/314 285/323/314 300/347/314
f 286/326/317 301/349/317 302/353/317
f 279/328/318 294/351/318 295/354/318
f 287/330/319 302/353/319 303/339/319
f 280/331/320 295/354/320 296/355/320
f 307/346/525 322/372/525 323/356/525
f 301/349/322 300/347/322 315/357/322
f 301/349/325 316/358/325 317/362/325
f 294/351/326 309/360/326 310/363/326
f 302/353/327 317/362/327 318/364/327
f 295/354/328 310/363/328 311/365/328
f 304/340/329 303/339/329 318/364/329
f 296/355/330 311/365/330 312/367/330
f 304/340/331 319/366/331 320/368/331
f 298/343/332 297/341/332 312/367/332
f 306/344/333 305/342/333 320/368/333
f 298/343/334 313/369/334 314/371/334
f 306/344/335 321/370/335 322/372/335
f 300/347/336 299/345/336 314/371/336
f 319/366/337 334/388/337 335/373/337
f 312/367/338 327/389/338 328/374/338
f 321/370/339 320/368/339 335/373/339
f 313/369/340 328/374/340 329/376/340
f 321/370/526 336/375/526 337/377/526
f 315/357/342 314/371/342 329/376/342
f 322/372/343 337/377/343 338/379/343
f 316/358/344 315/357/344 330/378/344
f 316/358/347 331/380/347 332/384/347
f 309/360/348 324/382/348 325/385/348
f 317/362/349 332/384/349 333/386/349
f 310/363/350 325/385/350 326/387/350
f 319/366/351 318/364/351 333/386/351
f 311/365/352 326/387/352 327/389/352
f 331/380/355 346/406/355 347/394/355
f 324/382/356 339/391/356 340/395/356
f 332/384/357 347/394/357 348/396/357
f 325/385/358 340/395/358 341/397/358
f 334/388/359 333/386/359 348/396/359
f 326/387/360 341/397/360 342/399/360
f 334/388/361 349/398/361 350/400/361
f 328/374/362 327/389/362 342/399/362
f 336/375/363 335/373/363 350/400/363
f 328/374/364 343/401/364 344/403/364
f 336/375/365 351/402/365 352/404/365
f 330/378/366 329/376/366 344/403/366
f 337/377/367 352/404/367 353/393/367
f 331/380/368 330/378/368 345/405/368
f 343/401/369 342/399/369 357/407/369
f 351/402/370 350/400/370 365/409/370
f 343/401/371 358/408/371 359/411/371
f 351/402/372 366/410/372 367/412/372
f 345/405/373 344/403/373 359/411/373
f 352/404/374 367/412/374 368/414/374
f 346/406/527 345/405/527 360/413/527
f 346/406/528 361/415/528 362/419/528
f 339/391/379 354/417/379 355/420/379
f 347/394/380 362/419/380 363/421/380
f 341/397/381 340/395/381 355/420/381
f 349/398/382 348/396/382 363/421/382
f 341/397/383 356/422/383 357/407/383
f 349/398/384 364/423/384 365/409/384
f 361/424/529 376/452/529 377/425/529
f 354/427/386 369/454/386 370/428/386
f 362/426/387 377/425/387 378/430/387
f 356/432/388 355/429/388 370/428/388
f 364/434/389 363/431/389 378/430/389
f 356/432/390 371/433/390 372/436/390
f 364/434/391 379/435/391 380/438/391
f 358/440/392 357/437/392 372/436/392
f 366/442/393 365/439/393 380/438/393
f 358/440/394 373/441/394 374/444/394
f 366/442/395 381/443/395 382/446/395
f 360/448/396 359/445/396 374/444/396
f 367/447/397 382/446/397 383/450/397
f 361/424/530 360/448/530 375/449/530
f 381/443/401 380/438/401 395/456/401
f 373/441/402 388/472/402 389/458/402
f 381/443/403 396/457/403 397/459/403
f 375/449/404 374/444/404 389/458/404
f 382/446/405 397/459/405 398/461/405
f 376/452/406 375/449/406 390/460/406
f 376/452/409 391/462/409 392/466/409
f 369/454/410 384/464/410 385/467/410
f 377/425/411 392/466/411 393/468/411
f 371/433/412 370/428/412 385/467/412
f 379/435/413 378/430/413 393/468/413
f 371/433/414 386/469/414 387/471/414
f 379/435/415 394/470/415 395/456/415
f 373/441/416 372/436/416 387/471/416
f 385/467/417 384/464/417 399/473/417
f 392/466/418 407/489/418 408/475/418
f 385/467/419 400/474/419 401/476/419
f 394/470/420 393/468/420 408/475/420
f 386/469/421 401/476/421 402/478/421
f 394/470/422 409/477/422 410/479/422
f 388/472/423 387/471/423 402/478/423
f 396/457/424 395/456/424 410/479/424
f 388/472/425 403/480/425 404/482/425
f 397/459/426 396/457/426 411/481/426
f 390/460/427 389/458/427 404/482/427
f 397/459/428 412/483/428 413/485/428
f 391/462/429 390/460/429 405/484/429
f 391/462/432 406/486/432 407/489/432
f 403/480/433 418/505/433 419/490/433
f 411/481/434 426/506/434 427/491/434
f 405/484/435 404/482/435 419/490/435
f 412/483/436 427/491/436 428/493/436
f 406/486/437 405/484/437 420/492/437
f 406/486/440 421/494/440 422/498/440
f 399/473/441 414/496/441 415/499/441
f 407/489/442 422/498/442 423/500/442
f 401/476/443 400/474/443 415/499/443
f 409/477/444 408/475/444 423/500/444
f 401/476/445 416/501/445 417/503/445
f 409/477/446 424/502/446 425/504/446
f 403/480/447 402/478/447 417/503/447
f 411/481/448 410/479/448 425/504/448
f 422/498/449 437/523/449 438/507/449
f 416/501/450 415/499/450 430/508/450
f 424/502/451 423/500/451 438/507/451
f 416/501/452 431/509/452 432/511/452
f 424/502/453 439/510/453 440/512/453
f 418/505/454 417/503/454 432/511/454
f 426/506/455 425/504/455 440/512/455
f 418/505/456 433/513/456 434/515/456
f 426/506/457 441/514/457 442/516/457
f 420/492/458 419/490/458 434/515/458
f 427/491/459 442/516/459 443/518/459
f 421/494/460 420/492/460 435/517/460
f 421/494/463 436/519/463 437/523/463
f 414/496/464 429/521/464 430/508/464
f 441/514/465 456/540/465 457/524/465
f 435/517/466 434/515/466 449/525/466
f 442/516/467 457/524/467 458/527/467
f 436/519/468 435/517/468 450/526/468
f 436/519/471 451/528/471 452/532/471
f 430/508/472 429/521/472 444/530/472
f 437/523/473 452/532/473 453/534/473
f 430/508/474 445/533/474 446/535/474
f 439/510/475 438/507/475 453/534/475
f 431/509/476 446/535/476 447/537/476
f 439/510/477 454/536/477 455/538/477
f 433/513/478 432/511/478 447/537/478
f 441/514/479 440/512/479 455/538/479
f 433/513/480 448/539/480 449/525/480
f 454/536/481 453/534/481 468/541/481
f 446/535/482 461/557/482 462/543/482
f 454/536/483 469/542/483 470/544/483
f 448/539/484 447/537/484 462/543/484
f 456/540/485 455/538/485 470/544/485
f 448/539/486 463/545/486 464/547/486
f 456/540/487 471/546/487 472/548/487
f 450/526/488 449/525/488 464/547/488
f 458/527/489 457/524/489 472/548/489
f 451/528/490 450/526/490 465/549/490
f 451/528/493 466/551/493 467/555/493
f 444/530/494 459/553/494 460/556/494
f 452/532/495 467/555/495 468/541/495
f 446/535/496 445/533/496 460/556/496
f 472/548/497 481/4/497 482/6/497
f 466/551/498 465/549/498 4/1/498
f 466/551/501 5/8/501 6/14/501
f 460/556/502 459/553/502 474/9/502
f 467/555/503 6/14/503 478/18/503
f 461/557/504 460/556/504 475/15/504
f 468/541/505 478/18/505 7/22/505
f 462/543/506 461/557/506 2/19/506
f 469/542/507 7/22/507 479/26/507
f 463/545/508 462/543/508 476/23/508
f 471/546/509 470/544/509 479/26/509
f 464/547/510 463/545/510 3/27/510
f 471/546/511 480/30/511 481/4/511
f 465/549/512 464/547/512 477/31/512
o Sphere.001
v 0.000000 1.873107 0.000000
v 0.000000 1.746709 -0.416678
v 0.000000 1.539785 -0.623602
v 0.000000 1.269425 -0.735589
v 0.000000 1.123107 -0.750000
v 0.000000 0.976789 -0.735589
v 0.000000 0.706429 -0.623602
v 0.000000 0.373107 0.000000
v 0.028545 1.858696 -0.143506
v 0.055993 1.816017 -0.281498
v 0.081290 1.746709 -0.408671
v 0.103462 1.653437 -0.520140
v 0.121659 1.539785 -0.611620
v 0.135180 1.410120 -0.679596
v 0.143506 1.269425 -0.721455
v 0.146318 1.123107 -0.735589
v 0.143506 0.976789 -0.721455
v 0.135180 0.836095 -0.679596
v 0.121659 0.706429 -0.611620
v 0.103462 0.592777 -0.520140
v 0.081290 0.499505 -0.408671
v 0.055993 0.430198 -0.281498
v 0.028545 0.387518 -0.143506
v 0.055993 1.858696 -0.135180
v 0.109835 1.816017 -0.265165
v 0.159456 1.746709 -0.384960
v 0.202949 1.653437 -0.489961
v 0.238642 1.539785 -0.576133
v 0.265165 1.410120 -0.640165
v 0.281498 1.269425 -0.679596
v 0.287013 1.123107 -0.692910
v 0.281498 0.976789 -0.679596
v 0.265165 0.836095 -0.640165
v 0.238642 0.706429 -0.576133
v 0.202949 0.592777 -0.489961
v 0.159456 0.499505 -0.384960
v 0.109835 0.430198 -0.265165
v 0.055993 0.387518 -0.135180
v 0.081290 1.858696 -0.121659
v 0.159456 1.816017 -0.238642
v 0.231494 1.746709 -0.346455
v 0.294636 1.653437 -0.440953
v 0.346455 1.539785 -0.518506
v 0.384960 1.410120 -0.576133
v 0.408671 1.269425 -0.611620
v 0.416678 1.123107 -0.623602
v 0.408671 0.976789 -0.611620
v 0.384960 0.836095 -0.576133
v 0.346455 0.706429 -0.518506
v 0.294636 0.592777 -0.440953
v 0.231494 0.499505 -0.346455
v 0.159456 0.430198 -0.238642
v 0.081290 0.387518 -0.121659
v 0.103462 1.858696 -0.103462
v 0.202949 1.816017 -0.202949
v 0.294636 1.746709 -0.294636
v 0.375000 1.653437 -0.375000
v 0.440953 1.539785 -0.440953
v 0.489961 1.410120 -0.489961
v 0.520140 1.269425 -0.520140
v 0.530330 1.123107 -0.530330
v 0.520140 0.976789 -0.520140
v 0.489961 0.836095 -0.489961
v 0.440953 0.706429 -0.440953
v 0.375000 0.592777 -0.375000
v 0.294636 0.499505 -0.294636
v 0.202949 0.430198 -0.202949
v 0.103462 0.387518 -0.103462
v 0.121659 1.858696 -0.081290
v 0.238642 1.816017 -0.159456
v 0.346455 1.746709 -0.231494
v 0.440953 1.653437 -0.294636
v 0.518506 1.539785 -0.346455
v 0.576133 1.410120 -0.384960
v 0.611620 1.269425 -0.408671
v 0.623602 1.123107 -0.416678
v 0.611620 0.976789 -0.408671
v 0.576133 0.836095 -0.384960
v 0.518506 0.706429 -0.346455
v 0.440953 0.592777 -0.294636
v 0.346455 0.499505 -0.231494
v 0.238642 0.430198 -0.159456
v 0.121659 0.387518 -0.081290
v 0.135180 1.858696 -0.055993
v 0.265165 1.816017 -0.109835
v 0.384960 1.746709 -0.159456
v 0.489961 1.653437 -0.202949
v 0.576133 1.539785 -0.238642
v 0.640165 1.410120 -0.265165
v 0.679595 1.269425 -0.281498
v 0.692910 1.123107 -0.287012
v 0.679595 0.976789 -0.281498
v 0.640165 0.836095 -0.265165
v 0.576133 0.706429 -0.238642
v 0.489961 0.592777 -0.202949
v 0.384960 0.499505 -0.159456
v 0.265165 0.430198 -0.109835
v 0.135180 0.387518 -0.055993
v 0.143506 1.858696 -0.028545
v 0.281498 1.816017 -0.055993
v 0.408671 1.746709 -0.081290
v 0.520140 1.653437 -0.103462
v 0.611620 1.539785 -0.121659
v 0.679595 1.410120 -0.135180
v 0.721455 1.269425 -0.143506
v 0.735589 1.123107 -0.146318
v 0.721455 0.976789 -0.143506
v 0.679595 0.836095 -0.135180
v 0.611620 0.706429 -0.121659
v 0.520140 0.592777 -0.103462
v 0.408671 0.499505 -0.081290
v 0.281498 0.430198 -0.055993
v 0.143506 0.387518 -0.028545
v 0.146318 1.858696 0.000000
v 0.287013 1.816017 0.000000
v 0.416678 1.746709 0.000000
v 0.530330 1.653437 -0.000000
v 0.623602 1.539785 0.000000
v 0.692910 1.410120 -0.000000
v 0.735589 1.269425 0.000000
v 0.750000 1.123107 0.000000
v 0.735589 0.976789 0.000000
v 0.692910 0.836095 -0.000000
v 0.623602 0.706429 0.000000
v 0.530330 0.592777 -0.000000
v 0.416678 0.499505 0.000000
v 0.287013 0.430198 0.000000
v 0.146318 0.387518 0.000000
v 0.143506 1.858696 0.028545
v 0.281498 1.816017 0.055993
v 0.408671 1.746709 0.081290
v 0.520140 1.653437 0.103462
v 0.611620 1.539785 0.121659
v 0.679595 1.410120 0.135180
v 0.721455 1.269425 0.143506
v 0.735589 1.123107 0.146318
v 0.721455 0.976789 0.143506
v 0.679595 0.836095 0.135180
v 0.611620 0.706429 0.121659
v 0.520140 0.592777 0.103462
v 0.408671 0.499505 0.081290
v 0.281498 0.430198 0.055993
v 0.143506 0.387518 0.028545
v 0.135180 1.858696 0.055993
v 0.265165 1.816017 0.109835
v 0.384960 1.746709 0.159456
v 0.489961 1.653437 0.202948
v 0.576133 1.539785 0.238642
v 0.640165 1.410120 0.265165
v 0.679595 1.269425 0.281498
v 0.692909 1.123107 0.287013
v 0.679595 0.976789 0.281498
v 0.640165 0.836095 0.265165
v 0.576133 0.706429 0.238642
v 0.489961 0.592777 0.202948
v 0.384960 0.499505 0.159456
v 0.265165 0.430198 0.109835
v 0.135180 0.387518 0.055993
v 0.121659 1.858696 0.081290
v 0.238642 1.816017 0.159456
v 0.346455 1.746709 0.231494
v 0.440953 1.653437 0.294636
v 0.518506 1.539785 0.346455
v 0.576133 1.410120 0.384960
v 0.611620 1.269425 0.408671
v 0.623602 1.123107 0.416678
v 0.611620 0.976789 0.408671
v 0.576133 0.836095 0.384960
v 0.518506 0.706429 0.346455
v 0.440953 0.592777 0.294636
v 0.346455 0.499505 0.231494
v 0.238642 0.430198 0.159456
v 0.121659 0.387518 0.081290
v 0.103462 1.858696 0.103462
v 0.202948 1.816017 0.202949
v 0.294635 1.746709 0.294636
v 0.375000 1.653437 0.375000
v 0.440953 1.539785 0.440953
v 0.489961 1.410120 0.489961
v 0.520140 1.269425 0.520140
v 0.530330 1.123107 0.530330
v 0.520140 0.976789 0.520140
v 0.489961 0.836095 0.489961
v 0.440953 0.706429 0.440953
v 0.375000 0.592777 0.375000
v 0.294635 0.499505 0.294636
v 0.202948 0.430198 0.202949
v 0.103462 0.387518 0.103462
v 0.081290 1.858696 0.121659
v 0.159456 1.816017 0.238642
v 0.231494 1.746709 0.346455
v 0.294636 1.653437 0.440953
v 0.346455 1.539785 0.518506
v 0.384960 1.410120 0.576133
v 0.408671 1.269425 0.611620
v 0.416677 1.123107 0.623602
v 0.408671 0.976789 0.611620
v 0.384960 0.836095 0.576133
v 0.346455 0.706429 0.518506
v 0.294636 0.592777 0.440953
v 0.231494 0.499505 0.346455
v 0.159456 0.430198 0.238642
v 0.081290 0.387518 0.121659
v 0.055993 1.858696 0.135180
v 0.109835 1.816017 0.265165
v 0.159456 1.746709 0.384960
v 0.202948 1.653437 0.489961
v 0.238642 1.539785 0.576133
v 0.265165 1.410120 0.640165
v 0.281498 1.269425 0.679595
v 0.287012 1.123107 0.692909
v 0.281498 0.976789 0.679595
v 0.265165 0.836095 0.640165
v 0.238642 0.706429 0.576133
v 0.202948 0.592777 0.489961
v 0.159456 0.499505 0.384960
v 0.109835 0.430198 0.265165
v 0.055993 0.387518 0.135180
v 0.028545 1.858696 0.143506
v 0.055993 1.816017 0.281498
v 0.081290 1.746709 0.408671
v 0.103462 1.653437 0.520140
v 0.121659 1.539785 0.611620
v 0.135180 1.410120 0.679595
v 0.143506 1.269425 0.721455
v 0.146317 1.123107 0.735589
v 0.143506 0.976789 0.721455
v 0.135180 0.836095 0.679595
v 0.121659 0.706429 0.611620
v 0.103462 0.592777 0.520140
v 0.081290 0.499505 0.408671
v 0.055993 0.430198 0.281498
v 0.028545 0.387518 0.143506
v -0.000000 1.858696 0.146318
v -0.000000 1.816017 0.287013
v -0.000000 1.746709 0.416677
v -0.000000 1.653437 0.530330
v -0.000000 1.539785 0.623602
v 0.000000 1.410120 0.692909
v -0.000000 1.269425 0.735589
v -0.000000 1.123107 0.750000
v -0.000000 0.976789 0.735589
v 0.000000 0.836095 0.692909
v -0.000000 0.706429 0.623602
v -0.000000 0.592777 0.530330
v -0.000000 0.499505 0.416677
v -0.000000 0.430198 0.287013
v -0.000000 0.387518 0.146318
v -0.028545 1.858696 0.143506
v -0.055993 1.816017 0.281498
v -0.081290 1.746709 0.408671
v -0.103462 1.653437 0.520140
v -0.121659 1.539785 0.611620
v -0.135180 1.410120 0.679595
v -0.143506 1.269425 0.721455
v -0.146318 1.123107 0.735588
v -0.143506 0.976789 0.721455
v -0.135180 0.836095 0.679595
v -0.121659 0.706429 0.611620
v -0.103462 0.592777 0.520140
v -0.081290 0.499505 0.408671
v -0.055993 0.430198 0.281498
v -0.028545 0.387518 0.143506
v -0.055993 1.858696 0.135180
v -0.109835 1.816017 0.265165
v -0.159456 1.746709 0.384960
v -0.202948 1.653437 0.489961
v -0.238642 1.539785 0.576133
v -0.265165 1.410120 0.640165
v -0.281498 1.269425 0.679595
v -0.287013 1.123107 0.692909
v -0.281498 0.976789 0.679595
v -0.265165 0.836095 0.640165
v -0.238642 0.706429 0.576133
v -0.202948 0.592777 0.489961
v -0.159456 0.499505 0.384960
v -0.109835 0.430198 0.265165
v -0.055993 0.387518 0.135180
v -0.081290 1.858696 0.121659
v -0.159456 1.816017 0.238642
v -0.231494 1.746709 0.346455
v -0.294636 1.653437 0.440953
v -0.346455 1.539785 0.518506
v -0.384960 1.410120 0.576133
v -0.408671 1.269425 0.611620
v -0.416678 1.123107 0.623602
v -0.408671 0.976789 0.611620
v -0.384960 0.836095 0.576133
v -0.346455 0.706429 0.518506
v -0.294636 0.592777 0.440953
v -0.231494 0.499505 0.346455
v -0.159456 0.430198 0.238642
v -0.081290 0.387518 0.121659
v -0.103462 1.858696 0.103462
v -0.202948 1.816017 0.202948
v -0.294635 1.746709 0.294635
v -0.375000 1.653437 0.375000
v -0.440953 1.539785 0.440953
v -0.489961 1.410120 0.489961
v -0.520140 1.269425 0.520140
v -0.530330 1.123107 0.530329
v -0.520140 0.976789 0.520140
v -0.489961 0.836095 0.489961
v -0.440953 0.706429 0.440953
v -0.375000 0.592777 0.375000
v -0.294635 0.499505 0.294635
v -0.202948 0.430198 0.202948
v -0.103462 0.387518 0.103462
v -0.121659 1.858696 0.081290
v -0.238642 1.816017 0.159456
v -0.346455 1.746709 0.231493
v -0.440953 1.653437 0.294636
v -0.518506 1.539785 0.346455
v -0.576133 1.410120 0.384960
v -0.611620 1.269425 0.408671
v -0.623602 1.123107 0.416677
v -0.611620 0.976789 0.408671
v -0.576133 0.836095 0.384960
v -0.518506 0.706429 0.346455
v -0.440953 0.592777 0.294636
v -0.346455 0.499505 0.231493
v -0.238642 0.430198 0.159456
v -0.121659 0.387518 0.081290
v -0.135180 1.858696 0.055993
v -0.265165 1.816017 0.109835
v -0.384960 1.746709 0.159455
v -0.489961 1.653437 0.202948
v -0.576133 1.539785 0.238642
v -0.640165 1.410120 0.265165
v -0.679595 1.269425 0.281497
v -0.692909 1.123107 0.287012
v -0.679595 0.976789 0.281497
v -0.640165 0.836095 0.265165
v -0.576133 0.706429 0.238642
v -0.489961 0.592777 0.202948
v -0.384960 0.499505 0.159455
v -0.265165 0.430198 0.109835
v -0.135180 0.387518 0.055993
v -0.143506 1.858696 0.028545
v -0.281498 1.816017 0.055993
v -0.408671 1.746709 0.081290
v -0.520140 1.653437 0.103462
v -0.611620 1.539785 0.121659
v -0.679595 1.410120 0.135180
v -0.721455 1.269425 0.143506
v -0.735588 1.123107 0.146317
v -0.721455 0.976789 0.143506
v -0.679595 0.836095 0.135180
v -0.611620 0.706429 0.121659
v -0.520140 0.592777 0.103462
v -0.408671 0.499505 0.081290
v -0.281498 0.430198 0.055993
v -0.143506 0.387518 0.028545
v -0.146318 1.858696 -0.000000
v -0.287012 1.816017 -0.000000
v -0.416677 1.746709 -0.000000
v -0.530330 1.653437 -0.000000
v -0.623602 1.539785 -0.000000
v -0.692909 1.410120 -0.000000
v -0.735589 1.269425 -0.000000
v -0.749999 1.123107 -0.000000
v -0.735589 0.976789 -0.000000
v -0.692909 0.836095 -0.000000
v -0.623602 0.706429 -0.000000
v -0.530330 0.592777 -0.000000
v -0.416677 0.499505 -0.000000
v -0.287012 0.430198 -0.000000
v -0.146318 0.387518 -0.000000
v -0.143506 1.858696 -0.028545
v -0.281498 1.816017 -0.055993
v -0.408671 1.746709 -0.081290
v -0.520140 1.653437 -0.103462
v -0.611619 1.539785 -0.121659
v -0.679595 1.410120 -0.135180
v -0.721454 1.269425 -0.143506
v -0.735588 1.123107 -0.146318
v -0.721454 0.976789 -0.143506
v -0.679595 0.836095 -0.135180
v -0.611619 0.706429 -0.121659
v -0.520140 0.592777 -0.103462
v -0.408671 0.499505 -0.081290
v -0.281498 0.430198 -0.055993
v -0.143506 0.387518 -0.028545
v -0.135180 1.858696 -0.055993
v -0.265165 1.816017 -0.109835
v -0.384960 1.746709 -0.159456
v -0.489961 1.653437 -0.202948
v -0.576133 1.539785 -0.238642
v -0.640165 1.410120 -0.265165
v -0.679595 1.269425 -0.281498
v -0.692909 1.123107 -0.287013
v -0.679595 0.976789 -0.281498
v -0.640165 0.836095 -0.265165
v -0.576133 0.706429 -0.238642
v -0.489961 0.592777 -0.202948
v -0.384960 0.499505 -0.159456
v -0.265165 0.430198 -0.109835
v -0.135180 0.387518 -0.055993
v -0.121659 1.858696 -0.081290
v -0.238642 1.816017 -0.159456
v -0.346454 1.746709 -0.231494
v -0.440953 1.653437 -0.294636
v -0.518506 1.539785 -0.346455
v -0.576133 1.410120 -0.384960
v -0.611619 1.269425 -0.408671
v -0.623601 1.123107 -0.416678
v -0.611619 0.976789 -0.408671
v -0.576133 0.836095 -0.384960
v -0.518506 0.706429 -0.346455
v -0.440953 0.592777 -0.294636
v -0.346454 0.499505 -0.231494
v -0.238642 0.430198 -0.159456
v -0.121659 0.387518 -0.081290
v -0.103462 1.858696 -0.103462
v -0.202948 1.816017 -0.202948
v -0.294635 1.746709 -0.294635
v -0.375000 1.653437 -0.375000
v -0.440953 1.539785 -0.440953
v -0.489961 1.410120 -0.489961
v -0.520140 1.269425 -0.520140
v -0.530329 1.123107 -0.530330
v -0.520140 0.976789 -0.520140
v -0.489961 0.836095 -0.489961
v -0.440953 0.706429 -0.440953
v -0.375000 0.592777 -0.375000
v -0.294635 0.499505 -0.294635
v -0.202948 0.430198 -0.202948
v -0.103462 0.387518 -0.103462
v -0.081290 1.858696 -0.121659
v -0.159456 1.816017 -0.238642
v -0.231493 1.746709 -0.346455
v -0.294635 1.653437 -0.440953
v -0.346454 1.539785 -0.518506
v -0.384960 1.410120 -0.576133
v -0.408671 1.269425 -0.611620
v -0.416677 1.123107 -0.623602
v -0.408671 0.976789 -0.611620
v -0.384960 0.836095 -0.576133
v -0.346454 0.706429 -0.518506
v -0.294635 0.592777 -0.440953
v -0.231493 0.499505 -0.346455
v -0.159456 0.430198 -0.238642
v -0.081290 0.387518 -0.121659
v -0.055993 1.858696 -0.135180
v -0.109835 1.816017 -0.265165
v -0.159455 1.746709 -0.384960
v -0.202948 1.653437 -0.489961
v -0.238642 1.539785 -0.576133
v -0.265165 1.410120 -0.640165
v -0.281497 1.269425 -0.679595
v -0.287012 1.123107 -0.692909
v -0.281497 0.976789 -0.679595
v -0.265165 0.836095 -0.640165
v -0.238642 0.706429 -0.576133
v -0.202948 0.592777 -0.489961
v -0.159455 0.499505 -0.384960
v -0.109835 0.430198 -0.265165
v -0.055993 0.387518 -0.135180
v -0.028545 1.858696 -0.143506
v -0.055993 1.816017 -0.281498
v -0.081290 1.746709 -0.408671
v -0.103462 1.653437 -0.520140
v -0.121658 1.539785 -0.611619
v -0.135180 1.410120 -0.679595
v -0.143506 1.269425 -0.721454
v -0.146317 1.123107 -0.735588
v -0.143506 0.976789 -0.721454
v -0.135180 0.836095 -0.679595
v -0.121658 0.706429 -0.611619
v -0.103462 0.592777 -0.520140
v -0.081290 0.499505 -0.408671
v -0.055993 0.430198 -0.281498
v -0.028545 0.387518 -0.143506
v 0.000000 1.858696 -0.146318
v 0.000000 1.816017 -0.287012
v 0.000000 1.653437 -0.530330
v 0.000000 1.410120 -0.692909
v 0.000000 0.836095 -0.692909
v 0.000000 0.592777 -0.530330
v 0.000000 0.499505 -0.416677
v 0.000000 0.430198 -0.287012
v 0.000000 0.387518 -0.146318
vn 0.0938 0.2890 -0.9527
vn 0.0286 -0.9565 -0.2902
vn 0.0975 0.0975 -0.9904
vn 0.0097 0.9951 -0.0980
vn 0.0097 -0.9951 -0.0980
vn 0.0975 -0.0976 -0.9904
vn 0.0286 0.9565 -0.2902
vn 0.0938 -0.2890 -0.9527
vn 0.0464 0.8810 -0.4709
vn 0.0865 -0.4696 -0.8786
vn 0.0624 0.7715 -0.6332
vn 0.0759 -0.6326 -0.7708
vn 0.0759 0.6326 -0.7708
vn 0.0624 -0.7715 -0.6332
vn 0.0865 0.4696 -0.8786
vn 0.0464 -0.8810 -0.4709
vn 0.1847 -0.7715 -0.6088
vn 0.2563 0.4696 -0.8448
vn 0.1374 -0.8810 -0.4528
vn 0.2779 0.2890 -0.9161
vn 0.0846 -0.9565 -0.2790
vn 0.2889 0.0976 -0.9524
vn 0.0286 0.9951 -0.0942
vn 0.0286 -0.9951 -0.0942
vn 0.2889 -0.0976 -0.9524
vn 0.0846 0.9565 -0.2790
vn 0.2779 -0.2890 -0.9161
vn 0.1374 0.8810 -0.4528
vn 0.2563 -0.4696 -0.8448
vn 0.1847 0.7715 -0.6088
vn 0.2248 -0.6326 -0.7412
vn 0.2248 0.6326 -0.7412
vn 0.4513 -0.2890 -0.8443
vn 0.2231 0.8810 -0.4173
vn 0.4162 -0.4696 -0.7786
vn 0.2999 0.7715 -0.5611
vn 0.3651 -0.6326 -0.6831
vn 0.3651 0.6326 -0.6831
vn 0.2999 -0.7715 -0.5611
vn 0.4162 0.4696 -0.7786
vn 0.2230 -0.8810 -0.4173
vn 0.4513 0.2890 -0.8443
vn 0.1374 -0.9565 -0.2571
vn 0.4691 0.0975 -0.8777
vn 0.0464 0.9951 -0.0869
vn 0.0464 -0.9951 -0.0869
vn 0.4691 -0.0975 -0.8777
vn 0.1374 0.9565 -0.2571
vn 0.3002 -0.8810 -0.3658
vn 0.6073 0.2890 -0.7400
vn 0.1850 -0.9565 -0.2254
vn 0.6314 0.0975 -0.7693
vn 0.0625 0.9951 -0.0761
vn 0.0625 -0.9951 -0.0761
vn 0.6314 -0.0975 -0.7693
vn 0.1850 0.9565 -0.2254
vn 0.6073 -0.2890 -0.7400
vn 0.3002 0.8810 -0.3658
vn 0.5601 -0.4696 -0.6825
vn 0.4036 0.7715 -0.4918
vn 0.4913 -0.6326 -0.5987
vn 0.4913 0.6326 -0.5987
vn 0.4036 -0.7715 -0.4918
vn 0.5601 0.4696 -0.6825
vn 0.3658 0.8810 -0.3002
vn 0.6825 -0.4696 -0.5601
vn 0.4918 0.7715 -0.4036
vn 0.5987 -0.6326 -0.4913
vn 0.5987 0.6326 -0.4913
vn 0.4918 -0.7715 -0.4036
vn 0.6825 0.4696 -0.5601
vn 0.3658 -0.8810 -0.3002
vn 0.7400 0.2890 -0.6073
vn 0.2254 -0.9566 -0.1850
vn 0.7693 0.0975 -0.6314
vn 0.0761 0.9951 -0.0625
vn 0.0761 -0.9951 -0.0625
vn 0.7693 -0.0975 -0.6314
vn 0.2254 0.9565 -0.1850
vn 0.7400 -0.2890 -0.6073
vn 0.8443 0.2890 -0.4513
vn 0.2571 -0.9565 -0.1374
vn 0.8777 0.0975 -0.4691
vn 0.0869 0.9951 -0.0464
vn 0.0869 -0.9951 -0.0464
vn 0.8777 -0.0975 -0.4691
vn 0.2571 0.9565 -0.1374
vn 0.8443 -0.2890 -0.4513
vn 0.4173 0.8810 -0.2230
vn 0.7786 -0.4696 -0.4162
vn 0.5611 0.7715 -0.2999
vn 0.6831 -0.6326 -0.3651
vn 0.6831 0.6326 -0.3651
vn 0.5611 -0.7715 -0.2999
vn 0.7786 0.4696 -0.4162
vn 0.4173 -0.8810 -0.2230
vn 0.8448 -0.4696 -0.2563
vn 0.6088 0.7715 -0.1847
vn 0.7412 -0.6326 -0.2248
vn 0.7412 0.6326 -0.2248
vn 0.6088 -0.7715 -0.1847
vn 0.8448 0.4696 -0.2563
vn 0.4528 -0.8810 -0.1374
vn 0.9161 0.2890 -0.2779
vn 0.2790 -0.9565 -0.0846
vn 0.9524 0.0975 -0.2889
vn 0.0942 0.9951 -0.0286
vn 0.0942 -0.9951 -0.0286
vn 0.9524 -0.0975 -0.2889
vn 0.2790 0.9565 -0.0846
vn 0.9161 -0.2890 -0.2779
vn 0.4528 0.8810 -0.1374
vn 0.2902 -0.9565 -0.0286
vn 0.9904 0.0975 -0.0975
vn 0.0980 0.9951 -0.0097
vn 0.0980 -0.9951 -0.0097
vn 0.9904 -0.0975 -0.0975
vn 0.2902 0.9565 -0.0286
vn 0.9527 -0.2890 -0.0938
vn 0.4709 0.8810 -0.0464
vn 0.8786 -0.4696 -0.0865
vn 0.6332 0.7715 -0.0624
vn 0.7708 -0.6326 -0.0759
vn 0.7708 0.6326 -0.0759
vn 0.6332 -0.7715 -0.0624
vn 0.8786 0.4696 -0.0865
vn 0.4709 -0.8810 -0.0464
vn 0.9527 0.2890 -0.0938
vn 0.6332 0.7715 0.0624
vn 0.7708 -0.6326 0.0759
vn 0.7708 0.6326 0.0759
vn 0.6332 -0.7715 0.0624
vn 0.8786 0.4696 0.0865
vn 0.4709 -0.8810 0.0464
vn 0.9527 0.2890 0.0938
vn 0.2902 -0.9565 0.0286
vn 0.9904 0.0975 0.0976
vn 0.0980 0.9951 0.0097
vn 0.0980 -0.9951 0.0097
vn 0.9904 -0.0975 0.0976
vn 0.2902 0.9565 0.0286
vn 0.9527 -0.2890 0.0938
vn 0.4709 0.8810 0.0464
vn 0.8786 -0.4696 0.0865
vn 0.9524 0.0975 0.2889
vn 0.0942 0.9951 0.0286
vn 0.0942 -0.9951 0.0286
vn 0.9524 -0.0975 0.2889
vn 0.2790 0.9565 0.0846
vn 0.9161 -0.2890 0.2779
vn 0.4528 0.8810 0.1374
vn 0.8448 -0.4696 0.2563
vn 0.6088 0.7715 0.1847
vn 0.7412 -0.6326 0.2248
vn 0.7412 0.6326 0.2248
vn 0.6088 -0.7715 0.1847
vn 0.8448 0.4696 0.2563
vn 0.4528 -0.8810 0.1374
vn 0.9161 0.2890 0.2779
vn 0.2790 -0.9565 0.0846
vn 0.6831 -0.6326 0.3651
vn 0.6831 0.6326 0.3651
vn 0.5611 -0.7715 0.2999
vn 0.7786 0.4696 0.4162
vn 0.4173 -0.8810 0.2230
vn 0.8443 0.2890 0.4513
vn 0.2571 -0.9565 0.1374
vn 0.8777 0.0975 0.4691
vn 0.0869 0.9951 0.0464
vn 0.0869 -0.9951 0.0464
vn 0.8777 -0.0975 0.4691
vn 0.2571 0.9565 0.1374
vn 0.8443 -0.2890 0.4513
vn 0.4173 0.8810 0.2231
vn 0.7786 -0.4696 0.4162
vn 0.5611 0.7715 0.2999
vn 0.0761 -0.9951 0.0625
vn 0.7693 -0.0975 0.6314
vn 0.2254 0.9565 0.1850
vn 0.7400 -0.2890 0.6073
vn 0.3658 0.8810 0.3002
vn 0.6825 -0.4696 0.5601
vn 0.4918 0.7715 0.4036
vn 0.5987 -0.6326 0.4913
vn 0.5987 0.6326 0.4913
vn 0.4918 -0.7715 0.4036
vn 0.6825 0.4696 0.5601
vn 0.3658 -0.8810 0.3002
vn 0.7400 0.2890 0.6073
vn 0.2254 -0.9565 0.1850
vn 0.7693 0.0975 0.6314
vn 0.0761 0.9951 0.0625
vn 0.4036 -0.7715 0.4918
vn 0.5601 0.4696 0.6825
vn 0.3002 -0.8810 0.3658
vn 0.6073 0.2890 0.7400
vn 0.1850 -0.9565 0.2254
vn 0.6314 0.0975 0.7693
vn 0.0625 0.9951 0.0761
vn 0.0625 -0.9951 0.0761
vn 0.6314 -0.0975 0.7693
vn 0.1850 0.9565 0.2254
vn 0.6073 -0.2890 0.7400
vn 0.3002 0.8810 0.3658
vn 0.5601 -0.4696 0.6825
vn 0.4036 0.7715 0.4918
vn 0.4913 -0.6326 0.5987
vn 0.4913 0.6326 0.5987
vn 0.1374 0.9565 0.2571
vn 0.4513 -0.2890 0.8443
vn 0.2230 0.8810 0.4173
vn 0.4162 -0.4696 0.7786
vn 0.2999 0.7715 0.5611
vn 0.3651 -0.6326 0.6831
vn 0.3651 0.6326 0.6831
vn 0.2999 -0.7715 0.5611
vn 0.4162 0.4696 0.7786
vn 0.2230 -0.8810 0.4173
vn 0.4513 0.2890 0.8443
vn 0.1374 -0.9565 0.2571
vn 0.4691 0.0975 0.8777
vn 0.0464 0.9951 0.0869
vn 0.0464 -0.9951 0.0869
vn 0.4691 -0.0975 0.8777
vn 0.2563 0.4696 0.8448
vn 0.1374 -0.8810 0.4528
vn 0.2779 0.2890 0.9161
vn 0.0846 -0.9565 0.2790
vn 0.2889 0.0975 0.9524
vn 0.0286 0.9951 0.0942
vn 0.0286 -0.9951 0.0942
vn 0.2889 -0.0975 0.9524
vn 0.0846 0.9565 0.2790
vn 0.2779 -0.2890 0.9161
vn 0.1374 0.8810 0.4528
vn 0.2563 -0.4696 0.8448
vn 0.1847 0.7715 0.6088
vn 0.2248 -0.6326 0.7412
vn 0.2248 0.6326 0.7412
vn 0.1847 -0.7715 0.6088
vn 0.0938 -0.2890 0.9527
vn 0.0464 0.8810 0.4709
vn 0.0865 -0.4696 0.8786
vn 0.0624 0.7715 0.6332
vn 0.0759 -0.6326 0.7708
vn 0.0759 0.6326 0.7708
vn 0.0624 -0.7715 0.6332
vn 0.0865 0.4696 0.8786
vn 0.0464 -0.8810 0.4709
vn 0.0938 0.2890 0.9527
vn 0.0286 -0.9565 0.2902
vn 0.0975 0.0975 0.9904
vn 0.0097 0.9951 0.0980
vn 0.0097 -0.9951 0.0980
vn 0.0975 -0.0975 0.9904
vn 0.0286 0.9565 0.2902
vn -0.0464 -0.8810 0.4709
vn -0.0938 0.2890 0.9527
vn -0.0286 -0.9565 0.2902
vn -0.0976 0.0975 0.9904
vn -0.0097 0.9951 0.0980
vn -0.0097 -0.9951 0.0980
vn -0.0975 -0.0975 0.9904
vn -0.0286 0.9565 0.2902
vn -0.0938 -0.2890 0.9527
vn -0.0464 0.8810 0.4709
vn -0.0865 -0.4696 0.8786
vn -0.0624 0.7715 0.6332
vn -0.0759 -0.6326 0.7708
vn -0.0759 0.6326 0.7708
vn -0.0624 -0.7715 0.6332
vn -0.0865 0.4696 0.8786
vn -0.1374 0.8810 0.4528
vn -0.2563 -0.4696 0.8448
vn -0.1847 0.7715 0.6088
vn -0.2248 -0.6326 0.7412
vn -0.2248 0.6326 0.7412
vn -0.1847 -0.7715 0.6088
vn -0.2563 0.4696 0.8448
vn -0.1374 -0.8810 0.4528
vn -0.2779 0.2890 0.9161
vn -0.0846 -0.9565 0.2790
vn -0.2889 0.0975 0.9524
vn -0.0286 0.9951 0.0942
vn -0.0286 -0.9951 0.0942
vn -0.2889 -0.0975 0.9524
vn -0.0846 0.9565 0.2790
vn -0.2779 -0.2890 0.9161
vn -0.4513 0.2890 0.8443
vn -0.1374 -0.9565 0.2571
vn -0.4691 0.0975 0.8777
vn -0.0464 0.9951 0.0869
vn -0.0464 -0.9951 0.0869
vn -0.4691 -0.0975 0.8777
vn -0.1374 0.9565 0.2571
vn -0.4513 -0.2890 0.8443
vn -0.2230 0.8810 0.4173
vn -0.4162 -0.4696 0.7786
vn -0.2999 0.7715 0.5611
vn -0.3651 -0.6326 0.6831
vn -0.3651 0.6326 0.6831
vn -0.2999 -0.7715 0.5611
vn -0.4162 0.4696 0.7786
vn -0.2230 -0.8810 0.4173
vn -0.5601 -0.4696 0.6825
vn -0.4036 0.7715 0.4918
vn -0.4913 -0.6326 0.5987
vn -0.4913 0.6326 0.5987
vn -0.4036 -0.7715 0.4918
vn -0.5601 0.4696 0.6825
vn -0.3002 -0.8810 0.3658
vn -0.6073 0.2890 0.7400
vn -0.1850 -0.9565 0.2254
vn -0.6314 0.0975 0.7693
vn -0.0625 0.9951 0.0761
vn -0.0625 -0.9951 0.0761
vn -0.6314 -0.0975 0.7693
vn -0.1850 0.9565 0.2254
vn -0.6073 -0.2890 0.7400
vn -0.3002 0.8810 0.3658
vn -0.2254 -0.9566 0.1850
vn -0.7693 0.0975 0.6314
vn -0.0761 0.9951 0.0625
vn -0.0761 -0.9951 0.0625
vn -0.7693 -0.0975 0.6314
vn -0.2254 0.9565 0.1850
vn -0.7400 -0.2890 0.6073
vn -0.3658 0.8810 0.3002
vn -0.6825 -0.4696 0.5601
vn -0.4918 0.7715 0.4036
vn -0.5987 -0.6326 0.4913
vn -0.5987 0.6326 0.4913
vn -0.4918 -0.7715 0.4036
vn -0.6825 0.4696 0.5601
vn -0.3658 -0.8810 0.3002
vn -0.7400 0.2890 0.6073
vn -0.6831 -0.6326 0.3651
vn -0.6831 0.6326 0.3651
vn -0.5611 -0.7715 0.2999
vn -0.7786 0.4696 0.4162
vn -0.4173 -0.8810 0.2231
vn -0.8443 0.2890 0.4513
vn -0.2571 -0.9565 0.1374
vn -0.8777 0.0975 0.4691
vn -0.0869 0.9951 0.0464
vn -0.0869 -0.9951 0.0464
vn -0.8777 -0.0975 0.4691
vn -0.2571 0.9565 0.1374
vn -0.8443 -0.2890 0.4513
vn -0.4173 0.8810 0.2230
vn -0.7786 -0.4696 0.4162
vn -0.5611 0.7715 0.2999
vn -0.0942 0.9951 0.0286
vn -0.0942 -0.9951 0.0286
vn -0.9524 -0.0975 0.2889
vn -0.2790 0.9565 0.0846
vn -0.9161 -0.2890 0.2779
vn -0.4528 0.8810 0.1374
vn -0.8448 -0.4696 0.2563
vn -0.6088 0.7715 0.1847
vn -0.7412 -0.6326 0.2248
vn -0.7412 0.6326 0.2248
vn -0.6088 -0.7715 0.1847
vn -0.8448 0.4696 0.2563
vn -0.4528 -0.8810 0.1374
vn -0.9161 0.2890 0.2779
vn -0.2790 -0.9565 0.0846
vn -0.9524 0.0975 0.2889
vn -0.7708 0.6326 0.0759
vn -0.6332 -0.7715 0.0624
vn -0.8786 0.4696 0.0865
vn -0.4709 -0.8810 0.0464
vn -0.9527 0.2890 0.0938
vn -0.2902 -0.9565 0.0286
vn -0.9904 0.0975 0.0975
vn -0.0980 0.9951 0.0097
vn -0.0980 -0.9951 0.0097
vn -0.9904 -0.0975 0.0976
vn -0.2902 0.9565 0.0286
vn -0.9527 -0.2890 0.0938
vn -0.4709 0.8810 0.0464
vn -0.8786 -0.4696 0.0865
vn -0.6332 0.7715 0.0624
vn -0.7708 -0.6326 0.0759
vn -0.9904 -0.0975 -0.0976
vn -0.2902 0.9565 -0.0286
vn -0.9527 -0.2890 -0.0938
vn -0.4709 0.8810 -0.0464
vn -0.8786 -0.4696 -0.0865
vn -0.6332 0.7715 -0.0624
vn -0.7708 -0.6326 -0.0759
vn -0.7708 0.6326 -0.0759
vn -0.6332 -0.7715 -0.0624
vn -0.8786 0.4696 -0.0865
vn -0.4709 -0.8810 -0.0464
vn -0.9527 0.2890 -0.0938
vn -0.2902 -0.9565 -0.0286
vn -0.9904 0.0975 -0.0975
vn -0.0980 0.9951 -0.0097
vn -0.0980 -0.9951 -0.0097
vn -0.6088 -0.7715 -0.1847
vn -0.8448 0.4696 -0.2563
vn -0.4528 -0.8810 -0.1374
vn -0.9161 0.2890 -0.2779
vn -0.2790 -0.9565 -0.0846
vn -0.9524 0.0975 -0.2889
vn -0.0942 0.9951 -0.0286
vn -0.0942 -0.9951 -0.0286
vn -0.9524 -0.0975 -0.2889
vn -0.2790 0.9565 -0.0846
vn -0.9161 -0.2890 -0.2779
vn -0.4528 0.8810 -0.1374
vn -0.8448 -0.4696 -0.2563
vn -0.6088 0.7715 -0.1847
vn -0.7412 -0.6326 -0.2248
vn -0.7412 0.6326 -0.2248
vn -0.2571 0.9565 -0.1374
vn -0.8443 -0.2890 -0.4513
vn -0.4173 0.8810 -0.2231
vn -0.7786 -0.4696 -0.4162
vn -0.5611 0.7715 -0.2999
vn -0.6831 -0.6326 -0.3651
vn -0.6831 0.6326 -0.3651
vn -0.5611 -0.7715 -0.2999
vn -0.7786 0.4696 -0.4162
vn -0.4173 -0.8810 -0.2231
vn -0.8443 0.2890 -0.4513
vn -0.2571 -0.9565 -0.1374
vn -0.8777 0.0975 -0.4691
vn -0.0869 0.9951 -0.0464
vn -0.0869 -0.9951 -0.0464
vn -0.8777 -0.0975 -0.4691
vn -0.6825 0.4696 -0.5601
vn -0.3658 -0.8810 -0.3002
vn -0.7400 0.2890 -0.6073
vn -0.2254 -0.9565 -0.1850
vn -0.7693 0.0975 -0.6314
vn -0.0761 0.9951 -0.0625
vn -0.0761 -0.9951 -0.0625
vn -0.7693 -0.0975 -0.6314
vn -0.2254 0.9565 -0.1850
vn -0.7400 -0.2890 -0.6073
vn -0.3658 0.8810 -0.3002
vn -0.6825 -0.4696 -0.5601
vn -0.4918 0.7715 -0.4036
vn -0.5987 -0.6326 -0.4913
vn -0.5987 0.6326 -0.4913
vn -0.4918 -0.7715 -0.4036
vn -0.6073 -0.2890 -0.7400
vn -0.3002 0.8810 -0.3658
vn -0.5601 -0.4696 -0.6825
vn -0.4036 0.7715 -0.4918
vn -0.4913 -0.6326 -0.5987
vn -0.4913 0.6326 -0.5987
vn -0.4036 -0.7715 -0.4918
vn -0.5601 0.4696 -0.6825
vn -0.3002 -0.8810 -0.3658
vn -0.6073 0.2890 -0.7400
vn -0.1850 -0.9565 -0.2254
vn -0.6314 0.0975 -0.7693
vn -0.0625 0.9951 -0.0761
vn -0.0625 -0.9951 -0.0761
vn -0.6314 -0.0975 -0.7693
vn -0.1850 0.9565 -0.2254
vn -0.2230 -0.8810 -0.4173
vn -0.4513 0.2890 -0.8443
vn -0.1374 -0.9565 -0.2571
vn -0.4691 0.0975 -0.8777
vn -0.0464 0.9951 -0.0869
vn -0.0464 -0.9951 -0.0869
vn -0.4691 -0.0975 -0.8777
vn -0.1374 0.9565 -0.2571
vn -0.4513 -0.2890 -0.8443
vn -0.2230 0.8810 -0.4173
vn -0.4162 -0.4696 -0.7786
vn -0.2999 0.7715 -0.5611
vn -0.3651 -0.6326 -0.6831
vn -0.3651 0.6326 -0.6831
vn -0.2999 -0.7715 -0.5611
vn -0.4162 0.4696 -0.7786
vn -0.2563 -0.4696 -0.8448
vn -0.1847 0.7715 -0.6088
vn -0.2248 -0.6326 -0.7412
vn -0.2248 0.6326 -0.7412
vn -0.1847 -0.7715 -0.6088
vn -0.2563 0.4696 -0.8448
vn -0.1374 -0.8810 -0.4528
vn -0.2779 0.2890 -0.9161
vn -0.0846 -0.9565 -0.2790
vn -0.2889 0.0975 -0.9524
vn -0.0286 0.9951 -0.0942
vn -0.0286 -0.9951 -0.0942
vn -0.2889 -0.0975 -0.9524
vn -0.0846 0.9565 -0.2790
vn -0.2779 -0.2890 -0.9161
vn -0.1374 0.8810 -0.4528
vn -0.0286 -0.9565 -0.2902
vn -0.0976 0.0975 -0.9904
vn -0.0097 0.9951 -0.0980
vn -0.0097 -0.9951 -0.0980
vn -0.0976 -0.0975 -0.9904
vn -0.0286 0.9565 -0.2902
vn -0.0938 -0.2890 -0.9527
vn -0.0464 0.8810 -0.4709
vn -0.0865 -0.4696 -0.8786
vn -0.0624 0.7715 -0.6332
vn -0.0759 -0.6326 -0.7708
vn -0.0759 0.6326 -0.7708
vn -0.0624 -0.7715 -0.6332
vn -0.0865 0.4696 -0.8786
vn -0.0464 -0.8810 -0.4709
vn -0.0938 0.2890 -0.9527
vn 0.0975 0.0976 -0.9904
vn 0.0975 -0.0975 -0.9904
vn 0.2230 0.8810 -0.4173
vn 0.2231 -0.8810 -0.4173
vn 0.2254 -0.9565 -0.1850
vn 0.4173 -0.8810 0.2231
vn 0.4173 0.8810 0.2230
vn 0.2231 -0.8810 0.4173
vn -0.0975 0.0975 0.9904
vn -0.0976 -0.0975 0.9904
vn -0.2231 0.8810 0.4173
vn -0.2231 -0.8810 0.4173
vn -0.2254 -0.9565 0.1850
vn -0.4173 -0.8810 0.2230
vn -0.9904 0.0975 0.0976
vn -0.9904 -0.0975 0.0975
vn -0.9904 -0.0975 -0.0975
vn -0.9904 0.0975 -0.0976
vt 0.750000 0.562500
vt 0.718750 0.625000
vt 0.718750 0.562500
vt 0.750000 0.125000
vt 0.718750 0.062500
vt 0.750000 0.062500
vt 0.718750 0.500000
vt 0.750000 0.500000
vt 0.750000 0.937500
vt 0.734375 1.000000
vt 0.718750 0.937500
vt 0.734375 0.000000
vt 0.718750 0.437500
vt 0.750000 0.437500
vt 0.750000 0.875000
vt 0.718750 0.875000
vt 0.718750 0.375000
vt 0.750000 0.375000
vt 0.750000 0.812500
vt 0.718750 0.812500
vt 0.718750 0.312500
vt 0.750000 0.312500
vt 0.750000 0.750000
vt 0.718750 0.750000
vt 0.718750 0.250000
vt 0.750000 0.250000
vt 0.750000 0.687500
vt 0.718750 0.687500
vt 0.718750 0.187500
vt 0.750000 0.187500
vt 0.750000 0.625000
vt 0.718750 0.125000
vt 0.687500 0.250000
vt 0.687500 0.187500
vt 0.687500 0.625000
vt 0.687500 0.125000
vt 0.687500 0.562500
vt 0.687500 0.062500
vt 0.687500 0.500000
vt 0.703125 1.000000
vt 0.687500 0.937500
vt 0.703125 0.000000
vt 0.687500 0.437500
vt 0.687500 0.875000
vt 0.687500 0.375000
vt 0.687500 0.812500
vt 0.687500 0.312500
vt 0.687500 0.750000
vt 0.687500 0.687500
vt 0.656250 0.375000
vt 0.656250 0.812500
vt 0.656250 0.312500
vt 0.656250 0.750000
vt 0.656250 0.250000
vt 0.656250 0.687500
vt 0.656250 0.187500
vt 0.656250 0.625000
vt 0.656250 0.125000
vt 0.656250 0.562500
vt 0.656250 0.062500
vt 0.656250 0.500000
vt 0.671875 1.000000
vt 0.656250 0.937500
vt 0.671875 0.000000
vt 0.656250 0.437500
vt 0.656250 0.875000
vt 0.625000 0.125000
vt 0.625000 0.625000
vt 0.625000 0.562500
vt 0.625000 0.062500
vt 0.625000 0.500000
vt 0.640625 1.000000
vt 0.625000 0.937500
vt 0.640625 0.000000
vt 0.625000 0.437500
vt 0.625000 0.875000
vt 0.625000 0.375000
vt 0.625000 0.812500
vt 0.625000 0.312500
vt 0.625000 0.750000
vt 0.625000 0.250000
vt 0.625000 0.687500
vt 0.625000 0.187500
vt 0.593750 0.812500
vt 0.593750 0.375000
vt 0.593750 0.312500
vt 0.593750 0.750000
vt 0.593750 0.250000
vt 0.593750 0.687500
vt 0.593750 0.187500
vt 0.593750 0.625000
vt 0.593750 0.125000
vt 0.593750 0.562500
vt 0.593750 0.062500
vt 0.593750 0.500000
vt 0.609375 1.000000
vt 0.593750 0.937500
vt 0.609375 0.000000
vt 0.593750 0.437500
vt 0.593750 0.875000
vt 0.562500 0.625000
vt 0.562500 0.562500
vt 0.562500 0.125000
vt 0.562500 0.062500
vt 0.562500 0.500000
vt 0.578125 1.000000
vt 0.562500 0.937500
vt 0.578125 0.000000
vt 0.562500 0.437500
vt 0.562500 0.875000
vt 0.562500 0.375000
vt 0.562500 0.812500
vt 0.562500 0.312500
vt 0.562500 0.750000
vt 0.562500 0.250000
vt 0.562500 0.687500
vt 0.562500 0.187500
vt 0.531250 0.375000
vt 0.531250 0.312500
vt 0.531250 0.750000
vt 0.531250 0.250000
vt 0.531250 0.687500
vt 0.531250 0.187500
vt 0.531250 0.625000
vt 0.531250 0.125000
vt 0.531250 0.562500
vt 0.531250 0.062500
vt 0.531250 0.500000
vt 0.546875 1.000000
vt 0.531250 0.937500
vt 0.546875 0.000000
vt 0.531250 0.437500
vt 0.531250 0.875000
vt 0.531250 0.812500
vt 0.500000 0.062500
vt 0.500000 0.562500
vt 0.500000 0.500000
vt 0.515625 1.000000
vt 0.500000 0.937500
vt 0.515625 0.000000
vt 0.500000 0.437500
vt 0.500000 0.875000
vt 0.500000 0.375000
vt 0.500000 0.812500
vt 0.500000 0.312500
vt 0.500000 0.750000
vt 0.500000 0.250000
vt 0.500000 0.687500
vt 0.500000 0.187500
vt 0.500000 0.625000
vt 0.500000 0.125000
vt 0.468750 0.750000
vt 0.468750 0.250000
vt 0.468750 0.687500
vt 0.468750 0.187500
vt 0.468750 0.625000
vt 0.468750 0.125000
vt 0.468750 0.562500
vt 0.468750 0.062500
vt 0.468750 0.500000
vt 0.484375 1.000000
vt 0.468750 0.937500
vt 0.484375 0.000000
vt 0.468750 0.437500
vt 0.468750 0.875000
vt 0.468750 0.375000
vt 0.468750 0.812500
vt 0.468750 0.312500
vt 0.437500 0.562500
vt 0.437500 0.500000
vt 0.453125 1.000000
vt 0.437500 0.937500
vt 0.453125 0.000000
vt 0.437500 0.062500
vt 0.437500 0.437500
vt 0.437500 0.875000
vt 0.437500 0.375000
vt 0.437500 0.812500
vt 0.437500 0.312500
vt 0.437500 0.750000
vt 0.437500 0.250000
vt 0.437500 0.687500
vt 0.437500 0.187500
vt 0.437500 0.625000
vt 0.437500 0.125000
vt 0.406250 0.250000
vt 0.406250 0.750000
vt 0.406250 0.687500
vt 0.406250 0.187500
vt 0.406250 0.625000
vt 0.406250 0.125000
vt 0.406250 0.562500
vt 0.406250 0.062500
vt 0.406250 0.500000
vt 0.421875 1.000000
vt 0.406250 0.937500
vt 0.421875 0.000000
vt 0.406250 0.437500
vt 0.406250 0.875000
vt 0.406250 0.375000
vt 0.406250 0.812500
vt 0.406250 0.312500
vt 0.390625 0.000000
vt 0.375000 0.062500
vt 0.375000 0.437500
vt 0.375000 0.875000
vt 0.375000 0.375000
vt 0.375000 0.812500
vt 0.375000 0.312500
vt 0.375000 0.750000
vt 0.375000 0.250000
vt 0.375000 0.687500
vt 0.375000 0.187500
vt 0.375000 0.625000
vt 0.375000 0.125000
vt 0.375000 0.562500
vt 0.375000 0.500000
vt 0.390625 1.000000
vt 0.375000 0.937500
vt 0.343750 0.250000
vt 0.343750 0.187500
vt 0.343750 0.625000
vt 0.343750 0.125000
vt 0.343750 0.562500
vt 0.343750 0.062500
vt 0.343750 0.500000
vt 0.359375 1.000000
vt 0.343750 0.937500
vt 0.359375 0.000000
vt 0.343750 0.437500
vt 0.343750 0.875000
vt 0.343750 0.375000
vt 0.343750 0.812500
vt 0.343750 0.312500
vt 0.343750 0.750000
vt 0.343750 0.687500
vt 0.312500 0.875000
vt 0.312500 0.375000
vt 0.312500 0.812500
vt 0.312500 0.312500
vt 0.312500 0.750000
vt 0.312500 0.250000
vt 0.312500 0.687500
vt 0.312500 0.187500
vt 0.312500 0.625000
vt 0.312500 0.125000
vt 0.312500 0.562500
vt 0.312500 0.062500
vt 0.312500 0.500000
vt 0.328125 1.000000
vt 0.312500 0.937500
vt 0.328125 0.000000
vt 0.312500 0.437500
vt 0.281250 0.625000
vt 0.281250 0.125000
vt 0.281250 0.562500
vt 0.281250 0.062500
vt 0.281250 0.500000
vt 0.296875 1.000000
vt 0.281250 0.937500
vt 0.296875 0.000000
vt 0.281250 0.437500
vt 0.281250 0.875000
vt 0.281250 0.375000
vt 0.281250 0.812500
vt 0.281250 0.312500
vt 0.281250 0.750000
vt 0.281250 0.250000
vt 0.281250 0.687500
vt 0.281250 0.187500
vt 0.250000 0.375000
vt 0.250000 0.875000
vt 0.250000 0.812500
vt 0.250000 0.312500
vt 0.250000 0.750000
vt 0.250000 0.250000
vt 0.250000 0.687500
vt 0.250000 0.187500
vt 0.250000 0.625000
vt 0.250000 0.125000
vt 0.250000 0.562500
vt 0.250000 0.062500
vt 0.250000 0.500000
vt 0.265625 1.000000
vt 0.250000 0.937500
vt 0.265625 0.000000
vt 0.250000 0.437500
vt 0.218750 0.125000
vt 0.218750 0.625000
vt 0.218750 0.562500
vt 0.218750 0.062500
vt 0.218750 0.500000
vt 0.234375 1.000000
vt 0.218750 0.937500
vt 0.234375 0.000000
vt 0.218750 0.437500
vt 0.218750 0.875000
vt 0.218750 0.375000
vt 0.218750 0.812500
vt 0.218750 0.312500
vt 0.218750 0.750000
vt 0.218750 0.250000
vt 0.218750 0.687500
vt 0.218750 0.187500
vt 0.187500 0.812500
vt 0.187500 0.375000
vt 0.187500 0.312500
vt 0.187500 0.750000
vt 0.187500 0.250000
vt 0.187500 0.687500
vt 0.187500 0.187500
vt 0.187500 0.625000
vt 0.187500 0.125000
vt 0.187500 0.562500
vt 0.187500 0.062500
vt 0.187500 0.500000
vt 0.203125 1.000000
vt 0.187500 0.937500
vt 0.203125 0.000000
vt 0.187500 0.437500
vt 0.187500 0.875000
vt 0.156250 0.625000
vt 0.156250 0.562500
vt 0.156250 0.125000
vt 0.156250 0.062500
vt 0.156250 0.500000
vt 0.171875 1.000000
vt 0.156250 0.937500
vt 0.171875 0.000000
vt 0.156250 0.437500
vt 0.156250 0.875000
vt 0.156250 0.375000
vt 0.156250 0.812500
vt 0.156250 0.312500
vt 0.156250 0.750000
vt 0.156250 0.250000
vt 0.156250 0.687500
vt 0.156250 0.187500
vt 0.125000 0.375000
vt 0.125000 0.312500
vt 0.125000 0.750000
vt 0.125000 0.250000
vt 0.125000 0.687500
vt 0.125000 0.187500
vt 0.125000 0.625000
vt 0.125000 0.125000
vt 0.125000 0.562500
vt 0.125000 0.062500
vt 0.125000 0.500000
vt 0.140625 1.000000
vt 0.125000 0.937500
vt 0.140625 0.000000
vt 0.125000 0.437500
vt 0.125000 0.875000
vt 0.125000 0.812500
vt 0.093750 0.062500
vt 0.093750 0.562500
vt 0.093750 0.500000
vt 0.109375 1.000000
vt 0.093750 0.937500
vt 0.109375 0.000000
vt 0.093750 0.437500
vt 0.093750 0.875000
vt 0.093750 0.375000
vt 0.093750 0.812500
vt 0.093750 0.312500
vt 0.093750 0.750000
vt 0.093750 0.250000
vt 0.093750 0.687500
vt 0.093750 0.187500
vt 0.093750 0.625000
vt 0.093750 0.125000
vt 0.062500 0.250000
vt 0.062500 0.687500
vt 0.062500 0.187500
vt 0.062500 0.625000
vt 0.062500 0.125000
vt 0.062500 0.562500
vt 0.062500 0.062500
vt 0.062500 0.500000
vt 0.078125 1.000000
vt 0.062500 0.937500
vt 0.078125 0.000000
vt 0.062500 0.437500
vt 0.062500 0.875000
vt 0.062500 0.375000
vt 0.062500 0.812500
vt 0.062500 0.312500
vt 0.062500 0.750000
vt 0.046875 1.000000
vt 0.031250 0.937500
vt 0.046875 0.000000
vt 0.031250 0.062500
vt 0.031250 0.437500
vt 0.031250 0.875000
vt 0.031250 0.375000
vt 0.031250 0.812500
vt 0.031250 0.312500
vt 0.031250 0.750000
vt 0.031250 0.250000
vt 0.031250 0.687500
vt 0.031250 0.187500
vt 0.031250 0.625000
vt 0.031250 0.125000
vt 0.031250 0.562500
vt 0.031250 0.500000
vt 0.000000 0.750000
vt 0.000000 0.687500
vt 0.000000 0.250000
vt 0.000000 0.187500
vt 0.000000 0.625000
vt 0.000000 0.125000
vt 0.000000 0.562500
vt 0.000000 0.062500
vt 0.000000 0.500000
vt 0.015625 1.000000
vt 0.000000 0.937500
vt 0.015625 0.000000
vt 0.000000 0.437500
vt 0.000000 0.875000
vt 0.000000 0.375000
vt 0.000000 0.812500
vt 0.000000 0.312500
vt 1.000000 0.500000
vt 0.968750 0.437500
vt 1.000000 0.437500
vt 1.000000 0.937500
vt 0.968750 0.875000
vt 1.000000 0.875000
vt 0.968750 0.375000
vt 1.000000 0.375000
vt 1.000000 0.812500
vt 0.968750 0.812500
vt 1.000000 0.312500
vt 0.968750 0.312500
vt 0.968750 0.750000
vt 1.000000 0.750000
vt 0.968750 0.250000
vt 1.000000 0.250000
vt 1.000000 0.687500
vt 0.968750 0.687500
vt 1.000000 0.187500
vt 0.968750 0.187500
vt 0.968750 0.625000
vt 1.000000 0.625000
vt 0.968750 0.125000
vt 1.000000 0.125000
vt 1.000000 0.562500
vt 0.968750 0.562500
vt 0.968750 0.062500
vt 1.000000 0.062500
vt 0.968750 0.500000
vt 0.984375 1.000000
vt 0.968750 0.937500
vt 0.984375 0.000000
vt 0.937500 0.250000
vt 0.937500 0.187500
vt 0.937500 0.625000
vt 0.937500 0.125000
vt 0.937500 0.562500
vt 0.937500 0.062500
vt 0.937500 0.500000
vt 0.953125 1.000000
vt 0.937500 0.937500
vt 0.953125 0.000000
vt 0.937500 0.437500
vt 0.937500 0.875000
vt 0.937500 0.375000
vt 0.937500 0.812500
vt 0.937500 0.312500
vt 0.937500 0.750000
vt 0.937500 0.687500
vt 0.906250 0.937500
vt 0.906250 0.875000
vt 0.906250 0.375000
vt 0.906250 0.812500
vt 0.906250 0.312500
vt 0.906250 0.750000
vt 0.906250 0.250000
vt 0.906250 0.687500
vt 0.906250 0.187500
vt 0.906250 0.625000
vt 0.906250 0.125000
vt 0.906250 0.562500
vt 0.906250 0.062500
vt 0.906250 0.500000
vt 0.921875 1.000000
vt 0.921875 0.000000
vt 0.906250 0.437500
vt 0.875000 0.625000
vt 0.875000 0.125000
vt 0.875000 0.562500
vt 0.875000 0.062500
vt 0.875000 0.500000
vt 0.890625 1.000000
vt 0.875000 0.937500
vt 0.890625 0.000000
vt 0.875000 0.437500
vt 0.875000 0.875000
vt 0.875000 0.375000
vt 0.875000 0.812500
vt 0.875000 0.312500
vt 0.875000 0.750000
vt 0.875000 0.250000
vt 0.875000 0.687500
vt 0.875000 0.187500
vt 0.843750 0.375000
vt 0.843750 0.875000
vt 0.843750 0.812500
vt 0.843750 0.312500
vt 0.843750 0.750000
vt 0.843750 0.250000
vt 0.843750 0.687500
vt 0.843750 0.187500
vt 0.843750 0.625000
vt 0.843750 0.125000
vt 0.843750 0.562500
vt 0.843750 0.062500
vt 0.843750 0.500000
vt 0.859375 1.000000
vt 0.843750 0.937500
vt 0.859375 0.000000
vt 0.843750 0.437500
vt 0.812500 0.125000
vt 0.812500 0.625000
vt 0.812500 0.562500
vt 0.812500 0.062500
vt 0.812500 0.500000
vt 0.828125 1.000000
vt 0.812500 0.937500
vt 0.828125 0.000000
vt 0.812500 0.437500
vt 0.812500 0.875000
vt 0.812500 0.375000
vt 0.812500 0.812500
vt 0.812500 0.312500
vt 0.812500 0.750000
vt 0.812500 0.250000
vt 0.812500 0.687500
vt 0.812500 0.187500
vt 0.781250 0.375000
vt 0.781250 0.312500
vt 0.781250 0.750000
vt 0.781250 0.250000
vt 0.781250 0.687500
vt 0.781250 0.187500
vt 0.781250 0.625000
vt 0.781250 0.125000
vt 0.781250 0.562500
vt 0.781250 0.062500
vt 0.781250 0.500000
vt 0.796875 1.000000
vt 0.781250 0.937500
vt 0.796875 0.000000
vt 0.781250 0.437500
vt 0.781250 0.875000
vt 0.781250 0.812500
vt 0.765625 1.000000
vt 0.765625 0.000000
s 0
f 486/560/531 496/561/531 497/562/531
f 963/563/532 505/564/532 964/565/532
f 486/560/533 498/566/533 487/567/533
f 956/568/534 483/569/534 491/570/534
f 490/571/535 964/565/535 505/564/535
f 487/567/536 499/572/536 488/573/536
f 957/574/537 491/570/537 492/575/537
f 488/573/538 500/576/538 960/577/538
f 484/578/539 492/575/539 493/579/539
f 960/577/540 501/580/540 489/581/540
f 958/582/541 493/579/541 494/583/541
f 489/581/542 502/584/542 961/585/542
f 485/586/543 494/583/543 495/587/543
f 961/585/544 503/588/544 962/589/544
f 959/590/545 495/587/545 496/561/545
f 962/589/546 504/591/546 963/563/546
f 503/588/547 517/592/547 518/593/547
f 495/587/548 511/594/548 496/561/548
f 504/591/549 518/593/549 519/595/549
f 497/562/550 511/594/550 512/596/550
f 504/591/551 520/597/551 505/564/551
f 497/562/552 513/598/552 498/566/552
f 491/570/553 483/599/553 506/600/553
f 490/601/554 505/564/554 520/597/554
f 498/566/555 514/602/555 499/572/555
f 491/570/556 507/603/556 492/575/556
f 499/572/557 515/604/557 500/576/557
f 492/575/558 508/605/558 493/579/558
f 500/576/559 516/606/559 501/580/559
f 493/579/560 509/607/560 494/583/560
f 501/580/561 517/592/561 502/584/561
f 494/583/562 510/608/562 495/587/562
f 514/602/563 530/609/563 515/604/563
f 507/603/564 523/610/564 508/605/564
f 516/606/565 530/609/565 531/611/565
f 508/605/566 524/612/566 509/607/566
f 517/592/567 531/611/567 532/613/567
f 509/607/568 525/614/568 510/608/568
f 518/593/569 532/613/569 533/615/569
f 510/608/570 526/616/570 511/594/570
f 518/593/571 534/617/571 519/595/571
f 511/594/572 527/618/572 512/596/572
f 519/595/573 535/619/573 520/597/573
f 512/596/574 528/620/574 513/598/574
f 506/600/575 483/621/575 521/622/575
f 490/623/576 520/597/576 535/619/576
f 514/602/577 528/620/577 529/624/577
f 506/600/578 522/625/578 507/603/578
f 533/615/579 549/626/579 534/617/579
f 527/618/580 541/627/580 542/628/580
f 534/617/581 550/629/581 535/619/581
f 528/620/582 542/628/582 543/630/582
f 521/622/583 483/631/583 536/632/583
f 490/633/584 535/619/584 550/629/584
f 528/620/585 544/634/585 529/624/585
f 521/622/586 537/635/586 522/625/586
f 529/624/587 545/636/587 530/609/587
f 522/625/588 538/637/588 523/610/588
f 531/611/589 545/636/589 546/638/589
f 523/610/590 539/639/590 524/612/590
f 531/611/591 547/640/591 532/613/591
f 524/612/592 540/641/592 525/614/592
f 532/613/593 548/642/593 533/615/593
f 525/614/594 541/627/594 526/616/594
f 537/635/595 553/643/595 538/637/595
f 546/638/596 560/644/596 561/645/596
f 538/637/597 554/646/597 539/639/597
f 546/638/598 562/647/598 547/640/598
f 540/641/599 554/646/599 555/648/599
f 547/640/600 563/649/600 548/642/600
f 540/641/601 556/650/601 541/627/601
f 549/626/602 563/649/602 564/651/602
f 542/628/603 556/650/603 557/652/603
f 549/626/604 565/653/604 550/629/604
f 543/630/605 557/652/605 558/654/605
f 536/632/606 483/655/606 551/656/606
f 490/657/607 550/629/607 565/653/607
f 543/630/608 559/658/608 544/634/608
f 536/632/609 552/659/609 537/635/609
f 544/634/610 560/644/610 545/636/610
f 557/652/611 571/660/611 572/661/611
f 565/653/612 579/662/612 580/663/612
f 558/654/613 572/661/613 573/664/613
f 551/656/614 483/665/614 566/666/614
f 490/667/615 565/653/615 580/663/615
f 558/654/616 574/668/616 559/658/616
f 551/656/617 567/669/617 552/659/617
f 559/658/618 575/670/618 560/644/618
f 552/659/619 568/671/619 553/643/619
f 561/645/620 575/670/620 576/672/620
f 553/643/621 569/673/621 554/646/621
f 561/645/622 577/674/622 562/647/622
f 555/648/623 569/673/623 570/675/623
f 562/647/624 578/676/624 563/649/624
f 555/648/625 571/660/625 556/650/625
f 563/649/626 579/662/626 564/651/626
f 576/672/627 590/677/627 591/678/627
f 568/671/628 584/679/628 569/673/628
f 576/672/629 592/680/629 577/674/629
f 570/675/630 584/679/630 585/681/630
f 578/676/631 592/680/631 593/682/631
f 570/675/632 586/683/632 571/660/632
f 579/662/633 593/682/633 594/684/633
f 572/661/634 586/683/634 587/685/634
f 579/662/635 595/686/635 580/663/635
f 573/664/636 587/685/636 588/687/636
f 566/666/637 483/688/637 581/689/637
f 490/690/638 580/663/638 595/686/638
f 573/664/639 589/691/639 574/668/639
f 567/669/640 581/689/640 582/692/640
f 574/668/641 590/677/641 575/670/641
f 567/669/642 583/693/642 568/671/642
f 594/684/643 610/694/643 595/686/643
f 588/687/644 602/695/644 603/696/644
f 581/689/645 483/697/645 596/698/645
f 490/699/646 595/686/646 610/694/646
f 588/687/647 604/700/647 589/691/647
f 582/692/648 596/698/648 597/701/648
f 589/691/649 605/702/649 590/677/649
f 582/692/650 598/703/650 583/693/650
f 591/678/651 605/702/651 606/704/651
f 583/693/652 599/705/652 584/679/652
f 591/678/653 607/706/653 592/680/653
f 585/681/654 599/705/654 600/707/654
f 593/682/655 607/706/655 608/708/655
f 585/681/656 601/709/656 586/683/656
f 593/682/657 609/710/657 594/684/657
f 587/685/658 601/709/658 602/695/658
f 598/703/659 614/711/659 599/705/659
f 606/704/660 622/712/660 607/706/660
f 600/707/661 614/711/661 615/713/661
f 608/708/662 622/712/662 623/714/662
f 600/707/663 616/715/663 601/709/663
f 608/708/664 624/716/664 609/710/664
f 602/695/665 616/715/665 617/717/665
f 609/710/666 625/718/666 610/694/666
f 603/696/667 617/717/667 618/719/667
f 596/698/668 483/720/668 611/721/668
f 490/722/669 610/694/669 625/718/669
f 603/696/670 619/723/670 604/700/670
f 596/698/671 612/724/671 597/701/671
f 604/700/672 620/725/672 605/702/672
f 597/701/673 613/726/673 598/703/673
f 606/704/674 620/725/674 621/727/674
f 618/719/675 632/728/675 633/729/675
f 611/721/676 483/730/676 626/731/676
f 490/732/677 625/718/677 640/733/677
f 618/719/678 634/734/678 619/723/678
f 611/721/679 627/735/679 612/724/679
f 619/723/680 635/736/680 620/725/680
f 613/726/681 627/735/681 628/737/681
f 621/727/682 635/736/682 636/738/682
f 613/726/683 629/739/683 614/711/683
f 621/727/684 637/740/684 622/712/684
f 615/713/685 629/739/685 630/741/685
f 623/714/686 637/740/686 638/742/686
f 615/713/687 631/743/687 616/715/687
f 623/714/688 639/744/688 624/716/688
f 617/717/689 631/743/689 632/728/689
f 625/718/690 639/744/690 640/733/690
f 636/738/691 652/745/691 637/740/691
f 630/741/692 644/746/692 645/747/692
f 638/742/693 652/745/693 653/748/693
f 630/741/694 646/749/694 631/743/694
f 638/742/695 654/750/695 639/744/695
f 632/728/696 646/749/696 647/751/696
f 639/744/697 655/752/697 640/733/697
f 633/729/698 647/751/698 648/753/698
f 626/731/699 483/754/699 641/755/699
f 490/756/700 640/733/700 655/752/700
f 633/729/701 649/757/701 634/734/701
f 626/731/702 642/758/702 627/735/702
f 634/734/703 650/759/703 635/736/703
f 628/737/704 642/758/704 643/760/704
f 636/738/705 650/759/705 651/761/705
f 628/737/706 644/746/706 629/739/706
f 490/762/707 655/752/707 670/763/707
f 648/753/708 664/764/708 649/757/708
f 641/755/709 657/765/709 642/758/709
f 649/757/710 665/766/710 650/759/710
f 642/758/711 658/767/711 643/760/711
f 651/761/712 665/766/712 666/768/712
f 643/760/713 659/769/713 644/746/713
f 651/761/714 667/770/714 652/745/714
f 645/747/715 659/769/715 660/771/715
f 652/745/716 668/772/716 653/748/716
f 645/747/717 661/773/717 646/749/717
f 654/750/718 668/772/718 669/774/718
f 647/751/719 661/773/719 662/775/719
f 655/752/720 669/774/720 670/763/720
f 648/753/721 662/775/721 663/776/721
f 641/755/722 483/777/722 656/778/722
f 668/772/723 682/779/723 683/780/723
f 660/771/724 676/781/724 661/773/724
f 668/772/725 684/782/725 669/774/725
f 662/775/726 676/781/726 677/783/726
f 669/774/727 685/784/727 670/763/727
f 663/776/728 677/783/728 678/785/728
f 656/778/729 483/786/729 671/787/729
f 490/788/730 670/763/730 685/784/730
f 663/776/731 679/789/731 664/764/731
f 657/765/732 671/787/732 672/790/732
f 664/764/733 680/791/733 665/766/733
f 658/767/734 672/790/734 673/792/734
f 666/768/735 680/791/735 681/793/735
f 658/767/736 674/794/736 659/769/736
f 666/768/737 682/779/737 667/770/737
f 660/771/738 674/794/738 675/795/738
f 671/787/739 687/796/739 672/790/739
f 679/789/740 695/797/740 680/791/740
f 672/790/741 688/798/741 673/792/741
f 681/793/742 695/797/742 696/799/742
f 673/792/743 689/800/743 674/794/743
f 681/793/744 697/801/744 682/779/744
f 675/795/745 689/800/745 690/802/745
f 683/780/746 697/801/746 698/803/746
f 675/795/747 691/804/747 676/781/747
f 683/780/748 699/805/748 684/782/748
f 677/783/749 691/804/749 692/806/749
f 684/782/750 700/807/750 685/784/750
f 678/785/751 692/806/751 693/808/751
f 671/787/752 483/809/752 686/810/752
f 490/811/753 685/784/753 700/807/753
f 678/785/754 694/812/754 679/789/754
f 690/802/755 706/813/755 691/804/755
f 698/803/756 714/814/756 699/805/756
f 692/806/757 706/813/757 707/815/757
f 699/805/758 715/816/758 700/807/758
f 693/808/759 707/815/759 708/817/759
f 686/810/760 483/818/760 701/819/760
f 490/820/761 700/807/761 715/816/761
f 693/808/762 709/821/762 694/812/762
f 686/810/763 702/822/763 687/796/763
f 694/812/764 710/823/764 695/797/764
f 687/796/765 703/824/765 688/798/765
f 696/799/766 710/823/766 711/825/766
f 688/798/767 704/826/767 689/800/767
f 696/799/768 712/827/768 697/801/768
f 690/802/769 704/826/769 705/828/769
f 698/803/770 712/827/770 713/829/770
f 709/821/771 725/830/771 710/823/771
f 703/824/772 717/831/772 718/832/772
f 711/825/773 725/830/773 726/833/773
f 703/824/774 719/834/774 704/826/774
f 711/825/775 727/835/775 712/827/775
f 705/828/776 719/834/776 720/836/776
f 713/829/777 727/835/777 728/837/777
f 705/828/778 721/838/778 706/813/778
f 713/829/779 729/839/779 714/814/779
f 707/815/780 721/838/780 722/840/780
f 715/816/781 729/839/781 730/841/781
f 708/817/782 722/840/782 723/842/782
f 701/819/783 483/843/783 716/844/783
f 490/845/784 715/816/784 730/841/784
f 708/817/785 724/846/785 709/821/785
f 701/819/786 717/831/786 702/822/786
f 728/837/787 744/847/787 729/839/787
f 722/840/788 736/848/788 737/849/788
f 729/839/789 745/850/789 730/841/789
f 723/842/790 737/849/790 738/851/790
f 716/844/791 483/852/791 731/853/791
f 490/854/792 730/841/792 745/850/792
f 723/842/793 739/855/793 724/846/793
f 716/844/794 732/856/794 717/831/794
f 724/846/795 740/857/795 725/830/795
f 717/831/796 733/858/796 718/832/796
f 726/833/797 740/857/797 741/859/797
f 718/832/798 734/860/798 719/834/798
f 726/833/799 742/861/799 727/835/799
f 720/836/800 734/860/800 735/862/800
f 728/837/801 742/861/801 743/863/801
f 720/836/802 736/848/802 721/838/802
f 732/856/803 748/864/803 733/858/803
f 741/859/804 755/865/804 756/866/804
f 733/858/805 749/867/805 734/860/805
f 741/859/806 757/868/806 742/861/806
f 735/862/807 749/867/807 750/869/807
f 743/863/808 757/868/808 758/870/808
f 735/862/809 751/871/809 736/848/809
f 743/863/810 759/872/810 744/847/810
f 737/849/811 751/871/811 752/873/811
f 744/847/812 760/874/812 745/850/812
f 738/851/813 752/873/813 753/875/813
f 731/853/814 483/876/814 746/877/814
f 490/878/815 745/850/815 760/874/815
f 738/851/816 754/879/816 739/855/816
f 732/856/817 746/877/817 747/880/817
f 739/855/818 755/865/818 740/857/818
f 752/873/819 766/881/819 767/882/819
f 760/874/820 774/883/820 775/884/820
f 753/875/821 767/882/821 768/885/821
f 746/877/822 483/886/822 761/887/822
f 490/888/823 760/874/823 775/884/823
f 753/875/824 769/889/824 754/879/824
f 747/880/825 761/887/825 762/890/825
f 754/879/826 770/891/826 755/865/826
f 747/880/827 763/892/827 748/864/827
f 756/866/828 770/891/828 771/893/828
f 748/864/829 764/894/829 749/867/829
f 756/866/830 772/895/830 757/868/830
f 750/869/831 764/894/831 765/896/831
f 758/870/832 772/895/832 773/897/832
f 750/869/833 766/881/833 751/871/833
f 758/870/834 774/883/834 759/872/834
f 771/893/835 785/898/835 786/899/835
f 763/892/836 779/900/836 764/894/836
f 771/893/837 787/901/837 772/895/837
f 765/896/838 779/900/838 780/902/838
f 773/897/839 787/901/839 788/903/839
f 765/896/840 781/904/840 766/881/840
f 773/897/841 789/905/841 774/883/841
f 767/882/842 781/904/842 782/906/842
f 775/884/843 789/905/843 790/907/843
f 768/885/844 782/906/844 783/908/844
f 761/887/845 483/909/845 776/910/845
f 490/911/846 775/884/846 790/907/846
f 768/885/847 784/912/847 769/889/847
f 761/887/848 777/913/848 762/890/848
f 769/889/849 785/898/849 770/891/849
f 762/890/850 778/914/850 763/892/850
f 789/905/851 805/915/851 790/907/851
f 783/908/852 797/916/852 798/917/852
f 776/910/853 483/918/853 791/919/853
f 490/920/854 790/907/854 805/915/854
f 783/908/855 799/921/855 784/912/855
f 776/910/856 792/922/856 777/913/856
f 784/912/857 800/923/857 785/898/857
f 777/913/858 793/924/858 778/914/858
f 786/899/859 800/923/859 801/925/859
f 778/914/860 794/926/860 779/900/860
f 786/899/861 802/927/861 787/901/861
f 780/902/862 794/926/862 795/928/862
f 788/903/863 802/927/863 803/929/863
f 780/902/864 796/930/864 781/904/864
f 788/903/865 804/931/865 789/905/865
f 782/906/866 796/930/866 797/916/866
f 801/925/867 817/932/867 802/927/867
f 794/926/868 810/933/868 795/928/868
f 803/929/869 817/932/869 818/934/869
f 795/928/870 811/935/870 796/930/870
f 803/929/871 819/936/871 804/931/871
f 797/916/872 811/935/872 812/937/872
f 804/931/873 820/938/873 805/915/873
f 798/917/874 812/937/874 813/939/874
f 791/919/875 483/940/875 806/941/875
f 490/942/876 805/915/876 820/938/876
f 798/917/877 814/943/877 799/921/877
f 791/919/878 807/944/878 792/922/878
f 799/921/879 815/945/879 800/923/879
f 792/922/880 808/946/880 793/924/880
f 801/925/881 815/945/881 816/947/881
f 793/924/882 809/948/882 794/926/882
f 806/941/883 483/949/883 821/950/883
f 490/951/884 820/938/884 835/952/884
f 813/939/885 829/953/885 814/943/885
f 806/941/886 822/954/886 807/944/886
f 814/943/887 830/955/887 815/945/887
f 807/944/888 823/956/888 808/946/888
f 816/947/889 830/955/889 831/957/889
f 808/946/890 824/958/890 809/948/890
f 816/947/891 832/959/891 817/932/891
f 810/933/892 824/958/892 825/960/892
f 818/934/893 832/959/893 833/961/893
f 810/933/894 826/962/894 811/935/894
f 818/934/895 834/963/895 819/936/895
f 812/937/896 826/962/896 827/964/896
f 819/936/897 835/952/897 820/938/897
f 813/939/898 827/964/898 828/965/898
f 825/960/899 839/966/899 840/967/899
f 833/961/900 847/968/900 848/969/900
f 825/960/901 841/970/901 826/962/901
f 833/961/902 849/971/902 834/963/902
f 827/964/903 841/970/903 842/972/903
f 834/963/904 850/973/904 835/952/904
f 828/965/905 842/972/905 843/974/905
f 821/950/906 483/975/906 836/976/906
f 490/977/907 835/952/907 850/973/907
f 828/965/908 844/978/908 829/953/908
f 821/950/909 837/979/909 822/954/909
f 829/953/910 845/980/910 830/955/910
f 823/956/911 837/979/911 838/981/911
f 831/957/912 845/980/912 846/982/912
f 823/956/913 839/966/913 824/958/913
f 831/957/914 847/968/914 832/959/914
f 843/983/915 859/984/915 844/985/915
f 836/986/916 852/987/916 837/988/916
f 844/985/917 860/989/917 845/990/917
f 838/991/918 852/987/918 853/992/918
f 846/993/919 860/989/919 861/994/919
f 838/991/920 854/995/920 839/996/920
f 846/993/921 862/997/921 847/998/921
f 840/999/922 854/995/922 855/1000/922
f 848/1001/923 862/997/923 863/1002/923
f 840/999/924 856/1003/924 841/1004/924
f 848/1001/925 864/1005/925 849/1006/925
f 842/1007/926 856/1003/926 857/1008/926
f 849/1006/927 865/1009/927 850/1010/927
f 843/983/928 857/1008/928 858/1011/928
f 836/986/929 483/1012/929 851/1013/929
f 490/1014/930 850/1010/930 865/1009/930
f 863/1002/931 877/1015/931 878/1016/931
f 855/1000/932 871/1017/932 856/1003/932
f 863/1002/933 879/1018/933 864/1005/933
f 857/1008/934 871/1017/934 872/1019/934
f 864/1005/935 880/1020/935 865/1009/935
f 858/1011/936 872/1019/936 873/1021/936
f 851/1013/937 483/1022/937 866/1023/937
f 490/1024/938 865/1009/938 880/1020/938
f 858/1011/939 874/1025/939 859/984/939
f 851/1013/940 867/1026/940 852/987/940
f 859/984/941 875/1027/941 860/989/941
f 853/992/942 867/1026/942 868/1028/942
f 861/994/943 875/1027/943 876/1029/943
f 853/992/944 869/1030/944 854/995/944
f 861/994/945 877/1015/945 862/997/945
f 855/1000/946 869/1030/946 870/1031/946
f 867/1026/947 881/1032/947 882/1033/947
f 874/1025/948 890/1034/948 875/1027/948
f 867/1026/949 883/1035/949 868/1028/949
f 876/1029/950 890/1034/950 891/1036/950
f 868/1028/951 884/1037/951 869/1030/951
f 876/1029/952 892/1038/952 877/1015/952
f 870/1031/953 884/1037/953 885/1039/953
f 878/1016/954 892/1038/954 893/1040/954
f 870/1031/955 886/1041/955 871/1017/955
f 879/1018/956 893/1040/956 894/1042/956
f 872/1019/957 886/1041/957 887/1043/957
f 879/1018/958 895/1044/958 880/1020/958
f 873/1021/959 887/1043/959 888/1045/959
f 866/1023/960 483/1046/960 881/1032/960
f 490/1047/961 880/1020/961 895/1044/961
f 873/1021/962 889/1048/962 874/1025/962
f 885/1039/963 901/1049/963 886/1041/963
f 893/1040/964 909/1050/964 894/1042/964
f 887/1043/965 901/1049/965 902/1051/965
f 894/1042/966 910/1052/966 895/1044/966
f 888/1045/967 902/1051/967 903/1053/967
f 881/1032/968 483/1054/968 896/1055/968
f 490/1056/969 895/1044/969 910/1052/969
f 888/1045/970 904/1057/970 889/1048/970
f 881/1032/971 897/1058/971 882/1033/971
f 889/1048/972 905/1059/972 890/1034/972
f 883/1035/973 897/1058/973 898/1060/973
f 891/1036/974 905/1059/974 906/1061/974
f 883/1035/975 899/1062/975 884/1037/975
f 891/1036/976 907/1063/976 892/1038/976
f 885/1039/977 899/1062/977 900/1064/977
f 893/1040/978 907/1063/978 908/1065/978
f 904/1057/979 920/1066/979 905/1059/979
f 898/1060/980 912/1067/980 913/1068/980
f 906/1061/981 920/1066/981 921/1069/981
f 898/1060/982 914/1070/982 899/1062/982
f 906/1061/983 922/1071/983 907/1063/983
f 900/1064/984 914/1070/984 915/1072/984
f 908/1065/985 922/1071/985 923/1073/985
f 900/1064/986 916/1074/986 901/1049/986
f 908/1065/987 924/1075/987 909/1050/987
f 902/1051/988 916/1074/988 917/1076/988
f 909/1050/989 925/1077/989 910/1052/989
f 903/1053/990 917/1076/990 918/1078/990
f 896/1055/991 483/1079/991 911/1080/991
f 490/1081/992 910/1052/992 925/1077/992
f 903/1053/993 919/1082/993 904/1057/993
f 896/1055/994 912/1067/994 897/1058/994
f 923/1073/995 939/1083/995 924/1075/995
f 917/1076/996 931/1084/996 932/1085/996
f 924/1075/997 940/1086/997 925/1077/997
f 918/1078/998 932/1085/998 933/1087/998
f 911/1080/999 483/1088/999 926/1089/999
f 490/1090/1000 925/1077/1000 940/1086/1000
f 918/1078/1001 934/1091/1001 919/1082/1001
f 912/1067/1002 926/1089/1002 927/1092/1002
f 919/1082/1003 935/1093/1003 920/1066/1003
f 912/1067/1004 928/1094/1004 913/1068/1004
f 921/1069/1005 935/1093/1005 936/1095/1005
f 913/1068/1006 929/1096/1006 914/1070/1006
f 921/1069/1007 937/1097/1007 922/1071/1007
f 915/1072/1008 929/1096/1008 930/1098/1008
f 923/1073/1009 937/1097/1009 938/1099/1009
f 915/1072/1010 931/1084/1010 916/1074/1010
f 936/1095/1011 950/1100/1011 951/1101/1011
f 928/1094/1012 944/1102/1012 929/1096/1012
f 936/1095/1013 952/1103/1013 937/1097/1013
f 930/1098/1014 944/1102/1014 945/1104/1014
f 938/1099/1015 952/1103/1015 953/1105/1015
f 930/1098/1016 946/1106/1016 931/1084/1016
f 938/1099/1017 954/1107/1017 939/1083/1017
f 932/1085/1018 946/1106/1018 947/1108/1018
f 940/1086/1019 954/1107/1019 955/1109/1019
f 933/1087/1020 947/1108/1020 948/1110/1020
f 926/1089/1021 483/1111/1021 941/1112/1021
f 490/1113/1022 940/1086/1022 955/1109/1022
f 933/1087/1023 949/1114/1023 934/1091/1023
f 926/1089/1024 942/1115/1024 927/1092/1024
f 934/1091/1025 950/1100/1025 935/1093/1025
f 928/1094/1026 942/1115/1026 943/1116/1026
f 954/1107/1027 964/565/1027 955/1109/1027
f 948/1110/1028 486/560/1028 487/567/1028
f 941/1112/1029 483/1117/1029 956/568/1029
f 490/1118/1030 955/1109/1030 964/565/1030
f 948/1110/1031 488/573/1031 949/1114/1031
f 942/1115/1032 956/568/1032 957/574/1032
f 949/1114/1033 960/577/1033 950/1100/1033
f 943/1116/1034 957/574/1034 484/578/1034
f 950/1100/1035 489/581/1035 951/1101/1035
f 944/1102/1036 484/578/1036 958/582/1036
f 951/1101/1037 961/585/1037 952/1103/1037
f 945/1104/1038 958/582/1038 485/586/1038
f 953/1105/1039 961/585/1039 962/589/1039
f 946/1106/1040 485/586/1040 959/590/1040
f 953/1105/1041 963/563/1041 954/1107/1041
f 947/1108/1042 959/590/1042 486/560/1042
f 486/560/531 959/590/531 496/561/531
f 963/563/532 504/591/532 505/564/532
f 486/560/1043 497/562/1043 498/566/1043
f 487/567/1044 498/566/1044 499/572/1044
f 957/574/537 956/568/537 491/570/537
f 488/573/538 499/572/538 500/576/538
f 484/578/539 957/574/539 492/575/539
f 960/577/540 500/576/540 501/580/540
f 958/582/541 484/578/541 493/579/541
f 489/581/542 501/580/542 502/584/542
f 485/586/543 958/582/543 494/583/543
f 961/585/544 502/584/544 503/588/544
f 959/590/545 485/586/545 495/587/545
f 962/589/546 503/588/546 504/591/546
f 503/588/547 502/584/547 517/592/547
f 495/587/548 510/608/548 511/594/548
f 504/591/549 503/588/549 518/593/549
f 497/562/550 496/561/550 511/594/550
f 504/591/551 519/595/551 520/597/551
f 497/562/552 512/596/552 513/598/552
f 498/566/555 513/598/555 514/602/555
f 491/570/556 506/600/556 507/603/556
f 499/572/557 514/602/557 515/604/557
f 492/575/558 507/603/558 508/605/558
f 500/576/559 515/604/559 516/606/559
f 493/579/560 508/605/560 509/607/560
f 501/580/561 516/606/561 517/592/561
f 494/583/562 509/607/562 510/608/562
f 514/602/563 529/624/563 530/609/563
f 507/603/1045 522/625/1045 523/610/1045
f 516/606/565 515/604/565 530/609/565
f 508/605/566 523/610/566 524/612/566
f 517/592/567 516/606/567 531/611/567
f 509/607/568 524/612/568 525/614/568
f 518/593/569 517/592/569 532/613/569
f 510/608/570 525/614/570 526/616/570
f 518/593/1046 533/615/1046 534/617/1046
f 511/594/572 526/616/572 527/618/572
f 519/595/573 534/617/573 535/619/573
f 512/596/574 527/618/574 528/620/574
f 514/602/577 513/598/577 528/620/577
f 506/600/578 521/622/578 522/625/578
f 533/615/579 548/642/579 549/626/579
f 527/618/580 526/616/580 541/627/580
f 534/617/581 549/626/581 550/629/581
f 528/620/582 527/618/582 542/628/582
f 528/620/585 543/630/585 544/634/585
f 521/622/586 536/632/586 537/635/586
f 529/624/587 544/634/587 545/636/587
f 522/625/588 537/635/588 538/637/588
f 531/611/589 530/609/589 545/636/589
f 523/610/590 538/637/590 539/639/590
f 531/611/591 546/638/591 547/640/591
f 524/612/592 539/639/592 540/641/592
f 532/613/593 547/640/593 548/642/593
f 525/614/594 540/641/594 541/627/594
f 537/635/595 552/659/595 553/643/595
f 546/638/596 545/636/596 560/644/596
f 538/637/597 553/643/597 554/646/597
f 546/638/598 561/645/598 562/647/598
f 540/641/599 539/639/599 554/646/599
f 547/640/600 562/647/600 563/649/600
f 540/641/601 555/648/601 556/650/601
f 549/626/602 548/642/602 563/649/602
f 542/628/603 541/627/603 556/650/603
f 549/626/1047 564/651/1047 565/653/1047
f 543/630/605 542/628/605 557/652/605
f 543/630/608 558/654/608 559/658/608
f 536/632/609 551/656/609 552/659/609
f 544/634/610 559/658/610 560/644/610
f 557/652/611 556/650/611 571/660/611
f 565/653/612 564/651/612 579/662/612
f 558/654/613 557/652/613 572/661/613
f 558/654/616 573/664/616 574/668/616
f 551/656/617 566/666/617 567/669/617
f 559/658/618 574/668/618 575/670/618
f 552/659/619 567/669/619 568/671/619
f 561/645/620 560/644/620 575/670/620
f 553/643/621 568/671/621 569/673/621
f 561/645/622 576/672/622 577/674/622
f 555/648/623 554/646/623 569/673/623
f 562/647/624 577/674/624 578/676/624
f 555/648/625 570/675/625 571/660/625
f 563/649/626 578/676/626 579/662/626
f 576/672/627 575/670/627 590/677/627
f 568/671/628 583/693/628 584/679/628
f 576/672/629 591/678/629 592/680/629
f 570/675/630 569/673/630 584/679/630
f 578/676/631 577/674/631 592/680/631
f 570/675/632 585/681/632 586/683/632
f 579/662/633 578/676/633 593/682/633
f 572/661/634 571/660/634 586/683/634
f 579/662/635 594/684/635 595/686/635
f 573/664/636 572/661/636 587/685/636
f 573/664/639 588/687/639 589/691/639
f 567/669/640 566/666/640 581/689/640
f 574/668/641 589/691/641 590/677/641
f 567/669/642 582/692/642 583/693/642
f 594/684/643 609/710/643 610/694/643
f 588/687/644 587/685/644 602/695/644
f 588/687/647 603/696/647 604/700/647
f 582/692/648 581/689/648 596/698/648
f 589/691/649 604/700/649 605/702/649
f 582/692/650 597/701/650 598/703/650
f 591/678/651 590/677/651 605/702/651
f 583/693/652 598/703/652 599/705/652
f 591/678/653 606/704/653 607/706/653
f 585/681/654 584/679/654 599/705/654
f 593/682/655 592/680/655 607/706/655
f 585/681/656 600/707/656 601/709/656
f 593/682/657 608/708/657 609/710/657
f 587/685/658 586/683/658 601/709/658
f 598/703/659 613/726/659 614/711/659
f 606/704/660 621/727/660 622/712/660
f 600/707/661 599/705/661 614/711/661
f 608/708/662 607/706/662 622/712/662
f 600/707/663 615/713/663 616/715/663
f 608/708/664 623/714/664 624/716/664
f 602/695/665 601/709/665 616/715/665
f 609/710/666 624/716/666 625/718/666
f 603/696/667 602/695/667 617/717/667
f 603/696/670 618/719/670 619/723/670
f 596/698/671 611/721/671 612/724/671
f 604/700/672 619/723/672 620/725/672
f 597/701/673 612/724/673 613/726/673
f 606/704/674 605/702/674 620/725/674
f 618/719/675 617/717/675 632/728/675
f 618/719/678 633/729/678 634/734/678
f 611/721/679 626/731/679 627/735/679
f 619/723/680 634/734/680 635/736/680
f 613/726/681 612/724/681 627/735/681
f 621/727/682 620/725/682 635/736/682
f 613/726/683 628/737/683 629/739/683
f 621/727/684 636/738/684 637/740/684
f 615/713/685 614/711/685 629/739/685
f 623/714/686 622/712/686 637/740/686
f 615/713/687 630/741/687 631/743/687
f 623/714/688 638/742/688 639/744/688
f 617/717/689 616/715/689 631/743/689
f 625/718/690 624/716/690 639/744/690
f 636/738/691 651/761/691 652/745/691
f 630/741/692 629/739/692 644/746/692
f 638/742/693 637/740/693 652/745/693
f 630/741/694 645/747/694 646/749/694
f 638/742/1048 653/748/1048 654/750/1048
f 632/728/696 631/743/696 646/749/696
f 639/744/697 654/750/697 655/752/697
f 633/729/698 632/728/698 647/751/698
f 633/729/701 648/753/701 649/757/701
f 626/731/702 641/755/702 642/758/702
f 634/734/703 649/757/703 650/759/703
f 628/737/1049 627/735/1049 642/758/1049
f 636/738/705 635/736/705 650/759/705
f 628/737/706 643/760/706 644/746/706
f 648/753/708 663/776/708 664/764/708
f 641/755/709 656/778/709 657/765/709
f 649/757/710 664/764/710 665/766/710
f 642/758/711 657/765/711 658/767/711
f 651/761/712 650/759/712 665/766/712
f 643/760/713 658/767/713 659/769/713
f 651/761/714 666/768/714 667/770/714
f 645/747/715 644/746/715 659/769/715
f 652/745/716 667/770/716 668/772/716
f 645/747/717 660/771/717 661/773/717
f 654/750/718 653/748/718 668/772/718
f 647/751/719 646/749/719 661/773/719
f 655/752/720 654/750/720 669/774/720
f 648/753/721 647/751/721 662/775/721
f 668/772/723 667/770/723 682/779/723
f 660/771/724 675/795/724 676/781/724
f 668/772/725 683/780/725 684/782/725
f 662/775/726 661/773/726 676/781/726
f 669/774/727 684/782/727 685/784/727
f 663/776/728 662/775/728 677/783/728
f 663/776/731 678/785/731 679/789/731
f 657/765/732 656/778/732 671/787/732
f 664/764/733 679/789/733 680/791/733
f 658/767/734 657/765/734 672/790/734
f 666/768/735 665/766/735 680/791/735
f 658/767/736 673/792/736 674/794/736
f 666/768/737 681/793/737 682/779/737
f 660/771/738 659/769/738 674/794/738
f 671/787/739 686/810/739 687/796/739
f 679/789/740 694/812/740 695/797/740
f 672/790/741 687/796/741 688/798/741
f 681/793/742 680/791/742 695/797/742
f 673/792/743 688/798/743 689/800/743
f 681/793/744 696/799/744 697/801/744
f 675/795/745 674/794/745 689/800/745
f 683/780/746 682/779/746 697/801/746
f 675/795/747 690/802/747 691/804/747
f 683/780/1050 698/803/1050 699/805/1050
f 677/783/749 676/781/749 691/804/749
f 684/782/750 699/805/750 700/807/750
f 678/785/751 677/783/751 692/806/751
f 678/785/754 693/808/754 694/812/754
f 690/802/755 705/828/755 706/813/755
f 698/803/756 713/829/756 714/814/756
f 692/806/757 691/804/757 706/813/757
f 699/805/758 714/814/758 715/816/758
f 693/808/759 692/806/759 707/815/759
f 693/808/762 708/817/762 709/821/762
f 686/810/763 701/819/763 702/822/763
f 694/812/764 709/821/764 710/823/764
f 687/796/765 702/822/765 703/824/765
f 696/799/766 695/797/766 710/823/766
f 688/798/767 703/824/767 704/826/767
f 696/799/768 711/825/768 712/827/768
f 690/802/769 689/800/769 704/826/769
f 698/803/770 697/801/770 712/827/770
f 709/821/771 724/846/771 725/830/771
f 703/824/772 702/822/772 717/831/772
f 711/825/773 710/823/773 725/830/773
f 703/824/774 718/832/774 719/834/774
f 711/825/775 726/833/775 727/835/775
f 705/828/776 704/826/776 719/834/776
f 713/829/777 712/827/777 727/835/777
f 705/828/778 720/836/778 721/838/778
f 713/829/779 728/837/779 729/839/779
f 707/815/780 706/813/780 721/838/780
f 715/816/781 714/814/781 729/839/781
f 708/817/782 707/815/782 722/840/782
f 708/817/785 723/842/785 724/846/785
f 701/819/786 716/844/786 717/831/786
f 728/837/787 743/863/787 744/847/787
f 722/840/788 721/838/788 736/848/788
f 729/839/789 744/847/789 745/850/789
f 723/842/1051 722/840/1051 737/849/1051
f 723/842/1052 738/851/1052 739/855/1052
f 716/844/794 731/853/794 732/856/794
f 724/846/795 739/855/795 740/857/795
f 717/831/796 732/856/796 733/858/796
f 726/833/797 725/830/797 740/857/797
f 718/832/798 733/858/798 734/860/798
f 726/833/799 741/859/799 742/861/799
f 720/836/800 719/834/800 734/860/800
f 728/837/801 727/835/801 742/861/801
f 720/836/802 735/862/802 736/848/802
f 732/856/803 747/880/803 748/864/803
f 741/859/804 740/857/804 755/865/804
f 733/858/805 748/864/805 749/867/805
f 741/859/806 756/866/806 757/868/806
f 735/862/807 734/860/807 749/867/807
f 743/863/808 742/861/808 757/868/808
f 735/862/809 750/869/809 751/871/809
f 743/863/810 758/870/810 759/872/810
f 737/849/811 736/848/811 751/871/811
f 744/847/812 759/872/812 760/874/812
f 738/851/813 737/849/813 752/873/813
f 738/851/816 753/875/816 754/879/816
f 732/856/817 731/853/817 746/877/817
f 739/855/818 754/879/818 755/865/818
f 752/873/819 751/871/819 766/881/819
f 760/874/820 759/872/820 774/883/820
f 753/875/821 752/873/821 767/882/821
f 753/875/824 768/885/824 769/889/824
f 747/880/825 746/877/825 761/887/825
f 754/879/826 769/889/826 770/891/826
f 747/880/1053 762/890/1053 763/892/1053
f 756/866/828 755/865/828 770/891/828
f 748/864/829 763/892/829 764/894/829
f 756/866/830 771/893/830 772/895/830
f 750/869/831 749/867/831 764/894/831
f 758/870/832 757/868/832 772/895/832
f 750/869/833 765/896/833 766/881/833
f 758/870/1054 773/897/1054 774/883/1054
f 771/893/835 770/891/835 785/898/835
f 763/892/836 778/914/836 779/900/836
f 771/893/837 786/899/837 787/901/837
f 765/896/838 764/894/838 779/900/838
f 773/897/839 772/895/839 787/901/839
f 765/896/840 780/902/840 781/904/840
f 773/897/841 788/903/841 789/905/841
f 767/882/842 766/881/842 781/904/842
f 775/884/843 774/883/843 789/905/843
f 768/885/844 767/882/844 782/906/844
f 768/885/847 783/908/847 784/912/847
f 761/887/848 776/910/848 777/913/848
f 769/889/849 784/912/849 785/898/849
f 762/890/850 777/913/850 778/914/850
f 789/905/1055 804/931/1055 805/915/1055
f 783/908/852 782/906/852 797/916/852
f 783/908/855 798/917/855 799/921/855
f 776/910/856 791/919/856 792/922/856
f 784/912/857 799/921/857 800/923/857
f 777/913/858 792/922/858 793/924/858
f 786/899/859 785/898/859 800/923/859
f 778/914/860 793/924/860 794/926/860
f 786/899/861 801/925/861 802/927/861
f 780/902/862 779/900/862 794/926/862
f 788/903/863 787/901/863 802/927/863
f 780/902/864 795/928/864 796/930/864
f 788/903/865 803/929/865 804/931/865
f 782/906/866 781/904/866 796/930/866
f 801/925/867 816/947/867 817/932/867
f 794/926/868 809/948/868 810/933/868
f 803/929/869 802/927/869 817/932/869
f 795/928/870 810/933/870 811/935/870
f 803/929/1056 818/934/1056 819/936/1056
f 797/916/872 796/930/872 811/935/872
f 804/931/873 819/936/873 820/938/873
f 798/917/874 797/916/874 812/937/874
f 798/917/877 813/939/877 814/943/877
f 791/919/878 806/941/878 807/944/878
f 799/921/879 814/943/879 815/945/879
f 792/922/880 807/944/880 808/946/880
f 801/925/881 800/923/881 815/945/881
f 793/924/882 808/946/882 809/948/882
f 813/939/885 828/965/885 829/953/885
f 806/941/886 821/950/886 822/954/886
f 814/943/887 829/953/887 830/955/887
f 807/944/888 822/954/888 823/956/888
f 816/947/889 815/945/889 830/955/889
f 808/946/890 823/956/890 824/958/890
f 816/947/891 831/957/891 832/959/891
f 810/933/892 809/948/892 824/958/892
f 818/934/893 817/932/893 832/959/893
f 810/933/894 825/960/894 826/962/894
f 818/934/895 833/961/895 834/963/895
f 812/937/896 811/935/896 826/962/896
f 819/936/897 834/963/897 835/952/897
f 813/939/898 812/937/898 827/964/898
f 825/960/899 824/958/899 839/966/899
f 833/961/900 832/959/900 847/968/900
f 825/960/901 840/967/901 841/970/901
f 833/961/902 848/969/902 849/971/902
f 827/964/903 826/962/903 841/970/903
f 834/963/904 849/971/904 850/973/904
f 828/965/1057 827/964/1057 842/972/1057
f 828/965/1058 843/974/1058 844/978/1058
f 821/950/909 836/976/909 837/979/909
f 829/953/910 844/978/910 845/980/910
f 823/956/911 822/954/911 837/979/911
f 831/957/912 830/955/912 845/980/912
f 823/956/913 838/981/913 839/966/913
f 831/957/914 846/982/914 847/968/914
f 843/983/1059 858/1011/1059 859/984/1059
f 836/986/916 851/1013/916 852/987/916
f 844/985/917 859/984/917 860/989/917
f 838/991/918 837/988/918 852/987/918
f 846/993/919 845/990/919 860/989/919
f 838/991/920 853/992/920 854/995/920
f 846/993/921 861/994/921 862/997/921
f 840/999/922 839/996/922 854/995/922
f 848/1001/923 847/998/923 862/997/923
f 840/999/924 855/1000/924 856/1003/924
f 848/1001/925 863/1002/925 864/1005/925
f 842/1007/926 841/1004/926 856/1003/926
f 849/1006/927 864/1005/927 865/1009/927
f 843/983/1060 842/1007/1060 857/1008/1060
f 863/1002/931 862/997/931 877/1015/931
f 855/1000/932 870/1031/932 871/1017/932
f 863/1002/933 878/1016/933 879/1018/933
f 857/1008/934 856/1003/934 871/1017/934
f 864/1005/935 879/1018/935 880/1020/935
f 858/1011/936 857/1008/936 872/1019/936
f 858/1011/939 873/1021/939 874/1025/939
f 851/1013/940 866/1023/940 867/1026/940
f 859/984/941 874/1025/941 875/1027/941
f 853/992/942 852/987/942 867/1026/942
f 861/994/943 860/989/943 875/1027/943
f 853/992/944 868/1028/944 869/1030/944
f 861/994/945 876/1029/945 877/1015/945
f 855/1000/946 854/995/946 869/1030/946
f 867/1026/947 866/1023/947 881/1032/947
f 874/1025/948 889/1048/948 890/1034/948
f 867/1026/949 882/1033/949 883/1035/949
f 876/1029/950 875/1027/950 890/1034/950
f 868/1028/951 883/1035/951 884/1037/951
f 876/1029/952 891/1036/952 892/1038/952
f 870/1031/953 869/1030/953 884/1037/953
f 878/1016/954 877/1015/954 892/1038/954
f 870/1031/955 885/1039/955 886/1041/955
f 879/1018/956 878/1016/956 893/1040/956
f 872/1019/957 871/1017/957 886/1041/957
f 879/1018/958 894/1042/958 895/1044/958
f 873/1021/959 872/1019/959 887/1043/959
f 873/1021/962 888/1045/962 889/1048/962
f 885/1039/963 900/1064/963 901/1049/963
f 893/1040/964 908/1065/964 909/1050/964
f 887/1043/965 886/1041/965 901/1049/965
f 894/1042/966 909/1050/966 910/1052/966
f 888/1045/967 887/1043/967 902/1051/967
f 888/1045/970 903/1053/970 904/1057/970
f 881/1032/971 896/1055/971 897/1058/971
f 889/1048/972 904/1057/972 905/1059/972
f 883/1035/973 882/1033/973 897/1058/973
f 891/1036/974 890/1034/974 905/1059/974
f 883/1035/975 898/1060/975 899/1062/975
f 891/1036/976 906/1061/976 907/1063/976
f 885/1039/977 884/1037/977 899/1062/977
f 893/1040/978 892/1038/978 907/1063/978
f 904/1057/979 919/1082/979 920/1066/979
f 898/1060/980 897/1058/980 912/1067/980
f 906/1061/981 905/1059/981 920/1066/981
f 898/1060/982 913/1068/982 914/1070/982
f 906/1061/983 921/1069/983 922/1071/983
f 900/1064/984 899/1062/984 914/1070/984
f 908/1065/985 907/1063/985 922/1071/985
f 900/1064/986 915/1072/986 916/1074/986
f 908/1065/987 923/1073/987 924/1075/987
f 902/1051/988 901/1049/988 916/1074/988
f 909/1050/989 924/1075/989 925/1077/989
f 903/1053/990 902/1051/990 917/1076/990
f 903/1053/993 918/1078/993 919/1082/993
f 896/1055/994 911/1080/994 912/1067/994
f 923/1073/995 938/1099/995 939/1083/995
f 917/1076/996 916/1074/996 931/1084/996
f 924/1075/997 939/1083/997 940/1086/997
f 918/1078/998 917/1076/998 932/1085/998
f 918/1078/1001 933/1087/1001 934/1091/1001
f 912/1067/1002 911/1080/1002 926/1089/1002
f 919/1082/1003 934/1091/1003 935/1093/1003
f 912/1067/1004 927/1092/1004 928/1094/1004
f 921/1069/1005 920/1066/1005 935/1093/1005
f 913/1068/1006 928/1094/1006 929/1096/1006
f 921/1069/1007 936/1095/1007 937/1097/1007
f 915/1072/1008 914/1070/1008 929/1096/1008
f 923/1073/1009 922/1071/1009 937/1097/1009
f 915/1072/1010 930/1098/1010 931/1084/1010
f 936/1095/1011 935/1093/1011 950/1100/1011
f 928/1094/1012 943/1116/1012 944/1102/1012
f 936/1095/1013 951/1101/1013 952/1103/1013
f 930/1098/1014 929/1096/1014 944/1102/1014
f 938/1099/1015 937/1097/1015 952/1103/1015
f 930/1098/1016 945/1104/1016 946/1106/1016
f 938/1099/1017 953/1105/1017 954/1107/1017
f 932/1085/1018 931/1084/1018 946/1106/1018
f 940/1086/1019 939/1083/1019 954/1107/1019
f 933/1087/1020 932/1085/1020 947/1108/1020
f 933/1087/1023 948/1110/1023 949/1114/1023
f 926/1089/1024 941/1112/1024 942/1115/1024
f 934/1091/1025 949/1114/1025 950/1100/1025
f 928/1094/1026 927/1092/1026 942/1115/1026
f 954/1107/1027 963/563/1027 964/565/1027
f 948/1110/1028 947/1108/1028 486/560/1028
f 948/1110/1031 487/567/1031 488/573/1031
f 942/1115/1032 941/1112/1032 956/568/1032
f 949/1114/1033 488/573/1033 960/577/1033
f 943/1116/1034 942/1115/1034 957/574/1034
f 950/1100/1035 960/577/1035 489/581/1035
f 944/1102/1036 943/1116/1036 484/578/1036
f 951/1101/1037 489/581/1037 961/585/1037
f 945/1104/1038 944/1102/1038 958/582/1038
f 953/1105/1039 952/1103/1039 961/585/1039
f 946/1106/1040 945/1104/1040 485/586/1040
f 953/1105/1041 962/589/1041 963/563/1041
f 947/1108/1042 946/1106/1042 959/590/1042
o Sphere.002
v 0.000000 2.519231 0.000000
v 0.000000 2.434966 -0.277785
v 0.000000 2.297016 -0.415735
v 0.000000 2.116776 -0.490393
v 0.000000 2.019231 -0.500000
v 0.000000 1.921686 -0.490393
v 0.000000 1.741446 -0.415735
v 0.000000 1.519231 0.000000
v 0.019030 2.509624 -0.095671
v 0.037329 2.481171 -0.187665
v 0.054193 2.434966 -0.272448
v 0.068975 2.372785 -0.346760
v 0.081106 2.297016 -0.407747
v 0.090120 2.210573 -0.453064
v 0.095671 2.116776 -0.480970
v 0.097545 2.019231 -0.490393
v 0.095671 1.921686 -0.480970
v 0.090120 1.827890 -0.453064
v 0.081106 1.741446 -0.407747
v 0.068975 1.665678 -0.346760
v 0.054193 1.603497 -0.272448
v 0.037329 1.557292 -0.187665
v 0.019030 1.528839 -0.095671
v 0.037329 2.509624 -0.090120
v 0.073223 2.481171 -0.176777
v 0.106304 2.434966 -0.256640
v 0.135299 2.372785 -0.326641
v 0.159095 2.297016 -0.384089
v 0.176777 2.210573 -0.426777
v 0.187665 2.116776 -0.453064
v 0.191342 2.019231 -0.461940
v 0.187665 1.921686 -0.453064
v 0.176777 1.827890 -0.426777
v 0.159095 1.741446 -0.384089
v 0.135299 1.665678 -0.326641
v 0.106304 1.603497 -0.256640
v 0.073223 1.557292 -0.176777
v 0.037329 1.528839 -0.090120
v 0.054193 2.509624 -0.081106
v 0.106304 2.481171 -0.159095
v 0.154329 2.434966 -0.230970
v 0.196424 2.372785 -0.293969
v 0.230970 2.297016 -0.345671
v 0.256640 2.210573 -0.384089
v 0.272448 2.116776 -0.407747
v 0.277785 2.019231 -0.415735
v 0.272448 1.921686 -0.407747
v 0.256640 1.827890 -0.384089
v 0.230970 1.741446 -0.345671
v 0.196424 1.665678 -0.293969
v 0.154329 1.603497 -0.230970
v 0.106304 1.557292 -0.159095
v 0.054193 1.528839 -0.081106
v 0.068975 2.509624 -0.068975
v 0.135299 2.481171 -0.135299
v 0.196424 2.434966 -0.196424
v 0.250000 2.372785 -0.250000
v 0.293969 2.297016 -0.293969
v 0.326641 2.210573 -0.326641
v 0.346760 2.116776 -0.346760
v 0.353553 2.019231 -0.353553
v 0.346760 1.921686 -0.346760
v 0.326641 1.827890 -0.326641
v 0.293969 1.741446 -0.293969
v 0.250000 1.665678 -0.250000
v 0.196424 1.603497 -0.196424
v 0.135299 1.557292 -0.135299
v 0.068975 1.528839 -0.068975
v 0.081106 2.509624 -0.054193
v 0.159095 2.481171 -0.106304
v 0.230970 2.434966 -0.154329
v 0.293969 2.372785 -0.196424
v 0.345671 2.297016 -0.230970
v 0.384089 2.210573 -0.256640
v 0.407747 2.116776 -0.272447
v 0.415735 2.019231 -0.277785
v 0.407747 1.921686 -0.272447
v 0.384089 1.827890 -0.256640
v 0.345671 1.741446 -0.230970
v 0.293969 1.665678 -0.196424
v 0.230970 1.603497 -0.154329
v 0.159095 1.557292 -0.106304
v 0.081106 1.528839 -0.054193
v 0.090120 2.509624 -0.037329
v 0.176777 2.481171 -0.073223
v 0.256640 2.434966 -0.106304
v 0.326641 2.372785 -0.135299
v 0.384089 2.297016 -0.159095
v 0.426777 2.210573 -0.176777
v 0.453064 2.116776 -0.187665
v 0.461940 2.019231 -0.191342
v 0.453064 1.921686 -0.187665
v 0.426777 1.827890 -0.176777
v 0.384089 1.741446 -0.159095
v 0.326641 1.665678 -0.135299
v 0.256640 1.603497 -0.106304
v 0.176777 1.557292 -0.073223
v 0.090120 1.528839 -0.037329
v 0.095671 2.509624 -0.019030
v 0.187665 2.481171 -0.037329
v 0.272448 2.434966 -0.054193
v 0.346760 2.372785 -0.068975
v 0.407746 2.297016 -0.081106
v 0.453064 2.210573 -0.090120
v 0.480970 2.116776 -0.095671
v 0.490393 2.019231 -0.097545
v 0.480970 1.921686 -0.095671
v 0.453064 1.827890 -0.090120
v 0.407746 1.741446 -0.081106
v 0.346760 1.665678 -0.068975
v 0.272448 1.603497 -0.054193
v 0.187665 1.557292 -0.037329
v 0.095671 1.528839 -0.019030
v 0.097545 2.509624 0.000000
v 0.191342 2.481171 0.000000
v 0.277785 2.434966 0.000000
v 0.353553 2.372785 -0.000000
v 0.415735 2.297016 0.000000
v 0.461940 2.210573 -0.000000
v 0.490393 2.116776 0.000000
v 0.500000 2.019231 0.000000
v 0.490393 1.921686 0.000000
v 0.461940 1.827890 -0.000000
v 0.415735 1.741446 0.000000
v 0.353553 1.665678 -0.000000
v 0.277785 1.603497 0.000000
v 0.191342 1.557292 0.000000
v 0.097545 1.528839 0.000000
v 0.095671 2.509624 0.019030
v 0.187665 2.481171 0.037329
v 0.272447 2.434966 0.054193
v 0.346760 2.372785 0.068975
v 0.407746 2.297016 0.081106
v 0.453064 2.210573 0.090120
v 0.480970 2.116776 0.095671
v 0.490392 2.019231 0.097545
v 0.480970 1.921686 0.095671
v 0.453064 1.827890 0.090120
v 0.407746 1.741446 0.081106
v 0.346760 1.665678 0.068975
v 0.272447 1.603497 0.054193
v 0.187665 1.557292 0.037329
v 0.095671 1.528839 0.019030
v 0.090120 2.509624 0.037329
v 0.176777 2.481171 0.073223
v 0.256640 2.434966 0.106304
v 0.326641 2.372785 0.135299
v 0.384089 2.297016 0.159095
v 0.426777 2.210573 0.176777
v 0.453064 2.116776 0.187665
v 0.461940 2.019231 0.191342
v 0.453064 1.921686 0.187665
v 0.426777 1.827890 0.176777
v 0.384089 1.741446 0.159095
v 0.326641 1.665678 0.135299
v 0.256640 1.603497 0.106304
v 0.176777 1.557292 0.073223
v 0.090120 1.528839 0.037329
v 0.081106 2.509624 0.054193
v 0.159095 2.481171 0.106304
v 0.230970 2.434966 0.154329
v 0.293969 2.372785 0.196424
v 0.345671 2.297016 0.230970
v 0.384089 2.210573 0.256640
v 0.407746 2.116776 0.272448
v 0.415735 2.019231 0.277785
v 0.407746 1.921686 0.272448
v 0.384089 1.827890 0.256640
v 0.345671 1.741446 0.230970
v 0.293969 1.665678 0.196424
v 0.230970 1.603497 0.154329
v 0.159095 1.557292 0.106304
v 0.081106 1.528839 0.054193
v 0.068975 2.509624 0.068975
v 0.135299 2.481171 0.135299
v 0.196424 2.434966 0.196424
v 0.250000 2.372785 0.250000
v 0.293969 2.297016 0.293969
v 0.326641 2.210573 0.326641
v 0.346760 2.116776 0.346760
v 0.353553 2.019231 0.353553
v 0.346760 1.921686 0.346760
v 0.326641 1.827890 0.326641
v 0.293969 1.741446 0.293969
v 0.250000 1.665678 0.250000
v 0.196424 1.603497 0.196424
v 0.135299 1.557292 0.135299
v 0.068975 1.528839 0.068975
v 0.054193 2.509624 0.081106
v 0.106304 2.481171 0.159095
v 0.154329 2.434966 0.230970
v 0.196424 2.372785 0.293969
v 0.230970 2.297016 0.345671
v 0.256640 2.210573 0.384089
v 0.272447 2.116776 0.407746
v 0.277785 2.019231 0.415735
v 0.272447 1.921686 0.407746
v 0.256640 1.827890 0.384089
v 0.230970 1.741446 0.345671
v 0.196424 1.665678 0.293969
v 0.154329 1.603497 0.230970
v 0.106304 1.557292 0.159095
v 0.054193 1.528839 0.081106
v 0.037329 2.509624 0.090120
v 0.073223 2.481171 0.176777
v 0.106304 2.434966 0.256640
v 0.135299 2.372785 0.326641
v 0.159095 2.297016 0.384089
v 0.176777 2.210573 0.426777
v 0.187665 2.116776 0.453064
v 0.191341 2.019231 0.461940
v 0.187665 1.921686 0.453064
v 0.176777 1.827890 0.426777
v 0.159095 1.741446 0.384089
v 0.135299 1.665678 0.326641
v 0.106304 1.603497 0.256640
v 0.073223 1.557292 0.176777
v 0.037329 1.528839 0.090120
v 0.019030 2.509624 0.095671
v 0.037329 2.481171 0.187665
v 0.054193 2.434966 0.272447
v 0.068975 2.372785 0.346760
v 0.081106 2.297016 0.407746
v 0.090120 2.210573 0.453064
v 0.095671 2.116776 0.480970
v 0.097545 2.019231 0.490392
v 0.095671 1.921686 0.480970
v 0.090120 1.827890 0.453064
v 0.081106 1.741446 0.407746
v 0.068975 1.665678 0.346760
v 0.054193 1.603497 0.272447
v 0.037329 1.557292 0.187665
v 0.019030 1.528839 0.095671
v -0.000000 2.509624 0.097545
v -0.000000 2.481171 0.191342
v -0.000000 2.434966 0.277785
v -0.000000 2.372785 0.353553
v -0.000000 2.297016 0.415735
v 0.000000 2.210573 0.461940
v -0.000000 2.116776 0.490392
v -0.000000 2.019231 0.500000
v -0.000000 1.921686 0.490392
v 0.000000 1.827890 0.461940
v -0.000000 1.741446 0.415735
v -0.000000 1.665678 0.353553
v -0.000000 1.603497 0.277785
v -0.000000 1.557292 0.191342
v -0.000000 1.528839 0.097545
v -0.019030 2.509624 0.095671
v -0.037329 2.481171 0.187665
v -0.054193 2.434966 0.272447
v -0.068975 2.372785 0.346760
v -0.081106 2.297016 0.407746
v -0.090120 2.210573 0.453064
v -0.095671 2.116776 0.480970
v -0.097545 2.019231 0.490392
v -0.095671 1.921686 0.480970
v -0.090120 1.827890 0.453064
v -0.081106 1.741446 0.407746
v -0.068975 1.665678 0.346760
v -0.054193 1.603497 0.272447
v -0.037329 1.557292 0.187665
v -0.019030 1.528839 0.095671
v -0.037329 2.509624 0.090120
v -0.073223 2.481171 0.176777
v -0.106304 2.434966 0.256640
v -0.135299 2.372785 0.326641
v -0.159095 2.297016 0.384089
v -0.176777 2.210573 0.426777
v -0.187665 2.116776 0.453064
v -0.191342 2.019231 0.461939
v -0.187665 1.921686 0.453064
v -0.176777 1.827890 0.426777
v -0.159095 1.741446 0.384089
v -0.135299 1.665678 0.326641
v -0.106304 1.603497 0.256640
v -0.073223 1.557292 0.176777
v -0.037329 1.528839 0.090120
v -0.054193 2.509624 0.081106
v -0.106304 2.481171 0.159095
v -0.154329 2.434966 0.230970
v -0.196424 2.372785 0.293969
v -0.230970 2.297016 0.345671
v -0.256640 2.210573 0.384089
v -0.272448 2.116776 0.407746
v -0.277785 2.019231 0.415734
v -0.272448 1.921686 0.407746
v -0.256640 1.827890 0.384089
v -0.230970 1.741446 0.345671
v -0.196424 1.665678 0.293969
v -0.154329 1.603497 0.230970
v -0.106304 1.557292 0.159095
v -0.054193 1.528839 0.081106
v -0.068975 2.509624 0.068975
v -0.135299 2.481171 0.135299
v -0.196424 2.434966 0.196424
v -0.250000 2.372785 0.250000
v -0.293969 2.297016 0.293969
v -0.326641 2.210573 0.326641
v -0.346760 2.116776 0.346760
v -0.353553 2.019231 0.353553
v -0.346760 1.921686 0.346760
v -0.326641 1.827890 0.326641
v -0.293969 1.741446 0.293969
v -0.250000 1.665678 0.250000
v -0.196424 1.603497 0.196424
v -0.135299 1.557292 0.135299
v -0.068975 1.528839 0.068975
v -0.081106 2.509624 0.054193
v -0.159095 2.481171 0.106304
v -0.230970 2.434966 0.154329
v -0.293969 2.372785 0.196424
v -0.345671 2.297016 0.230970
v -0.384089 2.210573 0.256640
v -0.407746 2.116776 0.272447
v -0.415735 2.019231 0.277785
v -0.407746 1.921686 0.272447
v -0.384089 1.827890 0.256640
v -0.345671 1.741446 0.230970
v -0.293969 1.665678 0.196424
v -0.230970 1.603497 0.154329
v -0.159095 1.557292 0.106304
v -0.081106 1.528839 0.054193
v -0.090120 2.509624 0.037329
v -0.176777 2.481171 0.073223
v -0.256640 2.434966 0.106304
v -0.326641 2.372785 0.135299
v -0.384089 2.297016 0.159095
v -0.426777 2.210573 0.176777
v -0.453064 2.116776 0.187665
v -0.461939 2.019231 0.191341
v -0.453064 1.921686 0.187665
v -0.426777 1.827890 0.176777
v -0.384089 1.741446 0.159095
v -0.326641 1.665678 0.135299
v -0.256640 1.603497 0.106304
v -0.176777 1.557292 0.073223
v -0.090120 1.528839 0.037329
v -0.095671 2.509624 0.019030
v -0.187665 2.481171 0.037329
v -0.272447 2.434966 0.054193
v -0.346760 2.372785 0.068975
v -0.407746 2.297016 0.081106
v -0.453064 2.210573 0.090120
v -0.480970 2.116776 0.095671
v -0.490392 2.019231 0.097545
v -0.480970 1.921686 0.095671
v -0.453064 1.827890 0.090120
v -0.407746 1.741446 0.081106
v -0.346760 1.665678 0.068975
v -0.272447 1.603497 0.054193
v -0.187665 1.557292 0.037329
v -0.095671 1.528839 0.019030
v -0.097545 2.509624 -0.000000
v -0.191342 2.481171 -0.000000
v -0.277785 2.434966 -0.000000
v -0.353553 2.372785 -0.000000
v -0.415735 2.297016 -0.000000
v -0.461940 2.210573 -0.000000
v -0.490392 2.116776 -0.000000
v -0.500000 2.019231 -0.000000
v -0.490392 1.921686 -0.000000
v -0.461940 1.827890 -0.000000
v -0.415735 1.741446 -0.000000
v -0.353553 1.665678 -0.000000
v -0.277785 1.603497 -0.000000
v -0.191342 1.557292 -0.000000
v -0.097545 1.528839 -0.000000
v -0.095671 2.509624 -0.019030
v -0.187665 2.481171 -0.037329
v -0.272447 2.434966 -0.054193
v -0.346760 2.372785 -0.068975
v -0.407746 2.297016 -0.081106
v -0.453064 2.210573 -0.090120
v -0.480970 2.116776 -0.095671
v -0.490392 2.019231 -0.097545
v -0.480970 1.921686 -0.095671
v -0.453064 1.827890 -0.090120
v -0.407746 1.741446 -0.081106
v -0.346760 1.665678 -0.068975
v -0.272447 1.603497 -0.054193
v -0.187665 1.557292 -0.037329
v -0.095671 1.528839 -0.019030
v -0.090120 2.509624 -0.037329
v -0.176777 2.481171 -0.073223
v -0.256640 2.434966 -0.106304
v -0.326641 2.372785 -0.135299
v -0.384089 2.297016 -0.159095
v -0.426776 2.210573 -0.176777
v -0.453063 2.116776 -0.187665
v -0.461939 2.019231 -0.191342
v -0.453063 1.921686 -0.187665
v -0.426776 1.827890 -0.176777
v -0.384089 1.741446 -0.159095
v -0.326641 1.665678 -0.135299
v -0.256640 1.603497 -0.106304
v -0.176777 1.557292 -0.073223
v -0.090120 1.528839 -0.037329
v -0.081106 2.509624 -0.054193
v -0.159095 2.481171 -0.106304
v -0.230970 2.434966 -0.154329
v -0.293969 2.372785 -0.196424
v -0.345671 2.297016 -0.230970
v -0.384089 2.210573 -0.256640
v -0.407746 2.116776 -0.272448
v -0.415734 2.019231 -0.277785
v -0.407746 1.921686 -0.272448
v -0.384089 1.827890 -0.256640
v -0.345671 1.741446 -0.230970
v -0.293969 1.665678 -0.196424
v -0.230970 1.603497 -0.154329
v -0.159095 1.557292 -0.106304
v -0.081106 1.528839 -0.054193
v -0.068975 2.509624 -0.068975
v -0.135299 2.481171 -0.135299
v -0.196423 2.434966 -0.196424
v -0.250000 2.372785 -0.250000
v -0.293969 2.297016 -0.293969
v -0.326641 2.210573 -0.326641
v -0.346760 2.116776 -0.346760
v -0.353553 2.019231 -0.353553
v -0.346760 1.921686 -0.346760
v -0.326641 1.827890 -0.326641
v -0.293969 1.741446 -0.293969
v -0.250000 1.665678 -0.250000
v -0.196423 1.603497 -0.196424
v -0.135299 1.557292 -0.135299
v -0.068975 1.528839 -0.068975
v -0.054193 2.509624 -0.081106
v -0.106304 2.481171 -0.159095
v -0.154329 2.434966 -0.230970
v -0.196424 2.372785 -0.293969
v -0.230970 2.297016 -0.345671
v -0.256640 2.210573 -0.384089
v -0.272447 2.116776 -0.407746
v -0.277785 2.019231 -0.415734
v -0.272447 1.921686 -0.407746
v -0.256640 1.827890 -0.384089
v -0.230970 1.741446 -0.345671
v -0.196424 1.665678 -0.293969
v -0.154329 1.603497 -0.230970
v -0.106304 1.557292 -0.159095
v -0.054193 1.528839 -0.081106
v -0.037329 2.509624 -0.090120
v -0.073223 2.481171 -0.176777
v -0.106304 2.434966 -0.256640
v -0.135299 2.372785 -0.326641
v -0.159095 2.297016 -0.384089
v -0.176777 2.210573 -0.426776
v -0.187665 2.116776 -0.453063
v -0.191341 2.019231 -0.461939
v -0.187665 1.921686 -0.453063
v -0.176777 1.827890 -0.426776
v -0.159095 1.741446 -0.384089
v -0.135299 1.665678 -0.326641
v -0.106304 1.603497 -0.256640
v -0.073223 1.557292 -0.176777
v -0.037329 1.528839 -0.090120
v -0.019030 2.509624 -0.095671
v -0.037329 2.481171 -0.187665
v -0.054193 2.434966 -0.272447
v -0.068975 2.372785 -0.346760
v -0.081106 2.297016 -0.407746
v -0.090120 2.210573 -0.453063
v -0.095671 2.116776 -0.480970
v -0.097545 2.019231 -0.490392
v -0.095671 1.921686 -0.480970
v -0.090120 1.827890 -0.453063
v -0.081106 1.741446 -0.407746
v -0.068975 1.665678 -0.346760
v -0.054193 1.603497 -0.272447
v -0.037329 1.557292 -0.187665
v -0.019030 1.528839 -0.095671
v 0.000000 2.509624 -0.097545
v 0.000000 2.481171 -0.191342
v 0.000000 2.372785 -0.353553
v 0.000000 2.210573 -0.461940
v 0.000000 1.827890 -0.461940
v 0.000000 1.665678 -0.353553
v 0.000000 1.603497 -0.277785
v 0.000000 1.557292 -0.191342
v 0.000000 1.528839 -0.097545
vn 0.0938 0.2890 -0.9527
vn 0.0286 -0.9565 -0.2902
vn 0.0975 0.0975 -0.9904
vn 0.0097 0.9951 -0.0980
vn 0.0097 -0.9951 -0.0980
vn 0.0975 -0.0976 -0.9904
vn 0.0286 0.9565 -0.2902
vn 0.0938 -0.2890 -0.9527
vn 0.0464 0.8810 -0.4709
vn 0.0865 -0.4696 -0.8786
vn 0.0624 0.7715 -0.6332
vn 0.0759 -0.6326 -0.7708
vn 0.0759 0.6326 -0.7708
vn 0.0624 -0.7715 -0.6332
vn 0.0865 0.4696 -0.8786
vn 0.0464 -0.8810 -0.4709
vn 0.1847 -0.7715 -0.6088
vn 0.2563 0.4696 -0.8448
vn 0.1374 -0.8810 -0.4528
vn 0.2779 0.2890 -0.9161
vn 0.0846 -0.9565 -0.2790
vn 0.2889 0.0976 -0.9524
vn 0.0286 0.9951 -0.0942
vn 0.0286 -0.9951 -0.0942
vn 0.2889 -0.0976 -0.9524
vn 0.0846 0.9565 -0.2790
vn 0.2779 -0.2890 -0.9161
vn 0.1374 0.8810 -0.4528
vn 0.2563 -0.4696 -0.8448
vn 0.1847 0.7715 -0.6088
vn 0.2248 -0.6326 -0.7412
vn 0.2248 0.6326 -0.7412
vn 0.4513 -0.2890 -0.8443
vn 0.2231 0.8810 -0.4173
vn 0.4162 -0.4696 -0.7786
vn 0.2999 0.7715 -0.5611
vn 0.3651 -0.6326 -0.6831
vn 0.3651 0.6326 -0.6831
vn 0.2999 -0.7715 -0.5611
vn 0.4162 0.4696 -0.7786
vn 0.2230 -0.8810 -0.4173
vn 0.4513 0.2890 -0.8443
vn 0.1374 -0.9565 -0.2571
vn 0.4691 0.0975 -0.8777
vn 0.0464 0.9951 -0.0869
vn 0.0464 -0.9951 -0.0869
vn 0.4691 -0.0975 -0.8777
vn 0.1374 0.9565 -0.2571
vn 0.3002 -0.8810 -0.3658
vn 0.6073 0.2890 -0.7400
vn 0.1850 -0.9565 -0.2254
vn 0.6314 0.0975 -0.7693
vn 0.0625 0.9951 -0.0761
vn 0.0625 -0.9951 -0.0761
vn 0.6314 -0.0975 -0.7693
vn 0.1850 0.9565 -0.2254
vn 0.6073 -0.2890 -0.7400
vn 0.3002 0.8810 -0.3658
vn 0.5601 -0.4696 -0.6825
vn 0.4036 0.7715 -0.4918
vn 0.4913 -0.6326 -0.5987
vn 0.4913 0.6326 -0.5987
vn 0.4036 -0.7715 -0.4918
vn 0.5601 0.4696 -0.6825
vn 0.3658 0.8810 -0.3002
vn 0.6825 -0.4696 -0.5601
vn 0.4918 0.7715 -0.4036
vn 0.5987 -0.6326 -0.4913
vn 0.5987 0.6326 -0.4913
vn 0.4918 -0.7715 -0.4036
vn 0.6825 0.4696 -0.5601
vn 0.3658 -0.8810 -0.3002
vn 0.7400 0.2890 -0.6073
vn 0.2254 -0.9566 -0.1850
vn 0.7693 0.0975 -0.6314
vn 0.0761 0.9951 -0.0625
vn 0.0761 -0.9951 -0.0625
vn 0.7693 -0.0975 -0.6314
vn 0.2254 0.9565 -0.1850
vn 0.7400 -0.2890 -0.6073
vn 0.8443 0.2890 -0.4513
vn 0.2571 -0.9565 -0.1374
vn 0.8777 0.0975 -0.4691
vn 0.0869 0.9951 -0.0464
vn 0.0869 -0.9951 -0.0464
vn 0.8777 -0.0975 -0.4691
vn 0.2571 0.9565 -0.1374
vn 0.8443 -0.2890 -0.4513
vn 0.4173 0.8810 -0.2230
vn 0.7786 -0.4696 -0.4162
vn 0.5611 0.7715 -0.2999
vn 0.6831 -0.6326 -0.3651
vn 0.6831 0.6326 -0.3651
vn 0.5611 -0.7715 -0.2999
vn 0.7786 0.4696 -0.4162
vn 0.4173 -0.8810 -0.2230
vn 0.8448 -0.4696 -0.2563
vn 0.6088 0.7715 -0.1847
vn 0.7412 -0.6326 -0.2248
vn 0.7412 0.6326 -0.2248
vn 0.6088 -0.7715 -0.1847
vn 0.8448 0.4696 -0.2563
vn 0.4528 -0.8810 -0.1374
vn 0.9161 0.2890 -0.2779
vn 0.2790 -0.9565 -0.0846
vn 0.9524 0.0975 -0.2889
vn 0.0942 0.9951 -0.0286
vn 0.0942 -0.9951 -0.0286
vn 0.9524 -0.0975 -0.2889
vn 0.2790 0.9565 -0.0846
vn 0.9161 -0.2890 -0.2779
vn 0.4528 0.8810 -0.1374
vn 0.2902 -0.9565 -0.0286
vn 0.9904 0.0975 -0.0975
vn 0.0980 0.9951 -0.0097
vn 0.0980 -0.9951 -0.0097
vn 0.9904 -0.0975 -0.0975
vn 0.2902 0.9565 -0.0286
vn 0.9527 -0.2890 -0.0938
vn 0.4709 0.8810 -0.0464
vn 0.8786 -0.4696 -0.0865
vn 0.6332 0.7715 -0.0624
vn 0.7708 -0.6326 -0.0759
vn 0.7708 0.6326 -0.0759
vn 0.6332 -0.7715 -0.0624
vn 0.8786 0.4696 -0.0865
vn 0.4709 -0.8810 -0.0464
vn 0.9527 0.2890 -0.0938
vn 0.6332 0.7715 0.0624
vn 0.7708 -0.6326 0.0759
vn 0.7708 0.6326 0.0759
vn 0.6332 -0.7715 0.0624
vn 0.8786 0.4696 0.0865
vn 0.4709 -0.8810 0.0464
vn 0.9527 0.2890 0.0938
vn 0.2902 -0.9565 0.0286
vn 0.9904 0.0975 0.0976
vn 0.0980 0.9951 0.0097
vn 0.0980 -0.9951 0.0097
vn 0.9904 -0.0975 0.0976
vn 0.2902 0.9565 0.0286
vn 0.9527 -0.2890 0.0938
vn 0.4709 0.8810 0.0464
vn 0.8786 -0.4696 0.0865
vn 0.9524 0.0975 0.2889
vn 0.0942 0.9951 0.0286
vn 0.0942 -0.9951 0.0286
vn 0.9524 -0.0975 0.2889
vn 0.2790 0.9565 0.0846
vn 0.9161 -0.2890 0.2779
vn 0.4528 0.8810 0.1374
vn 0.8448 -0.4696 0.2563
vn 0.6088 0.7715 0.1847
vn 0.7412 -0.6326 0.2248
vn 0.7412 0.6326 0.2248
vn 0.6088 -0.7715 0.1847
vn 0.8448 0.4696 0.2563
vn 0.4528 -0.8810 0.1374
vn 0.9161 0.2890 0.2779
vn 0.2790 -0.9565 0.0846
vn 0.6831 -0.6326 0.3651
vn 0.6831 0.6326 0.3651
vn 0.5611 -0.7715 0.2999
vn 0.7786 0.4696 0.4162
vn 0.4173 -0.8810 0.2230
vn 0.8443 0.2890 0.4513
vn 0.2571 -0.9565 0.1374
vn 0.8777 0.0975 0.4691
vn 0.0869 0.9951 0.0464
vn 0.0869 -0.9951 0.0464
vn 0.8777 -0.0975 0.4691
vn 0.2571 0.9565 0.1374
vn 0.8443 -0.2890 0.4513
vn 0.4173 0.8810 0.2231
vn 0.7786 -0.4696 0.4162
vn 0.5611 0.7715 0.2999
vn 0.0761 -0.9951 0.0625
vn 0.7693 -0.0975 0.6314
vn 0.2254 0.9565 0.1850
vn 0.7400 -0.2890 0.6073
vn 0.3658 0.8810 0.3002
vn 0.6825 -0.4696 0.5601
vn 0.4918 0.7715 0.4036
vn 0.5987 -0.6326 0.4913
vn 0.5987 0.6326 0.4913
vn 0.4918 -0.7715 0.4036
vn 0.6825 0.4696 0.5601
vn 0.3658 -0.8810 0.3002
vn 0.7400 0.2890 0.6073
vn 0.2254 -0.9565 0.1850
vn 0.7693 0.0975 0.6314
vn 0.0761 0.9951 0.0625
vn 0.4036 -0.7715 0.4918
vn 0.5601 0.4696 0.6825
vn 0.3002 -0.8810 0.3658
vn 0.6073 0.2890 0.7400
vn 0.1850 -0.9565 0.2254
vn 0.6314 0.0975 0.7693
vn 0.0625 0.9951 0.0761
vn 0.0625 -0.9951 0.0761
vn 0.6314 -0.0975 0.7693
vn 0.1850 0.9565 0.2254
vn 0.6073 -0.2890 0.7400
vn 0.3002 0.8810 0.3658
vn 0.5601 -0.4696 0.6825
vn 0.4036 0.7715 0.4918
vn 0.4913 -0.6326 0.5987
vn 0.4913 0.6326 0.5987
vn 0.1374 0.9565 0.2571
vn 0.4513 -0.2890 0.8443
vn 0.2230 0.8810 0.4173
vn 0.4162 -0.4696 0.7786
vn 0.2999 0.7715 0.5611
vn 0.3651 -0.6326 0.6831
vn 0.3651 0.6326 0.6831
vn 0.2999 -0.7715 0.5611
vn 0.4162 0.4696 0.7786
vn 0.2230 -0.8810 0.4173
vn 0.4513 0.2890 0.8443
vn 0.1374 -0.9565 0.2571
vn 0.4691 0.0975 0.8777
vn 0.0464 0.9951 0.0869
vn 0.0464 -0.9951 0.0869
vn 0.4691 -0.0975 0.8777
vn 0.2563 0.4696 0.8448
vn 0.1374 -0.8810 0.4528
vn 0.2779 0.2890 0.9161
vn 0.0846 -0.9565 0.2790
vn 0.2889 0.0975 0.9524
vn 0.0286 0.9951 0.0942
vn 0.0286 -0.9951 0.0942
vn 0.2889 -0.0975 0.9524
vn 0.0846 0.9565 0.2790
vn 0.2779 -0.2890 0.9161
vn 0.1374 0.8810 0.4528
vn 0.2563 -0.4696 0.8448
vn 0.1847 0.7715 0.6088
vn 0.2248 -0.6326 0.7412
vn 0.2248 0.6326 0.7412
vn 0.1847 -0.7715 0.6088
vn 0.0938 -0.2890 0.9527
vn 0.0464 0.8810 0.4709
vn 0.0865 -0.4696 0.8786
vn 0.0624 0.7715 0.6332
vn 0.0759 -0.6326 0.7708
vn 0.0759 0.6326 0.7708
vn 0.0624 -0.7715 0.6332
vn 0.0865 0.4696 0.8786
vn 0.0464 -0.8810 0.4709
vn 0.0938 0.2890 0.9527
vn 0.0286 -0.9565 0.2902
vn 0.0975 0.0975 0.9904
vn 0.0097 0.9951 0.0980
vn 0.0097 -0.9951 0.0980
vn 0.0975 -0.0975 0.9904
vn 0.0286 0.9565 0.2902
vn -0.0464 -0.8810 0.4709
vn -0.0938 0.2890 0.9527
vn -0.0286 -0.9565 0.2902
vn -0.0976 0.0975 0.9904
vn -0.0097 0.9951 0.0980
vn -0.0097 -0.9951 0.0980
vn -0.0975 -0.0975 0.9904
vn -0.0286 0.9565 0.2902
vn -0.0938 -0.2890 0.9527
vn -0.0464 0.8810 0.4709
vn -0.0865 -0.4696 0.8786
vn -0.0624 0.7715 0.6332
vn -0.0759 -0.6326 0.7708
vn -0.0759 0.6326 0.7708
vn -0.0624 -0.7715 0.6332
vn -0.0865 0.4696 0.8786
vn -0.1374 0.8810 0.4528
vn -0.2563 -0.4696 0.8448
vn -0.1847 0.7715 0.6088
vn -0.2248 -0.6326 0.7412
vn -0.2248 0.6326 0.7412
vn -0.1847 -0.7715 0.6088
vn -0.2563 0.4696 0.8448
vn -0.1374 -0.8810 0.4528
vn -0.2779 0.2890 0.9161
vn -0.0846 -0.9565 0.2790
vn -0.2889 0.0975 0.9524
vn -0.0286 0.9951 0.0942
vn -0.0286 -0.9951 0.0942
vn -0.2889 -0.0975 0.9524
vn -0.0846 0.9565 0.2790
vn -0.2779 -0.2890 0.9161
vn -0.4513 0.2890 0.8443
vn -0.1374 -0.9565 0.2571
vn -0.4691 0.0975 0.8777
vn -0.0464 0.9951 0.0869
vn -0.0464 -0.9951 0.0869
vn -0.4691 -0.0975 0.8777
vn -0.1374 0.9565 0.2571
vn -0.4513 -0.2890 0.8443
vn -0.2230 0.8810 0.4173
vn -0.4162 -0.4696 0.7786
vn -0.2999 0.7715 0.5611
vn -0.3651 -0.6326 0.6831
vn -0.3651 0.6326 0.6831
vn -0.2999 -0.7715 0.5611
vn -0.4162 0.4696 0.7786
vn -0.2230 -0.8810 0.4173
vn -0.5601 -0.4696 0.6825
vn -0.4036 0.7715 0.4918
vn -0.4913 -0.6326 0.5987
vn -0.4913 0.6326 0.5987
vn -0.4036 -0.7715 0.4918
vn -0.5601 0.4696 0.6825
vn -0.3002 -0.8810 0.3658
vn -0.6073 0.2890 0.7400
vn -0.1850 -0.9565 0.2254
vn -0.6314 0.0975 0.7693
vn -0.0625 0.9951 0.0761
vn -0.0625 -0.9951 0.0761
vn -0.6314 -0.0975 0.7693
vn -0.1850 0.9565 0.2254
vn -0.6073 -0.2890 0.7400
vn -0.3002 0.8810 0.3658
vn -0.2254 -0.9566 0.1850
vn -0.7693 0.0975 0.6314
vn -0.0761 0.9951 0.0625
vn -0.0761 -0.9951 0.0625
vn -0.7693 -0.0975 0.6314
vn -0.2254 0.9565 0.1850
vn -0.7400 -0.2890 0.6073
vn -0.3658 0.8810 0.3002
vn -0.6825 -0.4696 0.5601
vn -0.4918 0.7715 0.4036
vn -0.5987 -0.6326 0.4913
vn -0.5987 0.6326 0.4913
vn -0.4918 -0.7715 0.4036
vn -0.6825 0.4696 0.5601
vn -0.3658 -0.8810 0.3002
vn -0.7400 0.2890 0.6073
vn -0.6831 -0.6326 0.3651
vn -0.6831 0.6326 0.3651
vn -0.5611 -0.7715 0.2999
vn -0.7786 0.4696 0.4162
vn -0.4173 -0.8810 0.2231
vn -0.8443 0.2890 0.4513
vn -0.2571 -0.9565 0.1374
vn -0.8777 0.0975 0.4691
vn -0.0869 0.9951 0.0464
vn -0.0869 -0.9951 0.0464
vn -0.8777 -0.0975 0.4691
vn -0.2571 0.9565 0.1374
vn -0.8443 -0.2890 0.4513
vn -0.4173 0.8810 0.2230
vn -0.7786 -0.4696 0.4162
vn -0.5611 0.7715 0.2999
vn -0.0942 0.9951 0.0286
vn -0.0942 -0.9951 0.0286
vn -0.9524 -0.0975 0.2889
vn -0.2790 0.9565 0.0846
vn -0.9161 -0.2890 0.2779
vn -0.4528 0.8810 0.1374
vn -0.8448 -0.4696 0.2563
vn -0.6088 0.7715 0.1847
vn -0.7412 -0.6326 0.2248
vn -0.7412 0.6326 0.2248
vn -0.6088 -0.7715 0.1847
vn -0.8448 0.4696 0.2563
vn -0.4528 -0.8810 0.1374
vn -0.9161 0.2890 0.2779
vn -0.2790 -0.9565 0.0846
vn -0.9524 0.0975 0.2889
vn -0.7708 0.6326 0.0759
vn -0.6332 -0.7715 0.0624
vn -0.8786 0.4696 0.0865
vn -0.4709 -0.8810 0.0464
vn -0.9527 0.2890 0.0938
vn -0.2902 -0.9565 0.0286
vn -0.9904 0.0975 0.0975
vn -0.0980 0.9951 0.0097
vn -0.0980 -0.9951 0.0097
vn -0.9904 -0.0975 0.0976
vn -0.2902 0.9565 0.0286
vn -0.9527 -0.2890 0.0938
vn -0.4709 0.8810 0.0464
vn -0.8786 -0.4696 0.0865
vn -0.6332 0.7715 0.0624
vn -0.7708 -0.6326 0.0759
vn -0.9904 -0.0975 -0.0976
vn -0.2902 0.9565 -0.0286
vn -0.9527 -0.2890 -0.0938
vn -0.4709 0.8810 -0.0464
vn -0.8786 -0.4696 -0.0865
vn -0.6332 0.7715 -0.0624
vn -0.7708 -0.6326 -0.0759
vn -0.7708 0.6326 -0.0759
vn -0.6332 -0.7715 -0.0624
vn -0.8786 0.4696 -0.0865
vn -0.4709 -0.8810 -0.0464
vn -0.9527 0.2890 -0.0938
vn -0.2902 -0.9565 -0.0286
vn -0.9904 0.0975 -0.0975
vn -0.0980 0.9951 -0.0097
vn -0.0980 -0.9951 -0.0097
vn -0.6088 -0.7715 -0.1847
vn -0.8448 0.4696 -0.2563
vn -0.4528 -0.8810 -0.1374
vn -0.9161 0.2890 -0.2779
vn -0.2790 -0.9565 -0.0846
vn -0.9524 0.0975 -0.2889
vn -0.0942 0.9951 -0.0286
vn -0.0942 -0.9951 -0.0286
vn -0.9524 -0.0975 -0.2889
vn -0.2790 0.9565 -0.0846
vn -0.9161 -0.2890 -0.2779
vn -0.4528 0.8810 -0.1374
vn -0.8448 -0.4696 -0.2563
vn -0.6088 0.7715 -0.1847
vn -0.7412 -0.6326 -0.2248
vn -0.7412 0.6326 -0.2248
vn -0.2571 0.9565 -0.1374
vn -0.8443 -0.2890 -0.4513
vn -0.4173 0.8810 -0.2231
vn -0.7786 -0.4696 -0.4162
vn -0.5611 0.7715 -0.2999
vn -0.6831 -0.6326 -0.3651
vn -0.6831 0.6326 -0.3651
vn -0.5611 -0.7715 -0.2999
vn -0.7786 0.4696 -0.4162
vn -0.4173 -0.8810 -0.2231
vn -0.8443 0.2890 -0.4513
vn -0.2571 -0.9565 -0.1374
vn -0.8777 0.0975 -0.4691
vn -0.0869 0.9951 -0.0464
vn -0.0869 -0.9951 -0.0464
vn -0.8777 -0.0975 -0.4691
vn -0.6825 0.4696 -0.5601
vn -0.3658 -0.8810 -0.3002
vn -0.7400 0.2890 -0.6073
vn -0.2254 -0.9565 -0.1850
vn -0.7693 0.0975 -0.6314
vn -0.0761 0.9951 -0.0625
vn -0.0761 -0.9951 -0.0625
vn -0.7693 -0.0975 -0.6314
vn -0.2254 0.9565 -0.1850
vn -0.7400 -0.2890 -0.6073
vn -0.3658 0.8810 -0.3002
vn -0.6825 -0.4696 -0.5601
vn -0.4918 0.7715 -0.4036
vn -0.5987 -0.6326 -0.4913
vn -0.5987 0.6326 -0.4913
vn -0.4918 -0.7715 -0.4036
vn -0.6073 -0.2890 -0.7400
vn -0.3002 0.8810 -0.3658
vn -0.5601 -0.4696 -0.6825
vn -0.4036 0.7715 -0.4918
vn -0.4913 -0.6326 -0.5987
vn -0.4913 0.6326 -0.5987
vn -0.4036 -0.7715 -0.4918
vn -0.5601 0.4696 -0.6825
vn -0.3002 -0.8810 -0.3658
vn -0.6073 0.2890 -0.7400
vn -0.1850 -0.9565 -0.2254
vn -0.6314 0.0975 -0.7693
vn -0.0625 0.9951 -0.0761
vn -0.0625 -0.9951 -0.0761
vn -0.6314 -0.0975 -0.7693
vn -0.1850 0.9565 -0.2254
vn -0.2230 -0.8810 -0.4173
vn -0.4513 0.2890 -0.8443
vn -0.1374 -0.9565 -0.2571
vn -0.4691 0.0975 -0.8777
vn -0.0464 0.9951 -0.0869
vn -0.0464 -0.9951 -0.0869
vn -0.4691 -0.0975 -0.8777
vn -0.1374 0.9565 -0.2571
vn -0.4513 -0.2890 -0.8443
vn -0.2230 0.8810 -0.4173
vn -0.4162 -0.4696 -0.7786
vn -0.2999 0.7715 -0.5611
vn -0.3651 -0.6326 -0.6831
vn -0.3651 0.6326 -0.6831
vn -0.2999 -0.7715 -0.5611
vn -0.4162 0.4696 -0.7786
vn -0.2563 -0.4696 -0.8448
vn -0.1847 0.7715 -0.6088
vn -0.2248 -0.6326 -0.7412
vn -0.2248 0.6326 -0.7412
vn -0.1847 -0.7715 -0.6088
vn -0.2563 0.4696 -0.8448
vn -0.1374 -0.8810 -0.4528
vn -0.2779 0.2890 -0.9161
vn -0.0846 -0.9565 -0.2790
vn -0.2889 0.0975 -0.9524
vn -0.0286 0.9951 -0.0942
vn -0.0286 -0.9951 -0.0942
vn -0.2889 -0.0975 -0.9524
vn -0.0846 0.9565 -0.2790
vn -0.2779 -0.2890 -0.9161
vn -0.1374 0.8810 -0.4528
vn -0.0286 -0.9565 -0.2902
vn -0.0976 0.0975 -0.9904
vn -0.0097 0.9951 -0.0980
vn -0.0097 -0.9951 -0.0980
vn -0.0976 -0.0975 -0.9904
vn -0.0286 0.9565 -0.2902
vn -0.0938 -0.2890 -0.9527
vn -0.0464 0.8810 -0.4709
vn -0.0865 -0.4696 -0.8786
vn -0.0624 0.7715 -0.6332
vn -0.0759 -0.6326 -0.7708
vn -0.0759 0.6326 -0.7708
vn -0.0624 -0.7715 -0.6332
vn -0.0865 0.4696 -0.8786
vn -0.0464 -0.8810 -0.4709
vn -0.0938 0.2890 -0.9527
vn 0.0975 0.0976 -0.9904
vn 0.0975 -0.0975 -0.9904
vn 0.2230 0.8810 -0.4173
vn 0.2231 -0.8810 -0.4173
vn 0.2254 -0.9565 -0.1850
vn 0.4173 -0.8810 0.2231
vn 0.4173 0.8810 0.2230
vn 0.2231 -0.8810 0.4173
vn -0.0975 0.0975 0.9904
vn -0.0976 -0.0975 0.9904
vn -0.2231 0.8810 0.4173
vn -0.2231 -0.8810 0.4173
vn -0.2254 -0.9565 0.1850
vn -0.4173 -0.8810 0.2230
vn -0.9904 0.0975 0.0976
vn -0.9904 -0.0975 0.0975
vn -0.9904 -0.0975 -0.0975
vn -0.9904 0.0975 -0.0976
vt 0.750000 0.562500
vt 0.718750 0.625000
vt 0.718750 0.562500
vt 0.750000 0.125000
vt 0.718750 0.062500
vt 0.750000 0.062500
vt 0.718750 0.500000
vt 0.750000 0.500000
vt 0.750000 0.937500
vt 0.734375 1.000000
vt 0.718750 0.937500
vt 0.734375 0.000000
vt 0.718750 0.437500
vt 0.750000 0.437500
vt 0.750000 0.875000
vt 0.718750 0.875000
vt 0.718750 0.375000
vt 0.750000 0.375000
vt 0.750000 0.812500
vt 0.718750 0.812500
vt 0.718750 0.312500
vt 0.750000 0.312500
vt 0.750000 0.750000
vt 0.718750 0.750000
vt 0.718750 0.250000
vt 0.750000 0.250000
vt 0.750000 0.687500
vt 0.718750 0.687500
vt 0.718750 0.187500
vt 0.750000 0.187500
vt 0.750000 0.625000
vt 0.718750 0.125000
vt 0.687500 0.250000
vt 0.687500 0.187500
vt 0.687500 0.625000
vt 0.687500 0.125000
vt 0.687500 0.562500
vt 0.687500 0.062500
vt 0.687500 0.500000
vt 0.703125 1.000000
vt 0.687500 0.937500
vt 0.703125 0.000000
vt 0.687500 0.437500
vt 0.687500 0.875000
vt 0.687500 0.375000
vt 0.687500 0.812500
vt 0.687500 0.312500
vt 0.687500 0.750000
vt 0.687500 0.687500
vt 0.656250 0.375000
vt 0.656250 0.812500
vt 0.656250 0.312500
vt 0.656250 0.750000
vt 0.656250 0.250000
vt 0.656250 0.687500
vt 0.656250 0.187500
vt 0.656250 0.625000
vt 0.656250 0.125000
vt 0.656250 0.562500
vt 0.656250 0.062500
vt 0.656250 0.500000
vt 0.671875 1.000000
vt 0.656250 0.937500
vt 0.671875 0.000000
vt 0.656250 0.437500
vt 0.656250 0.875000
vt 0.625000 0.125000
vt 0.625000 0.625000
vt 0.625000 0.562500
vt 0.625000 0.062500
vt 0.625000 0.500000
vt 0.640625 1.000000
vt 0.625000 0.937500
vt 0.640625 0.000000
vt 0.625000 0.437500
vt 0.625000 0.875000
vt 0.625000 0.375000
vt 0.625000 0.812500
vt 0.625000 0.312500
vt 0.625000 0.750000
vt 0.625000 0.250000
vt 0.625000 0.687500
vt 0.625000 0.187500
vt 0.593750 0.812500
vt 0.593750 0.375000
vt 0.593750 0.312500
vt 0.593750 0.750000
vt 0.593750 0.250000
vt 0.593750 0.687500
vt 0.593750 0.187500
vt 0.593750 0.625000
vt 0.593750 0.125000
vt 0.593750 0.562500
vt 0.593750 0.062500
vt 0.593750 0.500000
vt 0.609375 1.000000
vt 0.593750 0.937500
vt 0.609375 0.000000
vt 0.593750 0.437500
vt 0.593750 0.875000
vt 0.562500 0.625000
vt 0.562500 0.562500
vt 0.562500 0.125000
vt 0.562500 0.062500
vt 0.562500 0.500000
vt 0.578125 1.000000
vt 0.562500 0.937500
vt 0.578125 0.000000
vt 0.562500 0.437500
vt 0.562500 0.875000
vt 0.562500 0.375000
vt 0.562500 0.812500
vt 0.562500 0.312500
vt 0.562500 0.750000
vt 0.562500 0.250000
vt 0.562500 0.687500
vt 0.562500 0.187500
vt 0.531250 0.375000
vt 0.531250 0.312500
vt 0.531250 0.750000
vt 0.531250 0.250000
vt 0.531250 0.687500
vt 0.531250 0.187500
vt 0.531250 0.625000
vt 0.531250 0.125000
vt 0.531250 0.562500
vt 0.531250 0.062500
vt 0.531250 0.500000
vt 0.546875 1.000000
vt 0.531250 0.937500
vt 0.546875 0.000000
vt 0.531250 0.437500
vt 0.531250 0.875000
vt 0.531250 0.812500
vt 0.500000 0.062500
vt 0.500000 0.562500
vt 0.500000 0.500000
vt 0.515625 1.000000
vt 0.500000 0.937500
vt 0.515625 0.000000
vt 0.500000 0.437500
vt 0.500000 0.875000
vt 0.500000 0.375000
vt 0.500000 0.812500
vt 0.500000 0.312500
vt 0.500000 0.750000
vt 0.500000 0.250000
vt 0.500000 0.687500
vt 0.500000 0.187500
vt 0.500000 0.625000
vt 0.500000 0.125000
vt 0.468750 0.750000
vt 0.468750 0.250000
vt 0.468750 0.687500
vt 0.468750 0.187500
vt 0.468750 0.625000
vt 0.468750 0.125000
vt 0.468750 0.562500
vt 0.468750 0.062500
vt 0.468750 0.500000
vt 0.484375 1.000000
vt 0.468750 0.937500
vt 0.484375 0.000000
vt 0.468750 0.437500
vt 0.468750 0.875000
vt 0.468750 0.375000
vt 0.468750 0.812500
vt 0.468750 0.312500
vt 0.437500 0.562500
vt 0.437500 0.500000
vt 0.453125 1.000000
vt 0.437500 0.937500
vt 0.453125 0.000000
vt 0.437500 0.062500
vt 0.437500 0.437500
vt 0.437500 0.875000
vt 0.437500 0.375000
vt 0.437500 0.812500
vt 0.437500 0.312500
vt 0.437500 0.750000
vt 0.437500 0.250000
vt 0.437500 0.687500
vt 0.437500 0.187500
vt 0.437500 0.625000
vt 0.437500 0.125000
vt 0.406250 0.250000
vt 0.406250 0.750000
vt 0.406250 0.687500
vt 0.406250 0.187500
vt 0.406250 0.625000
vt 0.406250 0.125000
vt 0.406250 0.562500
vt 0.406250 0.062500
vt 0.406250 0.500000
vt 0.421875 1.000000
vt 0.406250 0.937500
vt 0.421875 0.000000
vt 0.406250 0.437500
vt 0.406250 0.875000
vt 0.406250 0.375000
vt 0.406250 0.812500
vt 0.406250 0.312500
vt 0.390625 0.000000
vt 0.375000 0.062500
vt 0.375000 0.437500
vt 0.375000 0.875000
vt 0.375000 0.375000
vt 0.375000 0.812500
vt 0.375000 0.312500
vt 0.375000 0.750000
vt 0.375000 0.250000
vt 0.375000 0.687500
vt 0.375000 0.187500
vt 0.375000 0.625000
vt 0.375000 0.125000
vt 0.375000 0.562500
vt 0.375000 0.500000
vt 0.390625 1.000000
vt 0.375000 0.937500
vt 0.343750 0.250000
vt 0.343750 0.187500
vt 0.343750 0.625000
vt 0.343750 0.125000
vt 0.343750 0.562500
vt 0.343750 0.062500
vt 0.343750 0.500000
vt 0.359375 1.000000
vt 0.343750 0.937500
vt 0.359375 0.000000
vt 0.343750 0.437500
vt 0.343750 0.875000
vt 0.343750 0.375000
vt 0.343750 0.812500
vt 0.343750 0.312500
vt 0.343750 0.750000
vt 0.343750 0.687500
vt 0.312500 0.875000
vt 0.312500 0.375000
vt 0.312500 0.812500
vt 0.312500 0.312500
vt 0.312500 0.750000
vt 0.312500 0.250000
vt 0.312500 0.687500
vt 0.312500 0.187500
vt 0.312500 0.625000
vt 0.312500 0.125000
vt 0.312500 0.562500
vt 0.312500 0.062500
vt 0.312500 0.500000
vt 0.328125 1.000000
vt 0.312500 0.937500
vt 0.328125 0.000000
vt 0.312500 0.437500
vt 0.281250 0.625000
vt 0.281250 0.125000
vt 0.281250 0.562500
vt 0.281250 0.062500
vt 0.281250 0.500000
vt 0.296875 1.000000
vt 0.281250 0.937500
vt 0.296875 0.000000
vt 0.281250 0.437500
vt 0.281250 0.875000
vt 0.281250 0.375000
vt 0.281250 0.812500
vt 0.281250 0.312500
vt 0.281250 0.750000
vt 0.281250 0.250000
vt 0.281250 0.687500
vt 0.281250 0.187500
vt 0.250000 0.375000
vt 0.250000 0.875000
vt 0.250000 0.812500
vt 0.250000 0.312500
vt 0.250000 0.750000
vt 0.250000 0.250000
vt 0.250000 0.687500
vt 0.250000 0.187500
vt 0.250000 0.625000
vt 0.250000 0.125000
vt 0.250000 0.562500
vt 0.250000 0.062500
vt 0.250000 0.500000
vt 0.265625 1.000000
vt 0.250000 0.937500
vt 0.265625 0.000000
vt 0.250000 0.437500
vt 0.218750 0.125000
vt 0.218750 0.625000
vt 0.218750 0.562500
vt 0.218750 0.062500
vt 0.218750 0.500000
vt 0.234375 1.000000
vt 0.218750 0.937500
vt 0.234375 0.000000
vt 0.218750 0.437500
vt 0.218750 0.875000
vt 0.218750 0.375000
vt 0.218750 0.812500
vt 0.218750 0.312500
vt 0.218750 0.750000
vt 0.218750 0.250000
vt 0.218750 0.687500
vt 0.218750 0.187500
vt 0.187500 0.812500
vt 0.187500 0.375000
vt 0.187500 0.312500
vt 0.187500 0.750000
vt 0.187500 0.250000
vt 0.187500 0.687500
vt 0.187500 0.187500
vt 0.187500 0.625000
vt 0.187500 0.125000
vt 0.187500 0.562500
vt 0.187500 0.062500
vt 0.187500 0.500000
vt 0.203125 1.000000
vt 0.187500 0.937500
vt 0.203125 0.000000
vt 0.187500 0.437500
vt 0.187500 0.875000
vt 0.156250 0.625000
vt 0.156250 0.562500
vt 0.156250 0.125000
vt 0.156250 0.062500
vt 0.156250 0.500000
vt 0.171875 1.000000
vt 0.156250 0.937500
vt 0.171875 0.000000
vt 0.156250 0.437500
vt 0.156250 0.875000
vt 0.156250 0.375000
vt 0.156250 0.812500
vt 0.156250 0.312500
vt 0.156250 0.750000
vt 0.156250 0.250000
vt 0.156250 0.687500
vt 0.156250 0.187500
vt 0.125000 0.375000
vt 0.125000 0.312500
vt 0.125000 0.750000
vt 0.125000 0.250000
vt 0.125000 0.687500
vt 0.125000 0.187500
vt 0.125000 0.625000
vt 0.125000 0.125000
vt 0.125000 0.562500
vt 0.125000 0.062500
vt 0.125000 0.500000
vt 0.140625 1.000000
vt 0.125000 0.937500
vt 0.140625 0.000000
vt 0.125000 0.437500
vt 0.125000 0.875000
vt 0.125000 0.812500
vt 0.093750 0.062500
vt 0.093750 0.562500
vt 0.093750 0.500000
vt 0.109375 1.000000
vt 0.093750 0.937500
vt 0.109375 0.000000
vt 0.093750 0.437500
vt 0.093750 0.875000
vt 0.093750 0.375000
vt 0.093750 0.812500
vt 0.093750 0.312500
vt 0.093750 0.750000
vt 0.093750 0.250000
vt 0.093750 0.687500
vt 0.093750 0.187500
vt 0.093750 0.625000
vt 0.093750 0.125000
vt 0.062500 0.250000
vt 0.062500 0.687500
vt 0.062500 0.187500
vt 0.062500 0.625000
vt 0.062500 0.125000
vt 0.062500 0.562500
vt 0.062500 0.062500
vt 0.062500 0.500000
vt 0.078125 1.000000
vt 0.062500 0.937500
vt 0.078125 0.000000
vt 0.062500 0.437500
vt 0.062500 0.875000
vt 0.062500 0.375000
vt 0.062500 0.812500
vt 0.062500 0.312500
vt 0.062500 0.750000
vt 0.046875 1.000000
vt 0.031250 0.937500
vt 0.046875 0.000000
vt 0.031250 0.062500
vt 0.031250 0.437500
vt 0.031250 0.875000
vt 0.031250 0.375000
vt 0.031250 0.812500
vt 0.031250 0.312500
vt 0.031250 0.750000
vt 0.031250 0.250000
vt 0.031250 0.687500
vt 0.031250 0.187500
vt 0.031250 0.625000
vt 0.031250 0.125000
vt 0.031250 0.562500
vt 0.031250 0.500000
vt 0.000000 0.750000
vt 0.000000 0.687500
vt 0.000000 0.250000
vt 0.000000 0.187500
vt 0.000000 0.625000
vt 0.000000 0.125000
vt 0.000000 0.562500
vt 0.000000 0.062500
vt 0.000000 0.500000
vt 0.015625 1.000000
vt 0.000000 0.937500
vt 0.015625 0.000000
vt 0.000000 0.437500
vt 0.000000 0.875000
vt 0.000000 0.375000
vt 0.000000 0.812500
vt 0.000000 0.312500
vt 1.000000 0.500000
vt 0.968750 0.437500
vt 1.000000 0.437500
vt 1.000000 0.937500
vt 0.968750 0.875000
vt 1.000000 0.875000
vt 0.968750 0.375000
vt 1.000000 0.375000
vt 1.000000 0.812500
vt 0.968750 0.812500
vt 1.000000 0.312500
vt 0.968750 0.312500
vt 0.968750 0.750000
vt 1.000000 0.750000
vt 0.968750 0.250000
vt 1.000000 0.250000
vt 1.000000 0.687500
vt 0.968750 0.687500
vt 1.000000 0.187500
vt 0.968750 0.187500
vt 0.968750 0.625000
vt 1.000000 0.625000
vt 0.968750 0.125000
vt 1.000000 0.125000
vt 1.000000 0.562500
vt 0.968750 0.562500
vt 0.968750 0.062500
vt 1.000000 0.062500
vt 0.968750 0.500000
vt 0.984375 1.000000
vt 0.968750 0.937500
vt 0.984375 0.000000
vt 0.937500 0.250000
vt 0.937500 0.187500
vt 0.937500 0.625000
vt 0.937500 0.125000
vt 0.937500 0.562500
vt 0.937500 0.062500
vt 0.937500 0.500000
vt 0.953125 1.000000
vt 0.937500 0.937500
vt 0.953125 0.000000
vt 0.937500 0.437500
vt 0.937500 0.875000
vt 0.937500 0.375000
vt 0.937500 0.812500
vt 0.937500 0.312500
vt 0.937500 0.750000
vt 0.937500 0.687500
vt 0.906250 0.937500
vt 0.906250 0.875000
vt 0.906250 0.375000
vt 0.906250 0.812500
vt 0.906250 0.312500
vt 0.906250 0.750000
vt 0.906250 0.250000
vt 0.906250 0.687500
vt 0.906250 0.187500
vt 0.906250 0.625000
vt 0.906250 0.125000
vt 0.906250 0.562500
vt 0.906250 0.062500
vt 0.906250 0.500000
vt 0.921875 1.000000
vt 0.921875 0.000000
vt 0.906250 0.437500
vt 0.875000 0.625000
vt 0.875000 0.125000
vt 0.875000 0.562500
vt 0.875000 0.062500
vt 0.875000 0.500000
vt 0.890625 1.000000
vt 0.875000 0.937500
vt 0.890625 0.000000
vt 0.875000 0.437500
vt 0.875000 0.875000
vt 0.875000 0.375000
vt 0.875000 0.812500
vt 0.875000 0.312500
vt 0.875000 0.750000
vt 0.875000 0.250000
vt 0.875000 0.687500
vt 0.875000 0.187500
vt 0.843750 0.375000
vt 0.843750 0.875000
vt 0.843750 0.812500
vt 0.843750 0.312500
vt 0.843750 0.750000
vt 0.843750 0.250000
vt 0.843750 0.687500
vt 0.843750 0.187500
vt 0.843750 0.625000
vt 0.843750 0.125000
vt 0.843750 0.562500
vt 0.843750 0.062500
vt 0.843750 0.500000
vt 0.859375 1.000000
vt 0.843750 0.937500
vt 0.859375 0.000000
vt 0.843750 0.437500
vt 0.812500 0.125000
vt 0.812500 0.625000
vt 0.812500 0.562500
vt 0.812500 0.062500
vt 0.812500 0.500000
vt 0.828125 1.000000
vt 0.812500 0.937500
vt 0.828125 0.000000
vt 0.812500 0.437500
vt 0.812500 0.875000
vt 0.812500 0.375000
vt 0.812500 0.812500
vt 0.812500 0.312500
vt 0.812500 0.750000
vt 0.812500 0.250000
vt 0.812500 0.687500
vt 0.812500 0.187500
vt 0.781250 0.375000
vt 0.781250 0.312500
vt 0.781250 0.750000
vt 0.781250 0.250000
vt 0.781250 0.687500
vt 0.781250 0.187500
vt 0.781250 0.625000
vt 0.781250 0.125000
vt 0.781250 0.562500
vt 0.781250 0.062500
vt 0.781250 0.500000
vt 0.796875 1.000000
vt 0.781250 0.937500
vt 0.796875 0.000000
vt 0.781250 0.437500
vt 0.781250 0.875000
vt 0.781250 0.812500
vt 0.765625 1.000000
vt 0.765625 0.000000
s 0
f 968/1119/1061 978/1120/1061 979/1121/1061
f 1445/1122/1062 987/1123/1062 1446/1124/1062
f 968/1119/1063 980/1125/1063 969/1126/1063
f 1438/1127/1064 965/1128/1064 973/1129/1064
f 972/1130/1065 1446/1124/1065 987/1123/1065
f 969/1126/1066 981/1131/1066 970/1132/1066
f 1439/1133/1067 973/1129/1067 974/1134/1067
f 970/1132/1068 982/1135/1068 1442/1136/1068
f 966/1137/1069 974/1134/1069 975/1138/1069
f 1442/1136/1070 983/1139/1070 971/1140/1070
f 1440/1141/1071 975/1138/1071 976/1142/1071
f 971/1140/1072 984/1143/1072 1443/1144/1072
f 967/1145/1073 976/1142/1073 977/1146/1073
f 1443/1144/1074 985/1147/1074 1444/1148/1074
f 1441/1149/1075 977/1146/1075 978/1120/1075
f 1444/1148/1076 986/1150/1076 1445/1122/1076
f 985/1147/1077 999/1151/1077 1000/1152/1077
f 977/1146/1078 993/1153/1078 978/1120/1078
f 986/1150/1079 1000/1152/1079 1001/1154/1079
f 979/1121/1080 993/1153/1080 994/1155/1080
f 986/1150/1081 1002/1156/1081 987/1123/1081
f 979/1121/1082 995/1157/1082 980/1125/1082
f 973/1129/1083 965/1158/1083 988/1159/1083
f 972/1160/1084 987/1123/1084 1002/1156/1084
f 980/1125/1085 996/1161/1085 981/1131/1085
f 973/1129/1086 989/1162/1086 974/1134/1086
f 981/1131/1087 997/1163/1087 982/1135/1087
f 974/1134/1088 990/1164/1088 975/1138/1088
f 982/1135/1089 998/1165/1089 983/1139/1089
f 975/1138/1090 991/1166/1090 976/1142/1090
f 983/1139/1091 999/1151/1091 984/1143/1091
f 976/1142/1092 992/1167/1092 977/1146/1092
f 996/1161/1093 1012/1168/1093 997/1163/1093
f 989/1162/1094 1005/1169/1094 990/1164/1094
f 998/1165/1095 1012/1168/1095 1013/1170/1095
f 990/1164/1096 1006/1171/1096 991/1166/1096
f 999/1151/1097 1013/1170/1097 1014/1172/1097
f 991/1166/1098 1007/1173/1098 992/1167/1098
f 1000/1152/1099 1014/1172/1099 1015/1174/1099
f 992/1167/1100 1008/1175/1100 993/1153/1100
f 1000/1152/1101 1016/1176/1101 1001/1154/1101
f 993/1153/1102 1009/1177/1102 994/1155/1102
f 1001/1154/1103 1017/1178/1103 1002/1156/1103
f 994/1155/1104 1010/1179/1104 995/1157/1104
f 988/1159/1105 965/1180/1105 1003/1181/1105
f 972/1182/1106 1002/1156/1106 1017/1178/1106
f 996/1161/1107 1010/1179/1107 1011/1183/1107
f 988/1159/1108 1004/1184/1108 989/1162/1108
f 1015/1174/1109 1031/1185/1109 1016/1176/1109
f 1009/1177/1110 1023/1186/1110 1024/1187/1110
f 1016/1176/1111 1032/1188/1111 1017/1178/1111
f 1010/1179/1112 1024/1187/1112 1025/1189/1112
f 1003/1181/1113 965/1190/1113 1018/1191/1113
f 972/1192/1114 1017/1178/1114 1032/1188/1114
f 1010/1179/1115 1026/1193/1115 1011/1183/1115
f 1003/1181/1116 1019/1194/1116 1004/1184/1116
f 1011/1183/1117 1027/1195/1117 1012/1168/1117
f 1004/1184/1118 1020/1196/1118 1005/1169/1118
f 1013/1170/1119 1027/1195/1119 1028/1197/1119
f 1005/1169/1120 1021/1198/1120 1006/1171/1120
f 1013/1170/1121 1029/1199/1121 1014/1172/1121
f 1006/1171/1122 1022/1200/1122 1007/1173/1122
f 1014/1172/1123 1030/1201/1123 1015/1174/1123
f 1007/1173/1124 1023/1186/1124 1008/1175/1124
f 1019/1194/1125 1035/1202/1125 1020/1196/1125
f 1028/1197/1126 1042/1203/1126 1043/1204/1126
f 1020/1196/1127 1036/1205/1127 1021/1198/1127
f 1028/1197/1128 1044/1206/1128 1029/1199/1128
f 1022/1200/1129 1036/1205/1129 1037/1207/1129
f 1029/1199/1130 1045/1208/1130 1030/1201/1130
f 1022/1200/1131 1038/1209/1131 1023/1186/1131
f 1031/1185/1132 1045/1208/1132 1046/1210/1132
f 1024/1187/1133 1038/1209/1133 1039/1211/1133
f 1031/1185/1134 1047/1212/1134 1032/1188/1134
f 1025/1189/1135 1039/1211/1135 1040/1213/1135
f 1018/1191/1136 965/1214/1136 1033/1215/1136
f 972/1216/1137 1032/1188/1137 1047/1212/1137
f 1025/1189/1138 1041/1217/1138 1026/1193/1138
f 1018/1191/1139 1034/1218/1139 1019/1194/1139
f 1026/1193/1140 1042/1203/1140 1027/1195/1140
f 1039/1211/1141 1053/1219/1141 1054/1220/1141
f 1047/1212/1142 1061/1221/1142 1062/1222/1142
f 1040/1213/1143 1054/1220/1143 1055/1223/1143
f 1033/1215/1144 965/1224/1144 1048/1225/1144
f 972/1226/1145 1047/1212/1145 1062/1222/1145
f 1040/1213/1146 1056/1227/1146 1041/1217/1146
f 1033/1215/1147 1049/1228/1147 1034/1218/1147
f 1041/1217/1148 1057/1229/1148 1042/1203/1148
f 1034/1218/1149 1050/1230/1149 1035/1202/1149
f 1043/1204/1150 1057/1229/1150 1058/1231/1150
f 1035/1202/1151 1051/1232/1151 1036/1205/1151
f 1043/1204/1152 1059/1233/1152 1044/1206/1152
f 1037/1207/1153 1051/1232/1153 1052/1234/1153
f 1044/1206/1154 1060/1235/1154 1045/1208/1154
f 1037/1207/1155 1053/1219/1155 1038/1209/1155
f 1045/1208/1156 1061/1221/1156 1046/1210/1156
f 1058/1231/1157 1072/1236/1157 1073/1237/1157
f 1050/1230/1158 1066/1238/1158 1051/1232/1158
f 1058/1231/1159 1074/1239/1159 1059/1233/1159
f 1052/1234/1160 1066/1238/1160 1067/1240/1160
f 1060/1235/1161 1074/1239/1161 1075/1241/1161
f 1052/1234/1162 1068/1242/1162 1053/1219/1162
f 1061/1221/1163 1075/1241/1163 1076/1243/1163
f 1054/1220/1164 1068/1242/1164 1069/1244/1164
f 1061/1221/1165 1077/1245/1165 1062/1222/1165
f 1055/1223/1166 1069/1244/1166 1070/1246/1166
f 1048/1225/1167 965/1247/1167 1063/1248/1167
f 972/1249/1168 1062/1222/1168 1077/1245/1168
f 1055/1223/1169 1071/1250/1169 1056/1227/1169
f 1049/1228/1170 1063/1248/1170 1064/1251/1170
f 1056/1227/1171 1072/1236/1171 1057/1229/1171
f 1049/1228/1172 1065/1252/1172 1050/1230/1172
f 1076/1243/1173 1092/1253/1173 1077/1245/1173
f 1070/1246/1174 1084/1254/1174 1085/1255/1174
f 1063/1248/1175 965/1256/1175 1078/1257/1175
f 972/1258/1176 1077/1245/1176 1092/1253/1176
f 1070/1246/1177 1086/1259/1177 1071/1250/1177
f 1064/1251/1178 1078/1257/1178 1079/1260/1178
f 1071/1250/1179 1087/1261/1179 1072/1236/1179
f 1064/1251/1180 1080/1262/1180 1065/1252/1180
f 1073/1237/1181 1087/1261/1181 1088/1263/1181
f 1065/1252/1182 1081/1264/1182 1066/1238/1182
f 1073/1237/1183 1089/1265/1183 1074/1239/1183
f 1067/1240/1184 1081/1264/1184 1082/1266/1184
f 1075/1241/1185 1089/1265/1185 1090/1267/1185
f 1067/1240/1186 1083/1268/1186 1068/1242/1186
f 1075/1241/1187 1091/1269/1187 1076/1243/1187
f 1069/1244/1188 1083/1268/1188 1084/1254/1188
f 1080/1262/1189 1096/1270/1189 1081/1264/1189
f 1088/1263/1190 1104/1271/1190 1089/1265/1190
f 1082/1266/1191 1096/1270/1191 1097/1272/1191
f 1090/1267/1192 1104/1271/1192 1105/1273/1192
f 1082/1266/1193 1098/1274/1193 1083/1268/1193
f 1090/1267/1194 1106/1275/1194 1091/1269/1194
f 1084/1254/1195 1098/1274/1195 1099/1276/1195
f 1091/1269/1196 1107/1277/1196 1092/1253/1196
f 1085/1255/1197 1099/1276/1197 1100/1278/1197
f 1078/1257/1198 965/1279/1198 1093/1280/1198
f 972/1281/1199 1092/1253/1199 1107/1277/1199
f 1085/1255/1200 1101/1282/1200 1086/1259/1200
f 1078/1257/1201 1094/1283/1201 1079/1260/1201
f 1086/1259/1202 1102/1284/1202 1087/1261/1202
f 1079/1260/1203 1095/1285/1203 1080/1262/1203
f 1088/1263/1204 1102/1284/1204 1103/1286/1204
f 1100/1278/1205 1114/1287/1205 1115/1288/1205
f 1093/1280/1206 965/1289/1206 1108/1290/1206
f 972/1291/1207 1107/1277/1207 1122/1292/1207
f 1100/1278/1208 1116/1293/1208 1101/1282/1208
f 1093/1280/1209 1109/1294/1209 1094/1283/1209
f 1101/1282/1210 1117/1295/1210 1102/1284/1210
f 1095/1285/1211 1109/1294/1211 1110/1296/1211
f 1103/1286/1212 1117/1295/1212 1118/1297/1212
f 1095/1285/1213 1111/1298/1213 1096/1270/1213
f 1103/1286/1214 1119/1299/1214 1104/1271/1214
f 1097/1272/1215 1111/1298/1215 1112/1300/1215
f 1105/1273/1216 1119/1299/1216 1120/1301/1216
f 1097/1272/1217 1113/1302/1217 1098/1274/1217
f 1105/1273/1218 1121/1303/1218 1106/1275/1218
f 1099/1276/1219 1113/1302/1219 1114/1287/1219
f 1107/1277/1220 1121/1303/1220 1122/1292/1220
f 1118/1297/1221 1134/1304/1221 1119/1299/1221
f 1112/1300/1222 1126/1305/1222 1127/1306/1222
f 1120/1301/1223 1134/1304/1223 1135/1307/1223
f 1112/1300/1224 1128/1308/1224 1113/1302/1224
f 1120/1301/1225 1136/1309/1225 1121/1303/1225
f 1114/1287/1226 1128/1308/1226 1129/1310/1226
f 1121/1303/1227 1137/1311/1227 1122/1292/1227
f 1115/1288/1228 1129/1310/1228 1130/1312/1228
f 1108/1290/1229 965/1313/1229 1123/1314/1229
f 972/1315/1230 1122/1292/1230 1137/1311/1230
f 1115/1288/1231 1131/1316/1231 1116/1293/1231
f 1108/1290/1232 1124/1317/1232 1109/1294/1232
f 1116/1293/1233 1132/1318/1233 1117/1295/1233
f 1110/1296/1234 1124/1317/1234 1125/1319/1234
f 1118/1297/1235 1132/1318/1235 1133/1320/1235
f 1110/1296/1236 1126/1305/1236 1111/1298/1236
f 972/1321/1237 1137/1311/1237 1152/1322/1237
f 1130/1312/1238 1146/1323/1238 1131/1316/1238
f 1123/1314/1239 1139/1324/1239 1124/1317/1239
f 1131/1316/1240 1147/1325/1240 1132/1318/1240
f 1124/1317/1241 1140/1326/1241 1125/1319/1241
f 1133/1320/1242 1147/1325/1242 1148/1327/1242
f 1125/1319/1243 1141/1328/1243 1126/1305/1243
f 1133/1320/1244 1149/1329/1244 1134/1304/1244
f 1127/1306/1245 1141/1328/1245 1142/1330/1245
f 1134/1304/1246 1150/1331/1246 1135/1307/1246
f 1127/1306/1247 1143/1332/1247 1128/1308/1247
f 1136/1309/1248 1150/1331/1248 1151/1333/1248
f 1129/1310/1249 1143/1332/1249 1144/1334/1249
f 1137/1311/1250 1151/1333/1250 1152/1322/1250
f 1130/1312/1251 1144/1334/1251 1145/1335/1251
f 1123/1314/1252 965/1336/1252 1138/1337/1252
f 1150/1331/1253 1164/1338/1253 1165/1339/1253
f 1142/1330/1254 1158/1340/1254 1143/1332/1254
f 1150/1331/1255 1166/1341/1255 1151/1333/1255
f 1144/1334/1256 1158/1340/1256 1159/1342/1256
f 1151/1333/1257 1167/1343/1257 1152/1322/1257
f 1145/1335/1258 1159/1342/1258 1160/1344/1258
f 1138/1337/1259 965/1345/1259 1153/1346/1259
f 972/1347/1260 1152/1322/1260 1167/1343/1260
f 1145/1335/1261 1161/1348/1261 1146/1323/1261
f 1139/1324/1262 1153/1346/1262 1154/1349/1262
f 1146/1323/1263 1162/1350/1263 1147/1325/1263
f 1140/1326/1264 1154/1349/1264 1155/1351/1264
f 1148/1327/1265 1162/1350/1265 1163/1352/1265
f 1140/1326/1266 1156/1353/1266 1141/1328/1266
f 1148/1327/1267 1164/1338/1267 1149/1329/1267
f 1142/1330/1268 1156/1353/1268 1157/1354/1268
f 1153/1346/1269 1169/1355/1269 1154/1349/1269
f 1161/1348/1270 1177/1356/1270 1162/1350/1270
f 1154/1349/1271 1170/1357/1271 1155/1351/1271
f 1163/1352/1272 1177/1356/1272 1178/1358/1272
f 1155/1351/1273 1171/1359/1273 1156/1353/1273
f 1163/1352/1274 1179/1360/1274 1164/1338/1274
f 1157/1354/1275 1171/1359/1275 1172/1361/1275
f 1165/1339/1276 1179/1360/1276 1180/1362/1276
f 1157/1354/1277 1173/1363/1277 1158/1340/1277
f 1165/1339/1278 1181/1364/1278 1166/1341/1278
f 1159/1342/1279 1173/1363/1279 1174/1365/1279
f 1166/1341/1280 1182/1366/1280 1167/1343/1280
f 1160/1344/1281 1174/1365/1281 1175/1367/1281
f 1153/1346/1282 965/1368/1282 1168/1369/1282
f 972/1370/1283 1167/1343/1283 1182/1366/1283
f 1160/1344/1284 1176/1371/1284 1161/1348/1284
f 1172/1361/1285 1188/1372/1285 1173/1363/1285
f 1180/1362/1286 1196/1373/1286 1181/1364/1286
f 1174/1365/1287 1188/1372/1287 1189/1374/1287
f 1181/1364/1288 1197/1375/1288 1182/1366/1288
f 1175/1367/1289 1189/1374/1289 1190/1376/1289
f 1168/1369/1290 965/1377/1290 1183/1378/1290
f 972/1379/1291 1182/1366/1291 1197/1375/1291
f 1175/1367/1292 1191/1380/1292 1176/1371/1292
f 1168/1369/1293 1184/1381/1293 1169/1355/1293
f 1176/1371/1294 1192/1382/1294 1177/1356/1294
f 1169/1355/1295 1185/1383/1295 1170/1357/1295
f 1178/1358/1296 1192/1382/1296 1193/1384/1296
f 1170/1357/1297 1186/1385/1297 1171/1359/1297
f 1178/1358/1298 1194/1386/1298 1179/1360/1298
f 1172/1361/1299 1186/1385/1299 1187/1387/1299
f 1180/1362/1300 1194/1386/1300 1195/1388/1300
f 1191/1380/1301 1207/1389/1301 1192/1382/1301
f 1185/1383/1302 1199/1390/1302 1200/1391/1302
f 1193/1384/1303 1207/1389/1303 1208/1392/1303
f 1185/1383/1304 1201/1393/1304 1186/1385/1304
f 1193/1384/1305 1209/1394/1305 1194/1386/1305
f 1187/1387/1306 1201/1393/1306 1202/1395/1306
f 1195/1388/1307 1209/1394/1307 1210/1396/1307
f 1187/1387/1308 1203/1397/1308 1188/1372/1308
f 1195/1388/1309 1211/1398/1309 1196/1373/1309
f 1189/1374/1310 1203/1397/1310 1204/1399/1310
f 1197/1375/1311 1211/1398/1311 1212/1400/1311
f 1190/1376/1312 1204/1399/1312 1205/1401/1312
f 1183/1378/1313 965/1402/1313 1198/1403/1313
f 972/1404/1314 1197/1375/1314 1212/1400/1314
f 1190/1376/1315 1206/1405/1315 1191/1380/1315
f 1183/1378/1316 1199/1390/1316 1184/1381/1316
f 1210/1396/1317 1226/1406/1317 1211/1398/1317
f 1204/1399/1318 1218/1407/1318 1219/1408/1318
f 1211/1398/1319 1227/1409/1319 1212/1400/1319
f 1205/1401/1320 1219/1408/1320 1220/1410/1320
f 1198/1403/1321 965/1411/1321 1213/1412/1321
f 972/1413/1322 1212/1400/1322 1227/1409/1322
f 1205/1401/1323 1221/1414/1323 1206/1405/1323
f 1198/1403/1324 1214/1415/1324 1199/1390/1324
f 1206/1405/1325 1222/1416/1325 1207/1389/1325
f 1199/1390/1326 1215/1417/1326 1200/1391/1326
f 1208/1392/1327 1222/1416/1327 1223/1418/1327
f 1200/1391/1328 1216/1419/1328 1201/1393/1328
f 1208/1392/1329 1224/1420/1329 1209/1394/1329
f 1202/1395/1330 1216/1419/1330 1217/1421/1330
f 1210/1396/1331 1224/1420/1331 1225/1422/1331
f 1202/1395/1332 1218/1407/1332 1203/1397/1332
f 1214/1415/1333 1230/1423/1333 1215/1417/1333
f 1223/1418/1334 1237/1424/1334 1238/1425/1334
f 1215/1417/1335 1231/1426/1335 1216/1419/1335
f 1223/1418/1336 1239/1427/1336 1224/1420/1336
f 1217/1421/1337 1231/1426/1337 1232/1428/1337
f 1225/1422/1338 1239/1427/1338 1240/1429/1338
f 1217/1421/1339 1233/1430/1339 1218/1407/1339
f 1225/1422/1340 1241/1431/1340 1226/1406/1340
f 1219/1408/1341 1233/1430/1341 1234/1432/1341
f 1226/1406/1342 1242/1433/1342 1227/1409/1342
f 1220/1410/1343 1234/1432/1343 1235/1434/1343
f 1213/1412/1344 965/1435/1344 1228/1436/1344
f 972/1437/1345 1227/1409/1345 1242/1433/1345
f 1220/1410/1346 1236/1438/1346 1221/1414/1346
f 1214/1415/1347 1228/1436/1347 1229/1439/1347
f 1221/1414/1348 1237/1424/1348 1222/1416/1348
f 1234/1432/1349 1248/1440/1349 1249/1441/1349
f 1242/1433/1350 1256/1442/1350 1257/1443/1350
f 1235/1434/1351 1249/1441/1351 1250/1444/1351
f 1228/1436/1352 965/1445/1352 1243/1446/1352
f 972/1447/1353 1242/1433/1353 1257/1443/1353
f 1235/1434/1354 1251/1448/1354 1236/1438/1354
f 1229/1439/1355 1243/1446/1355 1244/1449/1355
f 1236/1438/1356 1252/1450/1356 1237/1424/1356
f 1229/1439/1357 1245/1451/1357 1230/1423/1357
f 1238/1425/1358 1252/1450/1358 1253/1452/1358
f 1230/1423/1359 1246/1453/1359 1231/1426/1359
f 1238/1425/1360 1254/1454/1360 1239/1427/1360
f 1232/1428/1361 1246/1453/1361 1247/1455/1361
f 1240/1429/1362 1254/1454/1362 1255/1456/1362
f 1232/1428/1363 1248/1440/1363 1233/1430/1363
f 1240/1429/1364 1256/1442/1364 1241/1431/1364
f 1253/1452/1365 1267/1457/1365 1268/1458/1365
f 1245/1451/1366 1261/1459/1366 1246/1453/1366
f 1253/1452/1367 1269/1460/1367 1254/1454/1367
f 1247/1455/1368 1261/1459/1368 1262/1461/1368
f 1255/1456/1369 1269/1460/1369 1270/1462/1369
f 1247/1455/1370 1263/1463/1370 1248/1440/1370
f 1255/1456/1371 1271/1464/1371 1256/1442/1371
f 1249/1441/1372 1263/1463/1372 1264/1465/1372
f 1257/1443/1373 1271/1464/1373 1272/1466/1373
f 1250/1444/1374 1264/1465/1374 1265/1467/1374
f 1243/1446/1375 965/1468/1375 1258/1469/1375
f 972/1470/1376 1257/1443/1376 1272/1466/1376
f 1250/1444/1377 1266/1471/1377 1251/1448/1377
f 1243/1446/1378 1259/1472/1378 1244/1449/1378
f 1251/1448/1379 1267/1457/1379 1252/1450/1379
f 1244/1449/1380 1260/1473/1380 1245/1451/1380
f 1271/1464/1381 1287/1474/1381 1272/1466/1381
f 1265/1467/1382 1279/1475/1382 1280/1476/1382
f 1258/1469/1383 965/1477/1383 1273/1478/1383
f 972/1479/1384 1272/1466/1384 1287/1474/1384
f 1265/1467/1385 1281/1480/1385 1266/1471/1385
f 1258/1469/1386 1274/1481/1386 1259/1472/1386
f 1266/1471/1387 1282/1482/1387 1267/1457/1387
f 1259/1472/1388 1275/1483/1388 1260/1473/1388
f 1268/1458/1389 1282/1482/1389 1283/1484/1389
f 1260/1473/1390 1276/1485/1390 1261/1459/1390
f 1268/1458/1391 1284/1486/1391 1269/1460/1391
f 1262/1461/1392 1276/1485/1392 1277/1487/1392
f 1270/1462/1393 1284/1486/1393 1285/1488/1393
f 1262/1461/1394 1278/1489/1394 1263/1463/1394
f 1270/1462/1395 1286/1490/1395 1271/1464/1395
f 1264/1465/1396 1278/1489/1396 1279/1475/1396
f 1283/1484/1397 1299/1491/1397 1284/1486/1397
f 1276/1485/1398 1292/1492/1398 1277/1487/1398
f 1285/1488/1399 1299/1491/1399 1300/1493/1399
f 1277/1487/1400 1293/1494/1400 1278/1489/1400
f 1285/1488/1401 1301/1495/1401 1286/1490/1401
f 1279/1475/1402 1293/1494/1402 1294/1496/1402
f 1286/1490/1403 1302/1497/1403 1287/1474/1403
f 1280/1476/1404 1294/1496/1404 1295/1498/1404
f 1273/1478/1405 965/1499/1405 1288/1500/1405
f 972/1501/1406 1287/1474/1406 1302/1497/1406
f 1280/1476/1407 1296/1502/1407 1281/1480/1407
f 1273/1478/1408 1289/1503/1408 1274/1481/1408
f 1281/1480/1409 1297/1504/1409 1282/1482/1409
f 1274/1481/1410 1290/1505/1410 1275/1483/1410
f 1283/1484/1411 1297/1504/1411 1298/1506/1411
f 1275/1483/1412 1291/1507/1412 1276/1485/1412
f 1288/1500/1413 965/1508/1413 1303/1509/1413
f 972/1510/1414 1302/1497/1414 1317/1511/1414
f 1295/1498/1415 1311/1512/1415 1296/1502/1415
f 1288/1500/1416 1304/1513/1416 1289/1503/1416
f 1296/1502/1417 1312/1514/1417 1297/1504/1417
f 1289/1503/1418 1305/1515/1418 1290/1505/1418
f 1298/1506/1419 1312/1514/1419 1313/1516/1419
f 1290/1505/1420 1306/1517/1420 1291/1507/1420
f 1298/1506/1421 1314/1518/1421 1299/1491/1421
f 1292/1492/1422 1306/1517/1422 1307/1519/1422
f 1300/1493/1423 1314/1518/1423 1315/1520/1423
f 1292/1492/1424 1308/1521/1424 1293/1494/1424
f 1300/1493/1425 1316/1522/1425 1301/1495/1425
f 1294/1496/1426 1308/1521/1426 1309/1523/1426
f 1301/1495/1427 1317/1511/1427 1302/1497/1427
f 1295/1498/1428 1309/1523/1428 1310/1524/1428
f 1307/1519/1429 1321/1525/1429 1322/1526/1429
f 1315/1520/1430 1329/1527/1430 1330/1528/1430
f 1307/1519/1431 1323/1529/1431 1308/1521/1431
f 1315/1520/1432 1331/1530/1432 1316/1522/1432
f 1309/1523/1433 1323/1529/1433 1324/1531/1433
f 1316/1522/1434 1332/1532/1434 1317/1511/1434
f 1310/1524/1435 1324/1531/1435 1325/1533/1435
f 1303/1509/1436 965/1534/1436 1318/1535/1436
f 972/1536/1437 1317/1511/1437 1332/1532/1437
f 1310/1524/1438 1326/1537/1438 1311/1512/1438
f 1303/1509/1439 1319/1538/1439 1304/1513/1439
f 1311/1512/1440 1327/1539/1440 1312/1514/1440
f 1305/1515/1441 1319/1538/1441 1320/1540/1441
f 1313/1516/1442 1327/1539/1442 1328/1541/1442
f 1305/1515/1443 1321/1525/1443 1306/1517/1443
f 1313/1516/1444 1329/1527/1444 1314/1518/1444
f 1325/1542/1445 1341/1543/1445 1326/1544/1445
f 1318/1545/1446 1334/1546/1446 1319/1547/1446
f 1326/1544/1447 1342/1548/1447 1327/1549/1447
f 1320/1550/1448 1334/1546/1448 1335/1551/1448
f 1328/1552/1449 1342/1548/1449 1343/1553/1449
f 1320/1550/1450 1336/1554/1450 1321/1555/1450
f 1328/1552/1451 1344/1556/1451 1329/1557/1451
f 1322/1558/1452 1336/1554/1452 1337/1559/1452
f 1330/1560/1453 1344/1556/1453 1345/1561/1453
f 1322/1558/1454 1338/1562/1454 1323/1563/1454
f 1330/1560/1455 1346/1564/1455 1331/1565/1455
f 1324/1566/1456 1338/1562/1456 1339/1567/1456
f 1331/1565/1457 1347/1568/1457 1332/1569/1457
f 1325/1542/1458 1339/1567/1458 1340/1570/1458
f 1318/1545/1459 965/1571/1459 1333/1572/1459
f 972/1573/1460 1332/1569/1460 1347/1568/1460
f 1345/1561/1461 1359/1574/1461 1360/1575/1461
f 1337/1559/1462 1353/1576/1462 1338/1562/1462
f 1345/1561/1463 1361/1577/1463 1346/1564/1463
f 1339/1567/1464 1353/1576/1464 1354/1578/1464
f 1346/1564/1465 1362/1579/1465 1347/1568/1465
f 1340/1570/1466 1354/1578/1466 1355/1580/1466
f 1333/1572/1467 965/1581/1467 1348/1582/1467
f 972/1583/1468 1347/1568/1468 1362/1579/1468
f 1340/1570/1469 1356/1584/1469 1341/1543/1469
f 1333/1572/1470 1349/1585/1470 1334/1546/1470
f 1341/1543/1471 1357/1586/1471 1342/1548/1471
f 1335/1551/1472 1349/1585/1472 1350/1587/1472
f 1343/1553/1473 1357/1586/1473 1358/1588/1473
f 1335/1551/1474 1351/1589/1474 1336/1554/1474
f 1343/1553/1475 1359/1574/1475 1344/1556/1475
f 1337/1559/1476 1351/1589/1476 1352/1590/1476
f 1349/1585/1477 1363/1591/1477 1364/1592/1477
f 1356/1584/1478 1372/1593/1478 1357/1586/1478
f 1349/1585/1479 1365/1594/1479 1350/1587/1479
f 1358/1588/1480 1372/1593/1480 1373/1595/1480
f 1350/1587/1481 1366/1596/1481 1351/1589/1481
f 1358/1588/1482 1374/1597/1482 1359/1574/1482
f 1352/1590/1483 1366/1596/1483 1367/1598/1483
f 1360/1575/1484 1374/1597/1484 1375/1599/1484
f 1352/1590/1485 1368/1600/1485 1353/1576/1485
f 1361/1577/1486 1375/1599/1486 1376/1601/1486
f 1354/1578/1487 1368/1600/1487 1369/1602/1487
f 1361/1577/1488 1377/1603/1488 1362/1579/1488
f 1355/1580/1489 1369/1602/1489 1370/1604/1489
f 1348/1582/1490 965/1605/1490 1363/1591/1490
f 972/1606/1491 1362/1579/1491 1377/1603/1491
f 1355/1580/1492 1371/1607/1492 1356/1584/1492
f 1367/1598/1493 1383/1608/1493 1368/1600/1493
f 1375/1599/1494 1391/1609/1494 1376/1601/1494
f 1369/1602/1495 1383/1608/1495 1384/1610/1495
f 1376/1601/1496 1392/1611/1496 1377/1603/1496
f 1370/1604/1497 1384/1610/1497 1385/1612/1497
f 1363/1591/1498 965/1613/1498 1378/1614/1498
f 972/1615/1499 1377/1603/1499 1392/1611/1499
f 1370/1604/1500 1386/1616/1500 1371/1607/1500
f 1363/1591/1501 1379/1617/1501 1364/1592/1501
f 1371/1607/1502 1387/1618/1502 1372/1593/1502
f 1365/1594/1503 1379/1617/1503 1380/1619/1503
f 1373/1595/1504 1387/1618/1504 1388/1620/1504
f 1365/1594/1505 1381/1621/1505 1366/1596/1505
f 1373/1595/1506 1389/1622/1506 1374/1597/1506
f 1367/1598/1507 1381/1621/1507 1382/1623/1507
f 1375/1599/1508 1389/1622/1508 1390/1624/1508
f 1386/1616/1509 1402/1625/1509 1387/1618/1509
f 1380/1619/1510 1394/1626/1510 1395/1627/1510
f 1388/1620/1511 1402/1625/1511 1403/1628/1511
f 1380/1619/1512 1396/1629/1512 1381/1621/1512
f 1388/1620/1513 1404/1630/1513 1389/1622/1513
f 1382/1623/1514 1396/1629/1514 1397/1631/1514
f 1390/1624/1515 1404/1630/1515 1405/1632/1515
f 1382/1623/1516 1398/1633/1516 1383/1608/1516
f 1390/1624/1517 1406/1634/1517 1391/1609/1517
f 1384/1610/1518 1398/1633/1518 1399/1635/1518
f 1391/1609/1519 1407/1636/1519 1392/1611/1519
f 1385/1612/1520 1399/1635/1520 1400/1637/1520
f 1378/1614/1521 965/1638/1521 1393/1639/1521
f 972/1640/1522 1392/1611/1522 1407/1636/1522
f 1385/1612/1523 1401/1641/1523 1386/1616/1523
f 1378/1614/1524 1394/1626/1524 1379/1617/1524
f 1405/1632/1525 1421/1642/1525 1406/1634/1525
f 1399/1635/1526 1413/1643/1526 1414/1644/1526
f 1406/1634/1527 1422/1645/1527 1407/1636/1527
f 1400/1637/1528 1414/1644/1528 1415/1646/1528
f 1393/1639/1529 965/1647/1529 1408/1648/1529
f 972/1649/1530 1407/1636/1530 1422/1645/1530
f 1400/1637/1531 1416/1650/1531 1401/1641/1531
f 1394/1626/1532 1408/1648/1532 1409/1651/1532
f 1401/1641/1533 1417/1652/1533 1402/1625/1533
f 1394/1626/1534 1410/1653/1534 1395/1627/1534
f 1403/1628/1535 1417/1652/1535 1418/1654/1535
f 1395/1627/1536 1411/1655/1536 1396/1629/1536
f 1403/1628/1537 1419/1656/1537 1404/1630/1537
f 1397/1631/1538 1411/1655/1538 1412/1657/1538
f 1405/1632/1539 1419/1656/1539 1420/1658/1539
f 1397/1631/1540 1413/1643/1540 1398/1633/1540
f 1418/1654/1541 1432/1659/1541 1433/1660/1541
f 1410/1653/1542 1426/1661/1542 1411/1655/1542
f 1418/1654/1543 1434/1662/1543 1419/1656/1543
f 1412/1657/1544 1426/1661/1544 1427/1663/1544
f 1420/1658/1545 1434/1662/1545 1435/1664/1545
f 1412/1657/1546 1428/1665/1546 1413/1643/1546
f 1420/1658/1547 1436/1666/1547 1421/1642/1547
f 1414/1644/1548 1428/1665/1548 1429/1667/1548
f 1422/1645/1549 1436/1666/1549 1437/1668/1549
f 1415/1646/1550 1429/1667/1550 1430/1669/1550
f 1408/1648/1551 965/1670/1551 1423/1671/1551
f 972/1672/1552 1422/1645/1552 1437/1668/1552
f 1415/1646/1553 1431/1673/1553 1416/1650/1553
f 1408/1648/1554 1424/1674/1554 1409/1651/1554
f 1416/1650/1555 1432/1659/1555 1417/1652/1555
f 1410/1653/1556 1424/1674/1556 1425/1675/1556
f 1436/1666/1557 1446/1124/1557 1437/1668/1557
f 1430/1669/1558 968/1119/1558 969/1126/1558
f 1423/1671/1559 965/1676/1559 1438/1127/1559
f 972/1677/1560 1437/1668/1560 1446/1124/1560
f 1430/1669/1561 970/1132/1561 1431/1673/1561
f 1424/1674/1562 1438/1127/1562 1439/1133/1562
f 1431/1673/1563 1442/1136/1563 1432/1659/1563
f 1425/1675/1564 1439/1133/1564 966/1137/1564
f 1432/1659/1565 971/1140/1565 1433/1660/1565
f 1426/1661/1566 966/1137/1566 1440/1141/1566
f 1433/1660/1567 1443/1144/1567 1434/1662/1567
f 1427/1663/1568 1440/1141/1568 967/1145/1568
f 1435/1664/1569 1443/1144/1569 1444/1148/1569
f 1428/1665/1570 967/1145/1570 1441/1149/1570
f 1435/1664/1571 1445/1122/1571 1436/1666/1571
f 1429/1667/1572 1441/1149/1572 968/1119/1572
f 968/1119/1061 1441/1149/1061 978/1120/1061
f 1445/1122/1062 986/1150/1062 987/1123/1062
f 968/1119/1573 979/1121/1573 980/1125/1573
f 969/1126/1574 980/1125/1574 981/1131/1574
f 1439/1133/1067 1438/1127/1067 973/1129/1067
f 970/1132/1068 981/1131/1068 982/1135/1068
f 966/1137/1069 1439/1133/1069 974/1134/1069
f 1442/1136/1070 982/1135/1070 983/1139/1070
f 1440/1141/1071 966/1137/1071 975/1138/1071
f 971/1140/1072 983/1139/1072 984/1143/1072
f 967/1145/1073 1440/1141/1073 976/1142/1073
f 1443/1144/1074 984/1143/1074 985/1147/1074
f 1441/1149/1075 967/1145/1075 977/1146/1075
f 1444/1148/1076 985/1147/1076 986/1150/1076
f 985/1147/1077 984/1143/1077 999/1151/1077
f 977/1146/1078 992/1167/1078 993/1153/1078
f 986/1150/1079 985/1147/1079 1000/1152/1079
f 979/1121/1080 978/1120/1080 993/1153/1080
f 986/1150/1081 1001/1154/1081 1002/1156/1081
f 979/1121/1082 994/1155/1082 995/1157/1082
f 980/1125/1085 995/1157/1085 996/1161/1085
f 973/1129/1086 988/1159/1086 989/1162/1086
f 981/1131/1087 996/1161/1087 997/1163/1087
f 974/1134/1088 989/1162/1088 990/1164/1088
f 982/1135/1089 997/1163/1089 998/1165/1089
f 975/1138/1090 990/1164/1090 991/1166/1090
f 983/1139/1091 998/1165/1091 999/1151/1091
f 976/1142/1092 991/1166/1092 992/1167/1092
f 996/1161/1093 1011/1183/1093 1012/1168/1093
f 989/1162/1575 1004/1184/1575 1005/1169/1575
f 998/1165/1095 997/1163/1095 1012/1168/1095
f 990/1164/1096 1005/1169/1096 1006/1171/1096
f 999/1151/1097 998/1165/1097 1013/1170/1097
f 991/1166/1098 1006/1171/1098 1007/1173/1098
f 1000/1152/1099 999/1151/1099 1014/1172/1099
f 992/1167/1100 1007/1173/1100 1008/1175/1100
f 1000/1152/1576 1015/1174/1576 1016/1176/1576
f 993/1153/1102 1008/1175/1102 1009/1177/1102
f 1001/1154/1103 1016/1176/1103 1017/1178/1103
f 994/1155/1104 1009/1177/1104 1010/1179/1104
f 996/1161/1107 995/1157/1107 1010/1179/1107
f 988/1159/1108 1003/1181/1108 1004/1184/1108
f 1015/1174/1109 1030/1201/1109 1031/1185/1109
f 1009/1177/1110 1008/1175/1110 1023/1186/1110
f 1016/1176/1111 1031/1185/1111 1032/1188/1111
f 1010/1179/1112 1009/1177/1112 1024/1187/1112
f 1010/1179/1115 1025/1189/1115 1026/1193/1115
f 1003/1181/1116 1018/1191/1116 1019/1194/1116
f 1011/1183/1117 1026/1193/1117 1027/1195/1117
f 1004/1184/1118 1019/1194/1118 1020/1196/1118
f 1013/1170/1119 1012/1168/1119 1027/1195/1119
f 1005/1169/1120 1020/1196/1120 1021/1198/1120
f 1013/1170/1121 1028/1197/1121 1029/1199/1121
f 1006/1171/1122 1021/1198/1122 1022/1200/1122
f 1014/1172/1123 1029/1199/1123 1030/1201/1123
f 1007/1173/1124 1022/1200/1124 1023/1186/1124
f 1019/1194/1125 1034/1218/1125 1035/1202/1125
f 1028/1197/1126 1027/1195/1126 1042/1203/1126
f 1020/1196/1127 1035/1202/1127 1036/1205/1127
f 1028/1197/1128 1043/1204/1128 1044/1206/1128
f 1022/1200/1129 1021/1198/1129 1036/1205/1129
f 1029/1199/1130 1044/1206/1130 1045/1208/1130
f 1022/1200/1131 1037/1207/1131 1038/1209/1131
f 1031/1185/1132 1030/1201/1132 1045/1208/1132
f 1024/1187/1133 1023/1186/1133 1038/1209/1133
f 1031/1185/1577 1046/1210/1577 1047/1212/1577
f 1025/1189/1135 1024/1187/1135 1039/1211/1135
f 1025/1189/1138 1040/1213/1138 1041/1217/1138
f 1018/1191/1139 1033/1215/1139 1034/1218/1139
f 1026/1193/1140 1041/1217/1140 1042/1203/1140
f 1039/1211/1141 1038/1209/1141 1053/1219/1141
f 1047/1212/1142 1046/1210/1142 1061/1221/1142
f 1040/1213/1143 1039/1211/1143 1054/1220/1143
f 1040/1213/1146 1055/1223/1146 1056/1227/1146
f 1033/1215/1147 1048/1225/1147 1049/1228/1147
f 1041/1217/1148 1056/1227/1148 1057/1229/1148
f 1034/1218/1149 1049/1228/1149 1050/1230/1149
f 1043/1204/1150 1042/1203/1150 1057/1229/1150
f 1035/1202/1151 1050/1230/1151 1051/1232/1151
f 1043/1204/1152 1058/1231/1152 1059/1233/1152
f 1037/1207/1153 1036/1205/1153 1051/1232/1153
f 1044/1206/1154 1059/1233/1154 1060/1235/1154
f 1037/1207/1155 1052/1234/1155 1053/1219/1155
f 1045/1208/1156 1060/1235/1156 1061/1221/1156
f 1058/1231/1157 1057/1229/1157 1072/1236/1157
f 1050/1230/1158 1065/1252/1158 1066/1238/1158
f 1058/1231/1159 1073/1237/1159 1074/1239/1159
f 1052/1234/1160 1051/1232/1160 1066/1238/1160
f 1060/1235/1161 1059/1233/1161 1074/1239/1161
f 1052/1234/1162 1067/1240/1162 1068/1242/1162
f 1061/1221/1163 1060/1235/1163 1075/1241/1163
f 1054/1220/1164 1053/1219/1164 1068/1242/1164
f 1061/1221/1165 1076/1243/1165 1077/1245/1165
f 1055/1223/1166 1054/1220/1166 1069/1244/1166
f 1055/1223/1169 1070/1246/1169 1071/1250/1169
f 1049/1228/1170 1048/1225/1170 1063/1248/1170
f 1056/1227/1171 1071/1250/1171 1072/1236/1171
f 1049/1228/1172 1064/1251/1172 1065/1252/1172
f 1076/1243/1173 1091/1269/1173 1092/1253/1173
f 1070/1246/1174 1069/1244/1174 1084/1254/1174
f 1070/1246/1177 1085/1255/1177 1086/1259/1177
f 1064/1251/1178 1063/1248/1178 1078/1257/1178
f 1071/1250/1179 1086/1259/1179 1087/1261/1179
f 1064/1251/1180 1079/1260/1180 1080/1262/1180
f 1073/1237/1181 1072/1236/1181 1087/1261/1181
f 1065/1252/1182 1080/1262/1182 1081/1264/1182
f 1073/1237/1183 1088/1263/1183 1089/1265/1183
f 1067/1240/1184 1066/1238/1184 1081/1264/1184
f 1075/1241/1185 1074/1239/1185 1089/1265/1185
f 1067/1240/1186 1082/1266/1186 1083/1268/1186
f 1075/1241/1187 1090/1267/1187 1091/1269/1187
f 1069/1244/1188 1068/1242/1188 1083/1268/1188
f 1080/1262/1189 1095/1285/1189 1096/1270/1189
f 1088/1263/1190 1103/1286/1190 1104/1271/1190
f 1082/1266/1191 1081/1264/1191 1096/1270/1191
f 1090/1267/1192 1089/1265/1192 1104/1271/1192
f 1082/1266/1193 1097/1272/1193 1098/1274/1193
f 1090/1267/1194 1105/1273/1194 1106/1275/1194
f 1084/1254/1195 1083/1268/1195 1098/1274/1195
f 1091/1269/1196 1106/1275/1196 1107/1277/1196
f 1085/1255/1197 1084/1254/1197 1099/1276/1197
f 1085/1255/1200 1100/1278/1200 1101/1282/1200
f 1078/1257/1201 1093/1280/1201 1094/1283/1201
f 1086/1259/1202 1101/1282/1202 1102/1284/1202
f 1079/1260/1203 1094/1283/1203 1095/1285/1203
f 1088/1263/1204 1087/1261/1204 1102/1284/1204
f 1100/1278/1205 1099/1276/1205 1114/1287/1205
f 1100/1278/1208 1115/1288/1208 1116/1293/1208
f 1093/1280/1209 1108/1290/1209 1109/1294/1209
f 1101/1282/1210 1116/1293/1210 1117/1295/1210
f 1095/1285/1211 1094/1283/1211 1109/1294/1211
f 1103/1286/1212 1102/1284/1212 1117/1295/1212
f 1095/1285/1213 1110/1296/1213 1111/1298/1213
f 1103/1286/1214 1118/1297/1214 1119/1299/1214
f 1097/1272/1215 1096/1270/1215 1111/1298/1215
f 1105/1273/1216 1104/1271/1216 1119/1299/1216
f 1097/1272/1217 1112/1300/1217 1113/1302/1217
f 1105/1273/1218 1120/1301/1218 1121/1303/1218
f 1099/1276/1219 1098/1274/1219 1113/1302/1219
f 1107/1277/1220 1106/1275/1220 1121/1303/1220
f 1118/1297/1221 1133/1320/1221 1134/1304/1221
f 1112/1300/1222 1111/1298/1222 1126/1305/1222
f 1120/1301/1223 1119/1299/1223 1134/1304/1223
f 1112/1300/1224 1127/1306/1224 1128/1308/1224
f 1120/1301/1578 1135/1307/1578 1136/1309/1578
f 1114/1287/1226 1113/1302/1226 1128/1308/1226
f 1121/1303/1227 1136/1309/1227 1137/1311/1227
f 1115/1288/1228 1114/1287/1228 1129/1310/1228
f 1115/1288/1231 1130/1312/1231 1131/1316/1231
f 1108/1290/1232 1123/1314/1232 1124/1317/1232
f 1116/1293/1233 1131/1316/1233 1132/1318/1233
f 1110/1296/1579 1109/1294/1579 1124/1317/1579
f 1118/1297/1235 1117/1295/1235 1132/1318/1235
f 1110/1296/1236 1125/1319/1236 1126/1305/1236
f 1130/1312/1238 1145/1335/1238 1146/1323/1238
f 1123/1314/1239 1138/1337/1239 1139/1324/1239
f 1131/1316/1240 1146/1323/1240 1147/1325/1240
f 1124/1317/1241 1139/1324/1241 1140/1326/1241
f 1133/1320/1242 1132/1318/1242 1147/1325/1242
f 1125/1319/1243 1140/1326/1243 1141/1328/1243
f 1133/1320/1244 1148/1327/1244 1149/1329/1244
f 1127/1306/1245 1126/1305/1245 1141/1328/1245
f 1134/1304/1246 1149/1329/1246 1150/1331/1246
f 1127/1306/1247 1142/1330/1247 1143/1332/1247
f 1136/1309/1248 1135/1307/1248 1150/1331/1248
f 1129/1310/1249 1128/1308/1249 1143/1332/1249
f 1137/1311/1250 1136/1309/1250 1151/1333/1250
f 1130/1312/1251 1129/1310/1251 1144/1334/1251
f 1150/1331/1253 1149/1329/1253 1164/1338/1253
f 1142/1330/1254 1157/1354/1254 1158/1340/1254
f 1150/1331/1255 1165/1339/1255 1166/1341/1255
f 1144/1334/1256 1143/1332/1256 1158/1340/1256
f 1151/1333/1257 1166/1341/1257 1167/1343/1257
f 1145/1335/1258 1144/1334/1258 1159/1342/1258
f 1145/1335/1261 1160/1344/1261 1161/1348/1261
f 1139/1324/1262 1138/1337/1262 1153/1346/1262
f 1146/1323/1263 1161/1348/1263 1162/1350/1263
f 1140/1326/1264 1139/1324/1264 1154/1349/1264
f 1148/1327/1265 1147/1325/1265 1162/1350/1265
f 1140/1326/1266 1155/1351/1266 1156/1353/1266
f 1148/1327/1267 1163/1352/1267 1164/1338/1267
f 1142/1330/1268 1141/1328/1268 1156/1353/1268
f 1153/1346/1269 1168/1369/1269 1169/1355/1269
f 1161/1348/1270 1176/1371/1270 1177/1356/1270
f 1154/1349/1271 1169/1355/1271 1170/1357/1271
f 1163/1352/1272 1162/1350/1272 1177/1356/1272
f 1155/1351/1273 1170/1357/1273 1171/1359/1273
f 1163/1352/1274 1178/1358/1274 1179/1360/1274
f 1157/1354/1275 1156/1353/1275 1171/1359/1275
f 1165/1339/1276 1164/1338/1276 1179/1360/1276
f 1157/1354/1277 1172/1361/1277 1173/1363/1277
f 1165/1339/1580 1180/1362/1580 1181/1364/1580
f 1159/1342/1279 1158/1340/1279 1173/1363/1279
f 1166/1341/1280 1181/1364/1280 1182/1366/1280
f 1160/1344/1281 1159/1342/1281 1174/1365/1281
f 1160/1344/1284 1175/1367/1284 1176/1371/1284
f 1172/1361/1285 1187/1387/1285 1188/1372/1285
f 1180/1362/1286 1195/1388/1286 1196/1373/1286
f 1174/1365/1287 1173/1363/1287 1188/1372/1287
f 1181/1364/1288 1196/1373/1288 1197/1375/1288
f 1175/1367/1289 1174/1365/1289 1189/1374/1289
f 1175/1367/1292 1190/1376/1292 1191/1380/1292
f 1168/1369/1293 1183/1378/1293 1184/1381/1293
f 1176/1371/1294 1191/1380/1294 1192/1382/1294
f 1169/1355/1295 1184/1381/1295 1185/1383/1295
f 1178/1358/1296 1177/1356/1296 1192/1382/1296
f 1170/1357/1297 1185/1383/1297 1186/1385/1297
f 1178/1358/1298 1193/1384/1298 1194/1386/1298
f 1172/1361/1299 1171/1359/1299 1186/1385/1299
f 1180/1362/1300 1179/1360/1300 1194/1386/1300
f 1191/1380/1301 1206/1405/1301 1207/1389/1301
f 1185/1383/1302 1184/1381/1302 1199/1390/1302
f 1193/1384/1303 1192/1382/1303 1207/1389/1303
f 1185/1383/1304 1200/1391/1304 1201/1393/1304
f 1193/1384/1305 1208/1392/1305 1209/1394/1305
f 1187/1387/1306 1186/1385/1306 1201/1393/1306
f 1195/1388/1307 1194/1386/1307 1209/1394/1307
f 1187/1387/1308 1202/1395/1308 1203/1397/1308
f 1195/1388/1309 1210/1396/1309 1211/1398/1309
f 1189/1374/1310 1188/1372/1310 1203/1397/1310
f 1197/1375/1311 1196/1373/1311 1211/1398/1311
f 1190/1376/1312 1189/1374/1312 1204/1399/1312
f 1190/1376/1315 1205/1401/1315 1206/1405/1315
f 1183/1378/1316 1198/1403/1316 1199/1390/1316
f 1210/1396/1317 1225/1422/1317 1226/1406/1317
f 1204/1399/1318 1203/1397/1318 1218/1407/1318
f 1211/1398/1319 1226/1406/1319 1227/1409/1319
f 1205/1401/1581 1204/1399/1581 1219/1408/1581
f 1205/1401/1582 1220/1410/1582 1221/1414/1582
f 1198/1403/1324 1213/1412/1324 1214/1415/1324
f 1206/1405/1325 1221/1414/1325 1222/1416/1325
f 1199/1390/1326 1214/1415/1326 1215/1417/1326
f 1208/1392/1327 1207/1389/1327 1222/1416/1327
f 1200/1391/1328 1215/1417/1328 1216/1419/1328
f 1208/1392/1329 1223/1418/1329 1224/1420/1329
f 1202/1395/1330 1201/1393/1330 1216/1419/1330
f 1210/1396/1331 1209/1394/1331 1224/1420/1331
f 1202/1395/1332 1217/1421/1332 1218/1407/1332
f 1214/1415/1333 1229/1439/1333 1230/1423/1333
f 1223/1418/1334 1222/1416/1334 1237/1424/1334
f 1215/1417/1335 1230/1423/1335 1231/1426/1335
f 1223/1418/1336 1238/1425/1336 1239/1427/1336
f 1217/1421/1337 1216/1419/1337 1231/1426/1337
f 1225/1422/1338 1224/1420/1338 1239/1427/1338
f 1217/1421/1339 1232/1428/1339 1233/1430/1339
f 1225/1422/1340 1240/1429/1340 1241/1431/1340
f 1219/1408/1341 1218/1407/1341 1233/1430/1341
f 1226/1406/1342 1241/1431/1342 1242/1433/1342
f 1220/1410/1343 1219/1408/1343 1234/1432/1343
f 1220/1410/1346 1235/1434/1346 1236/1438/1346
f 1214/1415/1347 1213/1412/1347 1228/1436/1347
f 1221/1414/1348 1236/1438/1348 1237/1424/1348
f 1234/1432/1349 1233/1430/1349 1248/1440/1349
f 1242/1433/1350 1241/1431/1350 1256/1442/1350
f 1235/1434/1351 1234/1432/1351 1249/1441/1351
f 1235/1434/1354 1250/1444/1354 1251/1448/1354
f 1229/1439/1355 1228/1436/1355 1243/1446/1355
f 1236/1438/1356 1251/1448/1356 1252/1450/1356
f 1229/1439/1583 1244/1449/1583 1245/1451/1583
f 1238/1425/1358 1237/1424/1358 1252/1450/1358
f 1230/1423/1359 1245/1451/1359 1246/1453/1359
f 1238/1425/1360 1253/1452/1360 1254/1454/1360
f 1232/1428/1361 1231/1426/1361 1246/1453/1361
f 1240/1429/1362 1239/1427/1362 1254/1454/1362
f 1232/1428/1363 1247/1455/1363 1248/1440/1363
f 1240/1429/1584 1255/1456/1584 1256/1442/1584
f 1253/1452/1365 1252/1450/1365 1267/1457/1365
f 1245/1451/1366 1260/1473/1366 1261/1459/1366
f 1253/1452/1367 1268/1458/1367 1269/1460/1367
f 1247/1455/1368 1246/1453/1368 1261/1459/1368
f 1255/1456/1369 1254/1454/1369 1269/1460/1369
f 1247/1455/1370 1262/1461/1370 1263/1463/1370
f 1255/1456/1371 1270/1462/1371 1271/1464/1371
f 1249/1441/1372 1248/1440/1372 1263/1463/1372
f 1257/1443/1373 1256/1442/1373 1271/1464/1373
f 1250/1444/1374 1249/1441/1374 1264/1465/1374
f 1250/1444/1377 1265/1467/1377 1266/1471/1377
f 1243/1446/1378 1258/1469/1378 1259/1472/1378
f 1251/1448/1379 1266/1471/1379 1267/1457/1379
f 1244/1449/1380 1259/1472/1380 1260/1473/1380
f 1271/1464/1585 1286/1490/1585 1287/1474/1585
f 1265/1467/1382 1264/1465/1382 1279/1475/1382
f 1265/1467/1385 1280/1476/1385 1281/1480/1385
f 1258/1469/1386 1273/1478/1386 1274/1481/1386
f 1266/1471/1387 1281/1480/1387 1282/1482/1387
f 1259/1472/1388 1274/1481/1388 1275/1483/1388
f 1268/1458/1389 1267/1457/1389 1282/1482/1389
f 1260/1473/1390 1275/1483/1390 1276/1485/1390
f 1268/1458/1391 1283/1484/1391 1284/1486/1391
f 1262/1461/1392 1261/1459/1392 1276/1485/1392
f 1270/1462/1393 1269/1460/1393 1284/1486/1393
f 1262/1461/1394 1277/1487/1394 1278/1489/1394
f 1270/1462/1395 1285/1488/1395 1286/1490/1395
f 1264/1465/1396 1263/1463/1396 1278/1489/1396
f 1283/1484/1397 1298/1506/1397 1299/1491/1397
f 1276/1485/1398 1291/1507/1398 1292/1492/1398
f 1285/1488/1399 1284/1486/1399 1299/1491/1399
f 1277/1487/1400 1292/1492/1400 1293/1494/1400
f 1285/1488/1586 1300/1493/1586 1301/1495/1586
f 1279/1475/1402 1278/1489/1402 1293/1494/1402
f 1286/1490/1403 1301/1495/1403 1302/1497/1403
f 1280/1476/1404 1279/1475/1404 1294/1496/1404
f 1280/1476/1407 1295/1498/1407 1296/1502/1407
f 1273/1478/1408 1288/1500/1408 1289/1503/1408
f 1281/1480/1409 1296/1502/1409 1297/1504/1409
f 1274/1481/1410 1289/1503/1410 1290/1505/1410
f 1283/1484/1411 1282/1482/1411 1297/1504/1411
f 1275/1483/1412 1290/1505/1412 1291/1507/1412
f 1295/1498/1415 1310/1524/1415 1311/1512/1415
f 1288/1500/1416 1303/1509/1416 1304/1513/1416
f 1296/1502/1417 1311/1512/1417 1312/1514/1417
f 1289/1503/1418 1304/1513/1418 1305/1515/1418
f 1298/1506/1419 1297/1504/1419 1312/1514/1419
f 1290/1505/1420 1305/1515/1420 1306/1517/1420
f 1298/1506/1421 1313/1516/1421 1314/1518/1421
f 1292/1492/1422 1291/1507/1422 1306/1517/1422
f 1300/1493/1423 1299/1491/1423 1314/1518/1423
f 1292/1492/1424 1307/1519/1424 1308/1521/1424
f 1300/1493/1425 1315/1520/1425 1316/1522/1425
f 1294/1496/1426 1293/1494/1426 1308/1521/1426
f 1301/1495/1427 1316/1522/1427 1317/1511/1427
f 1295/1498/1428 1294/1496/1428 1309/1523/1428
f 1307/1519/1429 1306/1517/1429 1321/1525/1429
f 1315/1520/1430 1314/1518/1430 1329/1527/1430
f 1307/1519/1431 1322/1526/1431 1323/1529/1431
f 1315/1520/1432 1330/1528/1432 1331/1530/1432
f 1309/1523/1433 1308/1521/1433 1323/1529/1433
f 1316/1522/1434 1331/1530/1434 1332/1532/1434
f 1310/1524/1587 1309/1523/1587 1324/1531/1587
f 1310/1524/1588 1325/1533/1588 1326/1537/1588
f 1303/1509/1439 1318/1535/1439 1319/1538/1439
f 1311/1512/1440 1326/1537/1440 1327/1539/1440
f 1305/1515/1441 1304/1513/1441 1319/1538/1441
f 1313/1516/1442 1312/1514/1442 1327/1539/1442
f 1305/1515/1443 1320/1540/1443 1321/1525/1443
f 1313/1516/1444 1328/1541/1444 1329/1527/1444
f 1325/1542/1589 1340/1570/1589 1341/1543/1589
f 1318/1545/1446 1333/1572/1446 1334/1546/1446
f 1326/1544/1447 1341/1543/1447 1342/1548/1447
f 1320/1550/1448 1319/1547/1448 1334/1546/1448
f 1328/1552/1449 1327/1549/1449 1342/1548/1449
f 1320/1550/1450 1335/1551/1450 1336/1554/1450
f 1328/1552/1451 1343/1553/1451 1344/1556/1451
f 1322/1558/1452 1321/1555/1452 1336/1554/1452
f 1330/1560/1453 1329/1557/1453 1344/1556/1453
f 1322/1558/1454 1337/1559/1454 1338/1562/1454
f 1330/1560/1455 1345/1561/1455 1346/1564/1455
f 1324/1566/1456 1323/1563/1456 1338/1562/1456
f 1331/1565/1457 1346/1564/1457 1347/1568/1457
f 1325/1542/1590 1324/1566/1590 1339/1567/1590
f 1345/1561/1461 1344/1556/1461 1359/1574/1461
f 1337/1559/1462 1352/1590/1462 1353/1576/1462
f 1345/1561/1463 1360/1575/1463 1361/1577/1463
f 1339/1567/1464 1338/1562/1464 1353/1576/1464
f 1346/1564/1465 1361/1577/1465 1362/1579/1465
f 1340/1570/1466 1339/1567/1466 1354/1578/1466
f 1340/1570/1469 1355/1580/1469 1356/1584/1469
f 1333/1572/1470 1348/1582/1470 1349/1585/1470
f 1341/1543/1471 1356/1584/1471 1357/1586/1471
f 1335/1551/1472 1334/1546/1472 1349/1585/1472
f 1343/1553/1473 1342/1548/1473 1357/1586/1473
f 1335/1551/1474 1350/1587/1474 1351/1589/1474
f 1343/1553/1475 1358/1588/1475 1359/1574/1475
f 1337/1559/1476 1336/1554/1476 1351/1589/1476
f 1349/1585/1477 1348/1582/1477 1363/1591/1477
f 1356/1584/1478 1371/1607/1478 1372/1593/1478
f 1349/1585/1479 1364/1592/1479 1365/1594/1479
f 1358/1588/1480 1357/1586/1480 1372/1593/1480
f 1350/1587/1481 1365/1594/1481 1366/1596/1481
f 1358/1588/1482 1373/1595/1482 1374/1597/1482
f 1352/1590/1483 1351/1589/1483 1366/1596/1483
f 1360/1575/1484 1359/1574/1484 1374/1597/1484
f 1352/1590/1485 1367/1598/1485 1368/1600/1485
f 1361/1577/1486 1360/1575/1486 1375/1599/1486
f 1354/1578/1487 1353/1576/1487 1368/1600/1487
f 1361/1577/1488 1376/1601/1488 1377/1603/1488
f 1355/1580/1489 1354/1578/1489 1369/1602/1489
f 1355/1580/1492 1370/1604/1492 1371/1607/1492
f 1367/1598/1493 1382/1623/1493 1383/1608/1493
f 1375/1599/1494 1390/1624/1494 1391/1609/1494
f 1369/1602/1495 1368/1600/1495 1383/1608/1495
f 1376/1601/1496 1391/1609/1496 1392/1611/1496
f 1370/1604/1497 1369/1602/1497 1384/1610/1497
f 1370/1604/1500 1385/1612/1500 1386/1616/1500
f 1363/1591/1501 1378/1614/1501 1379/1617/1501
f 1371/1607/1502 1386/1616/1502 1387/1618/1502
f 1365/1594/1503 1364/1592/1503 1379/1617/1503
f 1373/1595/1504 1372/1593/1504 1387/1618/1504
f 1365/1594/1505 1380/1619/1505 1381/1621/1505
f 1373/1595/1506 1388/1620/1506 1389/1622/1506
f 1367/1598/1507 1366/1596/1507 1381/1621/1507
f 1375/1599/1508 1374/1597/1508 1389/1622/1508
f 1386/1616/1509 1401/1641/1509 1402/1625/1509
f 1380/1619/1510 1379/1617/1510 1394/1626/1510
f 1388/1620/1511 1387/1618/1511 1402/1625/1511
f 1380/1619/1512 1395/1627/1512 1396/1629/1512
f 1388/1620/1513 1403/1628/1513 1404/1630/1513
f 1382/1623/1514 1381/1621/1514 1396/1629/1514
f 1390/1624/1515 1389/1622/1515 1404/1630/1515
f 1382/1623/1516 1397/1631/1516 1398/1633/1516
f 1390/1624/1517 1405/1632/1517 1406/1634/1517
f 1384/1610/1518 1383/1608/1518 1398/1633/1518
f 1391/1609/1519 1406/1634/1519 1407/1636/1519
f 1385/1612/1520 1384/1610/1520 1399/1635/1520
f 1385/1612/1523 1400/1637/1523 1401/1641/1523
f 1378/1614/1524 1393/1639/1524 1394/1626/1524
f 1405/1632/1525 1420/1658/1525 1421/1642/1525
f 1399/1635/1526 1398/1633/1526 1413/1643/1526
f 1406/1634/1527 1421/1642/1527 1422/1645/1527
f 1400/1637/1528 1399/1635/1528 1414/1644/1528
f 1400/1637/1531 1415/1646/1531 1416/1650/1531
f 1394/1626/1532 1393/1639/1532 1408/1648/1532
f 1401/1641/1533 1416/1650/1533 1417/1652/1533
f 1394/1626/1534 1409/1651/1534 1410/1653/1534
f 1403/1628/1535 1402/1625/1535 1417/1652/1535
f 1395/1627/1536 1410/1653/1536 1411/1655/1536
f 1403/1628/1537 1418/1654/1537 1419/1656/1537
f 1397/1631/1538 1396/1629/1538 1411/1655/1538
f 1405/1632/1539 1404/1630/1539 1419/1656/1539
f 1397/1631/1540 1412/1657/1540 1413/1643/1540
f 1418/1654/1541 1417/1652/1541 1432/1659/1541
f 1410/1653/1542 1425/1675/1542 1426/1661/1542
f 1418/1654/1543 1433/1660/1543 1434/1662/1543
f 1412/1657/1544 1411/1655/1544 1426/1661/1544
f 1420/1658/1545 1419/1656/1545 1434/1662/1545
f 1412/1657/1546 1427/1663/1546 1428/1665/1546
f 1420/1658/1547 1435/1664/1547 1436/1666/1547
f 1414/1644/1548 1413/1643/1548 1428/1665/1548
f 1422/1645/1549 1421/1642/1549 1436/1666/1549
f 1415/1646/1550 1414/1644/1550 1429/1667/1550
f 1415/1646/1553 1430/1669/1553 1431/1673/1553
f 1408/1648/1554 1423/1671/1554 1424/1674/1554
f 1416/1650/1555 1431/1673/1555 1432/1659/1555
f 1410/1653/1556 1409/1651/1556 1424/1674/1556
f 1436/1666/1557 1445/1122/1557 1446/1124/1557
f 1430/1669/1558 1429/1667/1558 968/1119/1558
f 1430/1669/1561 969/1126/1561 970/1132/1561
f 1424/1674/1562 1423/1671/1562 1438/1127/1562
f 1431/1673/1563 970/1132/1563 1442/1136/1563
f 1425/1675/1564 1424/1674/1564 1439/1133/1564
f 1432/1659/1565 1442/1136/1565 971/1140/1565
f 1426/1661/1566 1425/1675/1566 966/1137/1566
f 1433/1660/1567 971/1140/1567 1443/1144/1567
f 1427/1663/1568 1426/1661/1568 1440/1141/1568
f 1435/1664/1569 1434/1662/1569 1443/1144/1569
f 1428/1665/1570 1427/1663/1570 967/1145/1570
f 1435/1664/1571 1444/1148/1571 1445/1122/1571
f 1429/1667/1572 1428/1665/1572 1441/1149/1572
o Cone
v 0.426759 2.031507 -0.148621
v 0.426741 2.002512 -0.145766
v 0.426725 1.974632 -0.137308
v 0.426709 1.948937 -0.123574
v 0.426696 1.926416 -0.105091
v 0.426685 1.907933 -0.082570
v 0.426676 1.894199 -0.056875
v 0.426671 1.885741 -0.028995
v 0.426669 1.882885 0.000000
v 0.426671 1.885741 0.028995
v 0.426676 1.894199 0.056875
v 0.426685 1.907933 0.082570
v 0.426696 1.926416 0.105091
v 0.426709 1.948937 0.123574
v 0.426725 1.974632 0.137308
v 0.426741 2.002512 0.145766
v 0.426759 2.031507 0.148621
v 0.426776 2.060501 0.145766
v 0.426793 2.088382 0.137308
v 0.426808 2.114076 0.123574
v 0.426822 2.136598 0.105091
v 0.426833 2.155081 0.082570
v 0.426841 2.168815 0.056875
v 0.426846 2.177272 0.028995
v 0.426848 2.180128 0.000000
v 0.426846 2.177272 -0.028995
v 0.426841 2.168815 -0.056875
v 0.426833 2.155081 -0.082570
v 0.426822 2.136598 -0.105091
v 0.426808 2.114076 -0.123574
v 0.426793 2.088382 -0.137308
v 0.426776 2.060501 -0.145766
v 0.724001 2.031328 0.000000
vn 0.4454 -0.0880 -0.8910
vn 0.4453 -0.2602 -0.8567
vn 0.4452 -0.4223 -0.7896
vn 0.4451 -0.5682 -0.6921
vn 0.4451 -0.6923 -0.5680
vn 0.4450 -0.7898 -0.4220
vn 0.4450 -0.8570 -0.2599
vn 0.4450 -0.8912 -0.0878
vn 0.4450 -0.8912 0.0878
vn 0.4450 -0.8570 0.2599
vn 0.4450 -0.7898 0.4220
vn 0.4451 -0.6923 0.5680
vn 0.4451 -0.5682 0.6921
vn 0.4452 -0.4223 0.7896
vn 0.4453 -0.2602 0.8567
vn 0.4454 -0.0880 0.8910
vn 0.4455 0.0875 0.8910
vn 0.4456 0.2596 0.8567
vn 0.4457 0.4218 0.7896
vn 0.4458 0.5677 0.6921
vn 0.4459 0.6918 0.5680
vn 0.4460 0.7893 0.4220
vn 0.4460 0.8565 0.2599
vn 0.4460 0.8907 0.0878
vn 0.4460 0.8907 -0.0878
vn 0.4460 0.8565 -0.2599
vn 0.4460 0.7893 -0.4220
vn 0.4459 0.6918 -0.5680
vn 0.4458 0.5677 -0.6921
vn 0.4457 0.4218 -0.7896
vn -1.0000 0.0006 -0.0000
vn 0.4456 0.2596 -0.8567
vn 0.4455 0.0875 -0.8910
vt 0.250000 0.490000
vt 0.250000 0.250000
vt 0.296822 0.485388
vt 0.341844 0.471731
vt 0.383337 0.449553
vt 0.419706 0.419706
vt 0.449553 0.383337
vt 0.471731 0.341844
vt 0.485388 0.296822
vt 0.490000 0.250000
vt 0.485388 0.203178
vt 0.471731 0.158156
vt 0.449553 0.116663
vt 0.419706 0.080294
vt 0.383337 0.050447
vt 0.341844 0.028269
vt 0.296822 0.014612
vt 0.250000 0.010000
vt 0.203178 0.014612
vt 0.158156 0.028269
vt 0.116663 0.050447
vt 0.080294 0.080294
vt 0.050447 0.116663
vt 0.028269 0.158156
vt 0.014612 0.203178
vt 0.010000 0.250000
vt 0.014612 0.296822
vt 0.028269 0.341844
vt 0.050447 0.383337
vt 0.080294 0.419706
vt 0.116663 0.449553
vt 0.158156 0.471731
vt 0.796822 0.014612
vt 0.514612 0.203178
vt 0.703178 0.485388
vt 0.203178 0.485388
vt 0.750000 0.490000
vt 0.796822 0.485388
vt 0.841844 0.471731
vt 0.883337 0.449553
vt 0.919706 0.419706
vt 0.949553 0.383337
vt 0.971731 0.341844
vt 0.985388 0.296822
vt 0.990000 0.250000
vt 0.985388 0.203178
vt 0.971731 0.158156
vt 0.949553 0.116663
vt 0.919706 0.080294
vt 0.883337 0.050447
vt 0.841844 0.028269
vt 0.750000 0.010000
vt 0.703178 0.014612
vt 0.658156 0.028269
vt 0.616663 0.050447
vt 0.580294 0.080294
vt 0.550447 0.116663
vt 0.528269 0.158156
vt 0.510000 0.250000
vt 0.514612 0.296822
vt 0.528269 0.341844
vt 0.550447 0.383337
vt 0.580294 0.419706
vt 0.616663 0.449553
vt 0.658156 0.471731
s 0
f 1447/1678/1591 1479/1679/1591 1448/1680/1591
f 1448/1680/1592 1479/1679/1592 1449/1681/1592
f 1449/1681/1593 1479/1679/1593 1450/1682/1593
f 1450/1682/1594 1479/1679/1594 1451/1683/1594
f 1451/1683/1595 1479/1679/1595 1452/1684/1595
f 1452/1684/1596 1479/1679/1596 1453/1685/1596
f 1453/1685/1597 1479/1679/1597 1454/1686/1597
f 1454/1686/1598 1479/1679/1598 1455/1687/1598
f 1455/1687/1599 1479/1679/1599 1456/1688/1599
f 1456/1688/1600 1479/1679/1600 1457/1689/1600
f 1457/1689/1601 1479/1679/1601 1458/1690/1601
f 1458/1690/1602 1479/1679/1602 1459/1691/1602
f 1459/1691/1603 1479/1679/1603 1460/1692/1603
f 1460/1692/1604 1479/1679/1604 1461/1693/1604
f 1461/1693/1605 1479/1679/1605 1462/1694/1605
f 1462/1694/1606 1479/1679/1606 1463/1695/1606
f 1463/1695/1607 1479/1679/1607 1464/1696/1607
f 1464/1696/1608 1479/1679/1608 1465/1697/1608
f 1465/1697/1609 1479/1679/1609 1466/1698/1609
f 1466/1698/1610 1479/1679/1610 1467/1699/1610
f 1467/1699/1611 1479/1679/1611 1468/1700/1611
f 1468/1700/1612 1479/1679/1612 1469/1701/1612
f 1469/1701/1613 1479/1679/1613 1470/1702/1613
f 1470/1702/1614 1479/1679/1614 1471/1703/1614
f 1471/1703/1615 1479/1679/1615 1472/1704/1615
f 1472/1704/1616 1479/1679/1616 1473/1705/1616
f 1473/1705/1617 1479/1679/1617 1474/1706/1617
f 1474/1706/1618 1479/1679/1618 1475/1707/1618
f 1475/1707/1619 1479/1679/1619 1476/1708/1619
f 1476/1708/1620 1479/1679/1620 1477/1709/1620
f 1462/1710/1621 1470/1711/1621 1478/1712/1621
f 1477/1709/1622 1479/1679/1622 1478/1713/1622
f 1478/1713/1623 1479/1679/1623 1447/1678/1623
f 1478/1712/1621 1447/1714/1621 1448/1715/1621
f 1448/1715/1621 1449/1716/1621 1450/1717/1621
f 1450/1717/1621 1451/1718/1621 1452/1719/1621
f 1452/1719/1621 1453/1720/1621 1454/1721/1621
f 1454/1721/1621 1455/1722/1621 1456/1723/1621
f 1456/1723/1621 1457/1724/1621 1458/1725/1621
f 1458/1725/1621 1459/1726/1621 1460/1727/1621
f 1460/1727/1621 1461/1728/1621 1462/1710/1621
f 1462/1710/1621 1463/1729/1621 1464/1730/1621
f 1464/1730/1621 1465/1731/1621 1466/1732/1621
f 1466/1732/1621 1467/1733/1621 1468/1734/1621
f 1468/1734/1621 1469/1735/1621 1470/1711/1621
f 1470/1711/1621 1471/1736/1621 1472/1737/1621
f 1472/1737/1621 1473/1738/1621 1474/1739/1621
f 1474/1739/1621 1475/1740/1621 1476/1741/1621
f 1476/1741/1621 1477/1742/1621 1478/1712/1621
f 1478/1712/1621 1448/1715/1621 1450/1717/1621
f 1450/1717/1621 1452/1719/1621 1454/1721/1621
f 1454/1721/1621 1456/1723/1621 1458/1725/1621
f 1458/1725/1621 1460/1727/1621 1462/1710/1621
f 1462/1710/1621 1464/1730/1621 1466/1732/1621
f 1466/1732/1621 1468/1734/1621 1470/1711/1621
f 1470/1711/1621 1472/1737/1621 1474/1739/1621
f 1474/1739/1621 1476/1741/1621 1478/1712/1621
f 1478/1712/1621 1450/1717/1621 1454/1721/1621
f 1454/1721/1621 1458/1725/1621 1462/1710/1621
f 1462/1710/1621 1466/1732/1621 1470/1711/1621
f 1470/1711/1621 1474/1739/1621 1478/1712/1621
f 1478/1712/1621 1454/1721/1621 1462/1710/1621
o Torus
v 0.450757 2.161400 0.125471
v 0.456722 2.165414 0.126875
v 0.459875 2.171945 0.127910
v 0.459371 2.179242 0.128299
v 0.455346 2.185352 0.127937
v 0.448877 2.188636 0.126922
v 0.441698 2.188215 0.125525
v 0.435732 2.184201 0.124121
v 0.432579 2.177670 0.123086
v 0.433083 2.170372 0.122698
v 0.437109 2.164263 0.123059
v 0.443578 2.160979 0.124074
v 0.452289 2.162575 0.116419
v 0.458213 2.166557 0.118065
v 0.461254 2.173002 0.119763
v 0.460597 2.180182 0.121057
v 0.456418 2.186175 0.121600
v 0.449837 2.189373 0.121248
v 0.442617 2.188920 0.120094
v 0.436693 2.184938 0.118447
v 0.433652 2.178493 0.116750
v 0.434309 2.171313 0.115456
v 0.438488 2.165320 0.114912
v 0.445069 2.162122 0.115265
v 0.453408 2.164877 0.107524
v 0.459302 2.168797 0.109408
v 0.462261 2.175074 0.111757
v 0.461492 2.182024 0.113941
v 0.457201 2.187786 0.115374
v 0.450538 2.190815 0.115673
v 0.443288 2.190301 0.114757
v 0.437394 2.186381 0.112872
v 0.434435 2.180104 0.110523
v 0.435204 2.173154 0.108340
v 0.439495 2.167392 0.106907
v 0.446158 2.164362 0.106608
v 0.454093 2.168266 0.098938
v 0.459969 2.172096 0.101053
v 0.462878 2.178124 0.104030
v 0.462040 2.184736 0.107072
v 0.457681 2.190158 0.109364
v 0.450968 2.192940 0.110291
v 0.443699 2.192335 0.109605
v 0.437824 2.188505 0.107491
v 0.434915 2.182477 0.104513
v 0.435752 2.175866 0.101471
v 0.440112 2.170443 0.099180
v 0.446825 2.167661 0.098252
v 0.454334 2.172685 0.090809
v 0.460204 2.176397 0.093141
v 0.463095 2.182101 0.096714
v 0.462233 2.188271 0.100569
v 0.457850 2.193252 0.103673
v 0.451119 2.195710 0.105196
v 0.443844 2.194986 0.104728
v 0.437975 2.191275 0.102395
v 0.435083 2.185570 0.098823
v 0.435945 2.179401 0.094968
v 0.440329 2.174420 0.091863
v 0.447059 2.171962 0.090341
v 0.454127 2.178058 0.083275
v 0.460001 2.181626 0.085809
v 0.462908 2.186937 0.089933
v 0.462067 2.192569 0.094542
v 0.457704 2.197013 0.098400
v 0.450989 2.199078 0.100474
v 0.443719 2.198210 0.100208
v 0.437845 2.194643 0.097673
v 0.434938 2.189331 0.093549
v 0.435779 2.183699 0.088941
v 0.440142 2.179255 0.085083
v 0.446857 2.177191 0.083009
v 0.453474 2.184293 0.076465
v 0.459366 2.187693 0.079182
v 0.462320 2.192548 0.083805
v 0.461545 2.197557 0.089094
v 0.457247 2.201377 0.093633
v 0.450579 2.202986 0.096205
v 0.443328 2.201951 0.096122
v 0.437435 2.198551 0.093405
v 0.434481 2.193696 0.088782
v 0.435257 2.188687 0.083493
v 0.439554 2.184867 0.078954
v 0.446222 2.183259 0.076382
v 0.452387 2.191283 0.070496
v 0.458308 2.194496 0.073373
v 0.461342 2.198839 0.078433
v 0.460675 2.203149 0.084319
v 0.456487 2.206270 0.089455
v 0.449898 2.207367 0.092464
v 0.442676 2.206145 0.092541
v 0.436754 2.202932 0.089664
v 0.433720 2.198589 0.084604
v 0.434387 2.194279 0.078718
v 0.438576 2.191158 0.073582
v 0.445164 2.190061 0.070573
v 0.450885 2.198909 0.065471
v 0.456846 2.201918 0.068482
v 0.459990 2.205703 0.073909
v 0.459474 2.209250 0.080298
v 0.455435 2.211609 0.085937
v 0.448957 2.212147 0.089314
v 0.441774 2.210721 0.089525
v 0.435812 2.207712 0.086513
v 0.432669 2.203927 0.081086
v 0.433185 2.200380 0.074697
v 0.437224 2.198021 0.069059
v 0.443702 2.197483 0.065682
v 0.448993 2.207041 0.061474
v 0.455005 2.209831 0.064592
v 0.458287 2.213021 0.070312
v 0.457960 2.215755 0.077101
v 0.454111 2.217300 0.083139
v 0.447771 2.217243 0.086809
v 0.440639 2.215599 0.087127
v 0.434627 2.212809 0.084008
v 0.431344 2.209619 0.078288
v 0.431672 2.206885 0.071500
v 0.435521 2.205339 0.065462
v 0.441861 2.205396 0.061792
v 0.446743 2.215538 0.058574
v 0.452816 2.218101 0.061771
v 0.456263 2.220669 0.067703
v 0.456161 2.222553 0.074781
v 0.452536 2.223248 0.081109
v 0.446361 2.222570 0.084991
v 0.439290 2.220698 0.085387
v 0.433217 2.218135 0.082191
v 0.429770 2.215567 0.076259
v 0.429872 2.213683 0.069180
v 0.433497 2.212987 0.062852
v 0.439672 2.213666 0.058970
v 0.444175 2.224256 0.056822
v 0.450317 2.226585 0.060065
v 0.453952 2.228515 0.066125
v 0.454106 2.229527 0.073379
v 0.450738 2.229351 0.079882
v 0.444751 2.228034 0.083893
v 0.437749 2.225929 0.084336
v 0.431607 2.223599 0.081092
v 0.427972 2.221670 0.075032
v 0.427818 2.220657 0.067778
v 0.431185 2.220833 0.061275
v 0.437173 2.222151 0.057264
v 0.441332 2.233046 0.056246
v 0.447550 2.235139 0.059505
v 0.451393 2.236425 0.065607
v 0.451832 2.236559 0.072919
v 0.448748 2.235504 0.079479
v 0.442969 2.233543 0.083532
v 0.436043 2.231202 0.083990
v 0.429825 2.229108 0.080731
v 0.425982 2.227822 0.074629
v 0.425543 2.227689 0.067318
v 0.428627 2.228744 0.060757
v 0.434406 2.230705 0.056704
v 0.438263 2.241756 0.056857
v 0.444563 2.243617 0.060099
v 0.448631 2.244265 0.066157
v 0.449376 2.243527 0.073407
v 0.446600 2.241601 0.079907
v 0.441045 2.239003 0.083915
v 0.434201 2.236429 0.084357
v 0.427901 2.234568 0.081114
v 0.423833 2.233920 0.075057
v 0.423088 2.234658 0.067806
v 0.425864 2.236584 0.061307
v 0.431419 2.239182 0.057299
v 0.435020 2.250239 0.058644
v 0.441407 2.251872 0.061839
v 0.445712 2.251900 0.067766
v 0.446782 2.250314 0.074837
v 0.444330 2.247540 0.081158
v 0.439013 2.244320 0.085035
v 0.432255 2.241518 0.085429
v 0.425869 2.239885 0.082235
v 0.421563 2.239858 0.076308
v 0.420493 2.241444 0.069236
v 0.422946 2.244218 0.062915
v 0.428263 2.247437 0.059038
v 0.431659 2.258349 0.061578
v 0.438136 2.259765 0.064693
v 0.442687 2.259199 0.070406
v 0.444093 2.256802 0.077184
v 0.441977 2.253216 0.083212
v 0.436906 2.249403 0.086874
v 0.430239 2.246384 0.087189
v 0.423762 2.244968 0.084073
v 0.419210 2.245535 0.078361
v 0.417804 2.247932 0.071583
v 0.419920 2.251517 0.065555
v 0.424991 2.255330 0.061893
v 0.428237 2.265947 0.065606
v 0.434805 2.267159 0.068614
v 0.439607 2.266037 0.074032
v 0.441355 2.262880 0.080407
v 0.439581 2.258535 0.086032
v 0.434761 2.254166 0.089399
v 0.428185 2.250943 0.089606
v 0.421617 2.249731 0.086599
v 0.416815 2.250853 0.081181
v 0.415067 2.254010 0.074806
v 0.416841 2.258355 0.069181
v 0.421661 2.262724 0.065814
v 0.424812 2.272903 0.070662
v 0.431473 2.273929 0.073534
v 0.436525 2.272297 0.078581
v 0.438616 2.268445 0.084451
v 0.437184 2.263404 0.089570
v 0.432615 2.258526 0.092568
v 0.426131 2.255117 0.092640
v 0.419471 2.254091 0.089767
v 0.414418 2.255723 0.084720
v 0.412327 2.259575 0.078850
v 0.413759 2.264616 0.073731
v 0.418329 2.269494 0.070734
v 0.421445 2.279099 0.076657
v 0.428195 2.279959 0.079369
v 0.433494 2.277873 0.083977
v 0.435922 2.273401 0.089248
v 0.434827 2.267741 0.093767
v 0.430504 2.262409 0.096326
v 0.424110 2.258834 0.096237
v 0.417360 2.257974 0.093525
v 0.412061 2.260060 0.088917
v 0.409633 2.264532 0.083647
v 0.410728 2.270192 0.079127
v 0.415051 2.275524 0.076569
v 0.418191 2.284427 0.083490
v 0.425029 2.285145 0.086019
v 0.430566 2.282669 0.090127
v 0.433319 2.277664 0.094714
v 0.432549 2.271471 0.098550
v 0.428464 2.265749 0.100608
v 0.422158 2.262032 0.100337
v 0.415320 2.261314 0.097808
v 0.409783 2.263790 0.093700
v 0.407030 2.268794 0.089113
v 0.407799 2.274987 0.085277
v 0.411884 2.280710 0.083218
v 0.415107 2.288798 0.091044
v 0.422027 2.289398 0.093370
v 0.427790 2.286603 0.096925
v 0.430851 2.281161 0.100757
v 0.430391 2.274531 0.103838
v 0.426531 2.268489 0.105343
v 0.420308 2.264654 0.104869
v 0.413387 2.264054 0.102543
v 0.407624 2.266849 0.098987
v 0.404563 2.272291 0.095156
v 0.405024 2.278921 0.092075
v 0.408883 2.284963 0.090570
v 0.412245 2.292136 0.099189
v 0.419242 2.292646 0.101297
v 0.425215 2.289607 0.104256
v 0.428562 2.283831 0.107273
v 0.428387 2.276867 0.109539
v 0.424738 2.270581 0.110448
v 0.418591 2.266656 0.109756
v 0.411593 2.266146 0.107648
v 0.405621 2.269186 0.104689
v 0.402274 2.274961 0.101672
v 0.402448 2.281925 0.099405
v 0.406098 2.288212 0.098496
v 0.409655 2.294384 0.107786
v 0.416721 2.294834 0.109664
v 0.422884 2.291630 0.111993
v 0.426490 2.285630 0.114151
v 0.426574 2.278441 0.115557
v 0.423114 2.271990 0.115837
v 0.417037 2.268005 0.114914
v 0.409970 2.267555 0.113036
v 0.403808 2.270759 0.110707
v 0.400202 2.276760 0.108550
v 0.400117 2.283948 0.107143
v 0.403577 2.290399 0.106863
v 0.407381 2.295503 0.116688
v 0.414508 2.295924 0.118327
v 0.420837 2.292638 0.120005
v 0.424670 2.286525 0.121272
v 0.424982 2.279224 0.121789
v 0.421689 2.272691 0.121417
v 0.415672 2.268677 0.120255
v 0.408544 2.268257 0.118616
v 0.402216 2.271543 0.116938
v 0.398382 2.277655 0.115671
v 0.398070 2.284956 0.115154
v 0.401364 2.291489 0.115527
v 0.405461 2.295475 0.125742
v 0.412640 2.295897 0.127139
v 0.419109 2.292612 0.128154
v 0.423135 2.286503 0.128516
v 0.423638 2.279205 0.128127
v 0.420485 2.272674 0.127092
v 0.414520 2.268660 0.125688
v 0.407341 2.268239 0.124291
v 0.400872 2.271523 0.123276
v 0.396846 2.277633 0.122915
v 0.396342 2.284931 0.123304
v 0.399496 2.291462 0.124338
v 0.403929 2.294300 0.134795
v 0.411149 2.294753 0.135949
v 0.417730 2.291555 0.136301
v 0.421909 2.285563 0.135758
v 0.422566 2.278382 0.134464
v 0.419525 2.271938 0.132766
v 0.413601 2.267955 0.131119
v 0.406381 2.267503 0.129965
v 0.399799 2.270701 0.129613
v 0.395620 2.276693 0.130157
v 0.394963 2.283873 0.131451
v 0.398004 2.290318 0.133148
v 0.402810 2.291998 0.143690
v 0.410060 2.292513 0.144605
v 0.416723 2.289483 0.144307
v 0.421014 2.283721 0.142874
v 0.421783 2.276771 0.140690
v 0.418824 2.270495 0.138341
v 0.412930 2.266574 0.136456
v 0.405680 2.266060 0.135541
v 0.399017 2.269089 0.135839
v 0.394726 2.274851 0.137273
v 0.393957 2.281802 0.139456
v 0.396916 2.288078 0.141805
v 0.402124 2.288609 0.152275
v 0.409393 2.289214 0.152961
v 0.416106 2.286433 0.152034
v 0.420465 2.281010 0.149742
v 0.421303 2.274398 0.146700
v 0.418394 2.268370 0.143723
v 0.412518 2.264540 0.141608
v 0.405250 2.263935 0.140922
v 0.398537 2.266717 0.141849
v 0.394177 2.272140 0.144141
v 0.393340 2.278751 0.147183
v 0.396249 2.284779 0.150160
v 0.401883 2.284190 0.160405
v 0.409158 2.284914 0.160872
v 0.415889 2.282456 0.159350
v 0.420273 2.277475 0.156245
v 0.421134 2.271305 0.152390
v 0.418243 2.265600 0.148818
v 0.412374 2.261889 0.146485
v 0.405099 2.261166 0.146018
v 0.398368 2.263623 0.147540
v 0.393984 2.268605 0.150644
v 0.393123 2.274774 0.154499
v 0.396014 2.280479 0.158072
v 0.402091 2.278817 0.167938
v 0.409360 2.279685 0.168204
v 0.416076 2.277620 0.166131
v 0.420439 2.273176 0.162273
v 0.421280 2.267544 0.157664
v 0.418373 2.262233 0.153540
v 0.412498 2.258665 0.151006
v 0.405229 2.257798 0.150740
v 0.398513 2.259862 0.152814
v 0.394151 2.264306 0.156672
v 0.393310 2.269938 0.161280
v 0.396216 2.275250 0.165404
v 0.402744 2.272582 0.174748
v 0.409996 2.273617 0.174832
v 0.416664 2.272009 0.172259
v 0.420961 2.268188 0.167720
v 0.421737 2.263180 0.162431
v 0.418782 2.258325 0.157808
v 0.412890 2.254925 0.155091
v 0.405638 2.253890 0.155008
v 0.398970 2.255498 0.157580
v 0.394673 2.259318 0.162119
v 0.393897 2.264327 0.167409
v 0.396852 2.269182 0.172031
v 0.403831 2.265592 0.180717
v 0.411053 2.266814 0.180640
v 0.417642 2.265717 0.177631
v 0.421831 2.262596 0.172495
v 0.422497 2.258286 0.166609
v 0.419464 2.253943 0.161550
v 0.413542 2.250730 0.158673
v 0.406319 2.249508 0.158749
v 0.399731 2.250605 0.161758
v 0.395542 2.253726 0.166894
v 0.394875 2.258036 0.172781
v 0.397909 2.262379 0.177840
v 0.405333 2.257966 0.185743
v 0.412515 2.259392 0.185532
v 0.418994 2.258854 0.182154
v 0.423032 2.256495 0.176516
v 0.423549 2.252948 0.170127
v 0.420405 2.249163 0.164700
v 0.414443 2.246155 0.161688
v 0.407261 2.244728 0.161899
v 0.400783 2.245267 0.165277
v 0.396744 2.247625 0.170915
v 0.396228 2.251172 0.177304
v 0.399371 2.254957 0.182731
v 0.407225 2.249835 0.189740
v 0.414357 2.251479 0.189421
v 0.420697 2.251536 0.185752
v 0.424546 2.249990 0.179713
v 0.424873 2.247257 0.172925
v 0.421591 2.244067 0.167205
v 0.415579 2.241276 0.164086
v 0.408447 2.239632 0.164405
v 0.402107 2.239575 0.168074
v 0.398258 2.241120 0.174112
v 0.397930 2.243854 0.180901
v 0.401213 2.247044 0.186621
v 0.409474 2.241338 0.192639
v 0.416546 2.243209 0.192243
v 0.422721 2.243888 0.188361
v 0.426345 2.243192 0.182033
v 0.426448 2.241308 0.174955
v 0.423001 2.238741 0.169023
v 0.416928 2.236178 0.165826
v 0.409857 2.234306 0.166222
v 0.403682 2.233627 0.170104
v 0.400057 2.234323 0.176432
v 0.399955 2.236207 0.183511
v 0.403402 2.238774 0.189443
v 0.412042 2.232620 0.194392
v 0.419045 2.234725 0.193949
v 0.425032 2.236042 0.189939
v 0.428400 2.236218 0.183435
v 0.428246 2.235206 0.176181
v 0.424611 2.233276 0.170121
v 0.418469 2.230947 0.166878
v 0.411466 2.228841 0.167321
v 0.405479 2.227524 0.171331
v 0.402112 2.227348 0.177834
v 0.402266 2.228360 0.185088
v 0.405901 2.230290 0.191148
v 0.414886 2.223830 0.194967
v 0.421812 2.226171 0.194509
v 0.427591 2.228131 0.190457
v 0.430674 2.229186 0.183896
v 0.430236 2.229053 0.176584
v 0.426393 2.227767 0.170482
v 0.420175 2.225673 0.167223
v 0.413248 2.223332 0.167681
v 0.407469 2.221371 0.171734
v 0.404386 2.220316 0.178295
v 0.404825 2.220450 0.185606
v 0.408668 2.221736 0.191709
v 0.417955 2.215119 0.194356
v 0.424799 2.217694 0.193914
v 0.430353 2.220292 0.189907
v 0.433130 2.222218 0.183407
v 0.432384 2.222955 0.176157
v 0.428316 2.222307 0.170099
v 0.422016 2.220447 0.166856
v 0.415172 2.217872 0.167298
v 0.409618 2.215274 0.171306
v 0.406841 2.213348 0.177806
v 0.407587 2.212610 0.185056
v 0.411655 2.213259 0.191114
v 0.421198 2.206636 0.192569
v 0.427955 2.209438 0.192175
v 0.433272 2.212657 0.188298
v 0.435724 2.215431 0.181977
v 0.434654 2.217017 0.174905
v 0.430349 2.216990 0.168978
v 0.423962 2.215357 0.165784
v 0.417205 2.212555 0.166178
v 0.411888 2.209336 0.170055
v 0.409436 2.206562 0.176376
v 0.410506 2.204976 0.183447
v 0.414811 2.205003 0.189374
v 0.424559 2.198526 0.189636
v 0.431226 2.201545 0.189320
v 0.436297 2.205358 0.185658
v 0.438413 2.208944 0.179630
v 0.437007 2.211340 0.172852
v 0.432456 2.211907 0.167140
v 0.425979 2.210491 0.164024
v 0.419312 2.207472 0.164339
v 0.414241 2.203659 0.168002
v 0.412125 2.200074 0.174029
v 0.413531 2.197677 0.180807
v 0.418082 2.197110 0.186520
v 0.427981 2.190928 0.185607
v 0.434557 2.194151 0.185400
v 0.439377 2.198520 0.182032
v 0.441151 2.202865 0.176407
v 0.439403 2.206022 0.170032
v 0.434601 2.207144 0.164615
v 0.428032 2.205932 0.161607
v 0.421457 2.202709 0.161814
v 0.416636 2.198340 0.165182
v 0.414863 2.193995 0.170806
v 0.416611 2.190839 0.177182
v 0.421412 2.189716 0.182599
v 0.431405 2.183972 0.180552
v 0.437889 2.187381 0.180480
v 0.442459 2.192260 0.177482
v 0.443890 2.197300 0.172363
v 0.441800 2.201153 0.166493
v 0.436747 2.202784 0.161446
v 0.430087 2.201758 0.158574
v 0.423603 2.198349 0.158646
v 0.419033 2.193471 0.161643
v 0.417602 2.188430 0.166762
v 0.419693 2.184578 0.172632
v 0.424745 2.182946 0.177679
v 0.434773 2.177777 0.174556
v 0.441167 2.181352 0.174645
v 0.445490 2.186684 0.172086
v 0.446584 2.192344 0.167567
v 0.444157 2.196816 0.162297
v 0.438858 2.198901 0.157688
v 0.432107 2.198041 0.154976
v 0.425714 2.194466 0.154888
v 0.421391 2.189134 0.157446
v 0.420296 2.183474 0.161966
v 0.422724 2.179002 0.167236
v 0.428022 2.176917 0.171844
v 0.438027 2.172448 0.167723
v 0.444333 2.176166 0.167995
v 0.448418 2.181888 0.165937
v 0.449187 2.188081 0.162100
v 0.446435 2.193086 0.157513
v 0.440897 2.195561 0.153405
v 0.434060 2.194844 0.150877
v 0.427753 2.191126 0.150605
v 0.423668 2.185404 0.152663
v 0.422899 2.179211 0.156499
v 0.425652 2.174206 0.161086
v 0.431189 2.171731 0.165194
v 0.441111 2.168077 0.160169
v 0.447335 2.171912 0.160644
v 0.451194 2.177954 0.159138
v 0.451655 2.184584 0.156057
v 0.448593 2.190026 0.152226
v 0.442831 2.192822 0.148671
v 0.435910 2.192222 0.146344
v 0.429686 2.188387 0.145870
v 0.425827 2.182345 0.147375
v 0.425366 2.175714 0.150456
v 0.428428 2.170273 0.154288
v 0.434191 2.167477 0.157843
v 0.443973 2.164740 0.152024
v 0.450120 2.168664 0.152717
v 0.453769 2.174950 0.151808
v 0.453944 2.181914 0.149541
v 0.450597 2.187690 0.146524
v 0.444624 2.190730 0.143565
v 0.437627 2.190219 0.141457
v 0.431480 2.186295 0.140765
v 0.427830 2.180008 0.141674
v 0.427656 2.173044 0.143940
v 0.431003 2.167269 0.146957
v 0.436975 2.164229 0.149916
v 0.446563 2.162492 0.143427
v 0.452640 2.166476 0.144350
v 0.456100 2.172927 0.144071
v 0.456016 2.180116 0.142664
v 0.452410 2.186116 0.140506
v 0.446248 2.189321 0.138177
v 0.439181 2.188870 0.136299
v 0.433104 2.184886 0.135376
v 0.429643 2.178435 0.135656
v 0.429728 2.171246 0.137063
v 0.433334 2.165246 0.139220
v 0.439496 2.162041 0.141550
v 0.448837 2.161372 0.134525
v 0.454854 2.165386 0.135687
v 0.458147 2.171919 0.136059
v 0.457836 2.179220 0.135542
v 0.454002 2.185333 0.134275
v 0.447673 2.188619 0.132597
v 0.440546 2.188198 0.130958
v 0.434529 2.184184 0.129797
v 0.431235 2.177651 0.129425
v 0.431547 2.170350 0.129941
v 0.435381 2.164238 0.131208
v 0.441710 2.160952 0.132886
vn 0.5603 -0.8282 -0.0127
vn 0.8908 -0.4448 0.0930
vn 0.9830 0.0586 0.1740
vn 0.8110 0.5467 0.2082
vn 0.4213 0.8875 0.1865
vn -0.0804 0.9901 0.1149
vn -0.5603 0.8282 0.0127
vn -0.8908 0.4448 -0.0930
vn -0.9830 -0.0586 -0.1740
vn -0.8110 -0.5467 -0.2082
vn -0.4213 -0.8875 -0.1865
vn 0.0804 -0.9901 -0.1149
vn 0.5784 -0.8044 -0.1354
vn 0.9041 -0.4274 0.0031
vn 0.9879 0.0650 0.1410
vn 0.8061 0.5403 0.2412
vn 0.4080 0.8701 0.2765
vn -0.0986 0.9663 0.2377
vn -0.5784 0.8044 0.1354
vn -0.9041 0.4274 -0.0031
vn -0.9879 -0.0650 -0.1410
vn -0.8061 -0.5403 -0.2412
vn -0.4080 -0.8701 -0.2765
vn 0.0986 -0.9663 -0.2377
vn 0.5907 -0.7655 -0.2550
vn 0.9131 -0.3989 -0.0845
vn 0.9912 0.0754 0.1089
vn 0.8028 0.5299 0.2733
vn 0.3990 0.8416 0.3641
vn -0.1109 0.9274 0.3573
vn -0.5907 0.7655 0.2550
vn -0.9131 0.3989 0.0845
vn -0.9912 -0.0754 -0.1089
vn -0.8028 -0.5299 -0.2733
vn -0.3990 -0.8416 -0.3641
vn 0.1109 -0.9274 -0.3573
vn 0.5971 -0.7121 -0.3694
vn 0.9177 -0.3597 -0.1683
vn 0.9929 0.0898 0.0782
vn 0.8011 0.5155 0.3040
vn 0.3943 0.8024 0.4479
vn -0.1173 0.8740 0.4716
vn -0.5971 0.7121 0.3694
vn -0.9177 0.3597 0.1683
vn -0.9929 -0.0898 -0.0782
vn -0.8011 -0.5155 -0.3040
vn -0.3943 -0.8024 -0.4479
vn 0.1173 -0.8740 -0.4716
vn 0.5973 -0.6451 -0.4765
vn 0.9179 -0.3106 -0.2468
vn 0.9929 0.1078 0.0495
vn 0.8011 0.4976 0.3328
vn 0.3942 0.7534 0.5264
vn -0.1175 0.8070 0.5788
vn -0.5973 0.6451 0.4765
vn -0.9179 0.3106 0.2468
vn -0.9929 -0.1078 -0.0495
vn -0.8011 -0.4976 -0.3328
vn -0.3942 -0.7534 -0.5264
vn 0.1175 -0.8070 -0.5788
vn 0.5914 -0.5657 -0.5747
vn 0.9136 -0.2525 -0.3187
vn 0.9914 0.1291 0.0231
vn 0.8026 0.4762 0.3591
vn 0.3985 0.6952 0.5983
vn -0.1116 0.7276 0.6769
vn -0.5914 0.5657 0.5747
vn -0.9136 0.2525 0.3187
vn -0.9914 -0.1291 -0.0231
vn -0.8026 -0.4762 -0.3591
vn -0.3985 -0.6952 -0.5983
vn 0.1116 -0.7276 -0.6769
vn 0.5795 -0.4752 -0.6621
vn 0.9049 -0.1862 -0.3828
vn 0.9882 0.1534 -0.0003
vn 0.8058 0.4520 0.3826
vn 0.4072 0.6289 0.6623
vn -0.0997 0.6371 0.7643
vn -0.5795 0.4752 0.6621
vn -0.9049 0.1862 0.3828
vn -0.9882 -0.1534 0.0003
vn -0.8058 -0.4520 -0.3826
vn -0.4072 -0.6289 -0.6623
vn 0.0997 -0.6371 -0.7643
vn 0.5618 -0.3752 -0.7373
vn 0.8919 -0.1129 -0.4379
vn 0.9834 0.1802 -0.0205
vn 0.8106 0.4251 0.4028
vn 0.4202 0.5556 0.7175
vn -0.0820 0.5371 0.8395
vn -0.5618 0.3752 0.7373
vn -0.8919 0.1129 0.4379
vn -0.9834 -0.1802 0.0205
vn -0.8106 -0.4251 -0.4028
vn -0.4202 -0.5556 -0.7175
vn 0.0820 -0.5371 -0.8395
vn 0.5386 -0.2674 -0.7990
vn 0.8749 -0.0339 -0.4831
vn 0.9772 0.2091 -0.0371
vn 0.8168 0.3962 0.4193
vn 0.4372 0.4766 0.7627
vn -0.0588 0.4293 0.9012
vn -0.5386 0.2674 0.7990
vn -0.8749 0.0339 0.4831
vn -0.9772 -0.2091 0.0371
vn -0.8168 -0.3962 -0.4193
vn -0.4372 -0.4766 -0.7627
vn 0.0588 -0.4293 -0.9012
vn 0.5103 -0.1537 -0.8462
vn 0.8541 0.0494 -0.5177
vn 0.9696 0.2397 -0.0498
vn 0.8244 0.3656 0.4320
vn 0.4580 0.3933 0.7973
vn -0.0304 0.3156 0.9484
vn -0.5102 0.1537 0.8462
vn -0.8541 -0.0494 0.5177
vn -0.9696 -0.2397 0.0498
vn -0.8244 -0.3656 -0.4320
vn -0.4580 -0.3933 -0.7973
vn 0.0304 -0.3156 -0.9484
vn 0.4773 -0.0359 -0.8780
vn 0.8300 0.1357 -0.5410
vn 0.9607 0.2713 -0.0583
vn 0.8333 0.3340 0.4405
vn 0.4821 0.3070 0.8206
vn 0.0025 0.1978 0.9802
vn -0.4773 0.0359 0.8780
vn -0.8300 -0.1357 0.5410
vn -0.9607 -0.2713 0.0583
vn -0.8333 -0.3340 -0.4405
vn -0.4821 -0.3070 -0.8206
vn -0.0025 -0.1978 -0.9802
vn 0.4403 0.0839 -0.8939
vn 0.8029 0.2235 -0.5527
vn 0.9508 0.3034 -0.0626
vn 0.8432 0.3019 0.4448
vn 0.5092 0.2192 0.8322
vn 0.0395 0.0780 0.9962
vn -0.4403 -0.0839 0.8939
vn -0.8029 -0.2235 0.5527
vn -0.9508 -0.3034 0.0626
vn -0.8432 -0.3019 -0.4448
vn -0.5092 -0.2192 -0.8322
vn -0.0395 -0.0780 -0.9962
vn 0.3998 0.2036 -0.8937
vn 0.7732 0.3112 -0.5525
vn 0.9399 0.3356 -0.0625
vn 0.8541 0.2697 0.4447
vn 0.5389 0.1315 0.8321
vn 0.0800 -0.0417 0.9959
vn -0.3998 -0.2036 0.8937
vn -0.7732 -0.3112 0.5525
vn -0.9399 -0.3356 0.0625
vn -0.8541 -0.2697 -0.4447
vn -0.5389 -0.1315 -0.8321
vn -0.0800 0.0417 -0.9959
vn 0.3566 0.3212 -0.8773
vn 0.7416 0.3974 -0.5405
vn 0.9283 0.3672 -0.0581
vn 0.8657 0.2382 0.4403
vn 0.5705 0.0453 0.8200
vn 0.1232 -0.1593 0.9795
vn -0.3566 -0.3212 0.8773
vn -0.7416 -0.3974 0.5405
vn -0.9283 -0.3672 0.0581
vn -0.8657 -0.2382 -0.4403
vn -0.5705 -0.0453 -0.8200
vn -0.1232 0.1593 -0.9795
vn 0.3115 0.4347 -0.8450
vn 0.7085 0.4806 -0.5168
vn 0.9162 0.3976 -0.0494
vn 0.8778 0.2077 0.4317
vn 0.6036 -0.0379 0.7964
vn 0.1683 -0.2728 0.9472
vn -0.3115 -0.4347 0.8450
vn -0.7085 -0.4806 0.5168
vn -0.9162 -0.3976 0.0494
vn -0.8778 -0.2077 -0.4317
vn -0.6036 0.0379 -0.7964
vn -0.1683 0.2728 -0.9472
vn 0.2651 0.5422 -0.7974
vn 0.6745 0.5593 -0.4819
vn 0.9038 0.4265 -0.0367
vn 0.8903 0.1788 0.4189
vn 0.6376 -0.1166 0.7615
vn 0.2147 -0.3803 0.8996
vn -0.2651 -0.5422 0.7974
vn -0.6745 -0.5593 0.4819
vn -0.9038 -0.4265 0.0367
vn -0.8903 -0.1788 -0.4189
vn -0.6376 0.1166 -0.7615
vn -0.2147 0.3803 -0.8996
vn 0.2182 0.6417 -0.7352
vn 0.6402 0.6323 -0.4364
vn 0.8912 0.4532 -0.0200
vn 0.9028 0.1521 0.4022
vn 0.6719 -0.1896 0.7159
vn 0.2616 -0.4798 0.8375
vn -0.2182 -0.6417 0.7352
vn -0.6402 -0.6323 0.4364
vn -0.8912 -0.4532 0.0200
vn -0.9028 -0.1521 -0.4022
vn -0.6719 0.1896 -0.7159
vn -0.2616 0.4798 -0.8375
vn 0.1718 0.7317 -0.6596
vn 0.6061 0.6982 -0.3810
vn 0.8787 0.4774 0.0003
vn 0.9153 0.1280 0.3819
vn 0.7060 -0.2555 0.6606
vn 0.3080 -0.5698 0.7619
vn -0.1718 -0.7317 0.6596
vn -0.6061 -0.6982 0.3810
vn -0.8787 -0.4774 -0.0003
vn -0.9153 -0.1280 -0.3819
vn -0.7060 0.2555 -0.6606
vn -0.3080 0.5698 -0.7619
vn 0.1265 0.8105 -0.5719
vn 0.5729 0.7560 -0.3167
vn 0.8666 0.4985 0.0239
vn 0.9275 0.1068 0.3584
vn 0.7392 -0.3132 0.5963
vn 0.3533 -0.6486 0.6741
vn -0.1265 -0.8105 0.5719
vn -0.5729 -0.7560 0.3167
vn -0.8666 -0.4985 -0.0239
vn -0.9275 -0.1068 -0.3584
vn -0.7392 0.3132 -0.5963
vn -0.3533 0.6486 -0.6741
vn 0.0831 0.8769 -0.4734
vn 0.5412 0.8046 -0.2446
vn 0.8549 0.5163 0.0503
vn 0.9391 0.0890 0.3319
vn 0.7709 -0.3619 0.5241
vn 0.3967 -0.7150 0.5757
vn -0.0831 -0.8769 0.4734
vn -0.5412 -0.8046 0.2446
vn -0.8549 -0.5163 -0.0503
vn -0.9391 -0.0890 -0.3319
vn -0.7709 0.3619 -0.5241
vn -0.3967 0.7150 -0.5757
vn 0.0424 0.9296 -0.3661
vn 0.5114 0.8432 -0.1659
vn 0.8440 0.5305 0.0791
vn 0.9500 0.0748 0.3031
vn 0.8007 -0.4005 0.4454
vn 0.4374 -0.7677 0.4683
vn -0.0424 -0.9296 0.3661
vn -0.5114 -0.8432 0.1659
vn -0.8440 -0.5305 -0.0791
vn -0.9500 -0.0748 -0.3031
vn -0.8007 0.4005 -0.4454
vn -0.4374 0.7677 -0.4683
vn 0.0051 0.9678 -0.2515
vn 0.4840 0.8712 -0.0820
vn 0.8340 0.5407 0.1099
vn 0.9600 0.0646 0.2724
vn 0.8281 -0.4285 0.3615
vn 0.4747 -0.8059 0.3537
vn -0.0051 -0.9678 0.2515
vn -0.4840 -0.8712 0.0820
vn -0.8340 -0.5407 -0.1099
vn -0.9600 -0.0646 -0.2724
vn -0.8281 0.4285 -0.3615
vn -0.4747 0.8059 -0.3538
vn -0.0281 0.9909 -0.1318
vn 0.4596 0.8881 0.0057
vn 0.8250 0.5469 0.1420
vn 0.9690 0.0584 0.2402
vn 0.8524 -0.4454 0.2738
vn 0.5080 -0.8290 0.2340
vn 0.0281 -0.9909 0.1318
vn -0.4596 -0.8881 -0.0057
vn -0.8250 -0.5469 -0.1420
vn -0.9690 -0.0584 -0.2402
vn -0.8524 0.4454 -0.2738
vn -0.5080 0.8290 -0.2340
vn -0.0568 0.9983 -0.0090
vn 0.4386 0.8936 0.0958
vn 0.8173 0.5489 0.1750
vn 0.9767 0.0564 0.2072
vn 0.8735 -0.4508 0.1838
vn 0.5366 -0.8365 0.1112
vn 0.0568 -0.9983 0.0090
vn -0.4386 -0.8936 -0.0958
vn -0.8173 -0.5489 -0.1750
vn -0.9767 -0.0564 -0.2072
vn -0.8735 0.4508 -0.1838
vn -0.5366 0.8365 -0.1112
vn 0.3942 0.7533 0.5264
vn 0.5102 -0.1537 -0.8462
vn -0.4747 0.8059 -0.3537
vn 0.5079 -0.8290 0.2340
vn 0.4747 -0.8059 0.3538
vn -0.5079 0.8290 -0.2340
vn 0.4386 0.8936 0.0957
vt 0.520833 0.500000
vt 0.500000 0.583333
vt 0.500000 0.500000
vt 0.520833 0.666667
vt 0.500000 0.666667
vt 0.500000 0.750000
vt 0.520833 0.750000
vt 0.500000 0.833333
vt 0.520833 0.833333
vt 0.500000 0.916667
vt 0.520833 1.000000
vt 0.500000 1.000000
vt 0.520833 0.000000
vt 0.500000 0.083333
vt 0.500000 0.000000
vt 0.520833 0.083333
vt 0.500000 0.166667
vt 0.520833 0.166667
vt 0.500000 0.250000
vt 0.520833 0.250000
vt 0.500000 0.333333
vt 0.520833 0.333333
vt 0.500000 0.416667
vt 0.520833 0.416667
vt 0.541667 0.500000
vt 0.520833 0.583333
vt 0.541667 0.583333
vt 0.541667 0.666667
vt 0.541667 0.750000
vt 0.541667 0.916667
vt 0.520833 0.916667
vt 0.541667 0.000000
vt 0.541667 0.083333
vt 0.541667 0.250000
vt 0.541667 0.333333
vt 0.541667 0.416667
vt 0.562500 0.583333
vt 0.562500 0.666667
vt 0.562500 0.833333
vt 0.541667 0.833333
vt 0.562500 0.916667
vt 0.562500 1.000000
vt 0.541667 1.000000
vt 0.562500 0.000000
vt 0.562500 0.083333
vt 0.541667 0.166667
vt 0.562500 0.250000
vt 0.562500 0.333333
vt 0.562500 0.416667
vt 0.562500 0.500000
vt 0.583333 0.583333
vt 0.583333 0.666667
vt 0.583333 0.750000
vt 0.562500 0.750000
vt 0.583333 0.916667
vt 0.583333 0.000000
vt 0.583333 0.083333
vt 0.562500 0.166667
vt 0.583333 0.250000
vt 0.583333 0.333333
vt 0.583333 0.416667
vt 0.604167 0.500000
vt 0.583333 0.500000
vt 0.604167 0.666667
vt 0.604167 0.750000
vt 0.583333 0.833333
vt 0.604167 0.916667
vt 0.583333 1.000000
vt 0.604167 0.000000
vt 0.604167 0.083333
vt 0.583333 0.166667
vt 0.604167 0.166667
vt 0.604167 0.250000
vt 0.604167 0.333333
vt 0.625000 0.500000
vt 0.604167 0.583333
vt 0.625000 0.583333
vt 0.625000 0.666667
vt 0.625000 0.750000
vt 0.604167 0.833333
vt 0.625000 0.833333
vt 0.625000 0.916667
vt 0.604167 1.000000
vt 0.625000 0.083333
vt 0.625000 0.166667
vt 0.625000 0.250000
vt 0.625000 0.416667
vt 0.604167 0.416667
vt 0.645833 0.500000
vt 0.645833 0.666667
vt 0.645833 0.750000
vt 0.645833 0.916667
vt 0.625000 1.000000
vt 0.645833 0.000000
vt 0.625000 0.000000
vt 0.645833 0.083333
vt 0.645833 0.250000
vt 0.645833 0.333333
vt 0.625000 0.333333
vt 0.645833 0.416667
vt 0.666667 0.500000
vt 0.645833 0.583333
vt 0.666667 0.666667
vt 0.666667 0.750000
vt 0.645833 0.833333
vt 0.666667 0.916667
vt 0.645833 1.000000
vt 0.666667 0.000000
vt 0.666667 0.083333
vt 0.645833 0.166667
vt 0.666667 0.166667
vt 0.666667 0.250000
vt 0.666667 0.333333
vt 0.666667 0.416667
vt 0.687500 0.583333
vt 0.666667 0.583333
vt 0.687500 0.666667
vt 0.687500 0.750000
vt 0.666667 0.833333
vt 0.687500 0.833333
vt 0.687500 0.916667
vt 0.666667 1.000000
vt 0.687500 0.000000
vt 0.687500 0.083333
vt 0.687500 0.250000
vt 0.687500 0.333333
vt 0.687500 0.416667
vt 0.708333 0.500000
vt 0.687500 0.500000
vt 0.708333 0.583333
vt 0.708333 0.666667
vt 0.708333 0.750000
vt 0.708333 0.916667
vt 0.687500 1.000000
vt 0.708333 0.000000
vt 0.708333 0.083333
vt 0.687500 0.166667
vt 0.708333 0.166667
vt 0.708333 0.250000
vt 0.708333 0.333333
vt 0.708333 0.416667
vt 0.729167 0.500000
vt 0.729167 0.583333
vt 0.729167 0.750000
vt 0.708333 0.833333
vt 0.729167 0.833333
vt 0.729167 0.916667
vt 0.708333 1.000000
vt 0.729167 0.083333
vt 0.729167 0.250000
vt 0.729167 0.333333
vt 0.729167 0.416667
vt 0.750000 0.500000
vt 0.750000 0.583333
vt 0.729167 0.666667
vt 0.750000 0.666667
vt 0.750000 0.833333
vt 0.750000 0.916667
vt 0.729167 1.000000
vt 0.750000 0.000000
vt 0.729167 0.000000
vt 0.750000 0.083333
vt 0.729167 0.166667
vt 0.750000 0.166667
vt 0.750000 0.250000
vt 0.750000 0.333333
vt 0.770833 0.500000
vt 0.770833 0.583333
vt 0.770833 0.666667
vt 0.750000 0.750000
vt 0.770833 0.750000
vt 0.770833 0.833333
vt 0.770833 0.916667
vt 0.750000 1.000000
vt 0.770833 0.083333
vt 0.770833 0.250000
vt 0.770833 0.333333
vt 0.770833 0.416667
vt 0.750000 0.416667
vt 0.791667 0.500000
vt 0.791667 0.666667
vt 0.791667 0.750000
vt 0.791667 0.833333
vt 0.791667 0.916667
vt 0.770833 1.000000
vt 0.791667 0.000000
vt 0.770833 0.000000
vt 0.791667 0.083333
vt 0.770833 0.166667
vt 0.791667 0.166667
vt 0.791667 0.250000
vt 0.791667 0.333333
vt 0.791667 0.416667
vt 0.812500 0.500000
vt 0.791667 0.583333
vt 0.812500 0.583333
vt 0.812500 0.666667
vt 0.812500 0.833333
vt 0.812500 0.916667
vt 0.791667 1.000000
vt 0.812500 0.000000
vt 0.812500 0.083333
vt 0.812500 0.250000
vt 0.812500 0.416667
vt 0.833333 0.500000
vt 0.833333 0.666667
vt 0.812500 0.750000
vt 0.833333 0.750000
vt 0.833333 0.833333
vt 0.833333 0.916667
vt 0.812500 1.000000
vt 0.833333 0.000000
vt 0.833333 0.083333
vt 0.812500 0.166667
vt 0.833333 0.166667
vt 0.833333 0.250000
vt 0.812500 0.333333
vt 0.833333 0.333333
vt 0.833333 0.416667
vt 0.854167 0.500000
vt 0.833333 0.583333
vt 0.854167 0.583333
vt 0.854167 0.666667
vt 0.854167 0.750000
vt 0.854167 0.833333
vt 0.854167 1.000000
vt 0.833333 1.000000
vt 0.854167 0.000000
vt 0.854167 0.166667
vt 0.854167 0.250000
vt 0.854167 0.333333
vt 0.854167 0.416667
vt 0.875000 0.500000
vt 0.875000 0.583333
vt 0.875000 0.750000
vt 0.875000 0.833333
vt 0.854167 0.916667
vt 0.875000 0.916667
vt 0.875000 0.000000
vt 0.854167 0.083333
vt 0.875000 0.166667
vt 0.875000 0.250000
vt 0.875000 0.333333
vt 0.875000 0.416667
vt 0.895833 0.500000
vt 0.895833 0.583333
vt 0.875000 0.666667
vt 0.895833 0.666667
vt 0.895833 0.833333
vt 0.895833 0.916667
vt 0.875000 1.000000
vt 0.895833 0.000000
vt 0.875000 0.083333
vt 0.895833 0.166667
vt 0.895833 0.250000
vt 0.895833 0.416667
vt 0.916667 0.583333
vt 0.916667 0.750000
vt 0.895833 0.750000
vt 0.916667 0.833333
vt 0.916667 0.916667
vt 0.895833 1.000000
vt 0.916667 0.000000
vt 0.895833 0.083333
vt 0.916667 0.083333
vt 0.916667 0.250000
vt 0.895833 0.333333
vt 0.916667 0.333333
vt 0.916667 0.416667
vt 0.937500 0.500000
vt 0.916667 0.500000
vt 0.937500 0.583333
vt 0.916667 0.666667
vt 0.937500 0.666667
vt 0.937500 0.833333
vt 0.937500 0.916667
vt 0.916667 1.000000
vt 0.937500 0.083333
vt 0.916667 0.166667
vt 0.937500 0.166667
vt 0.937500 0.250000
vt 0.937500 0.416667
vt 0.958333 0.583333
vt 0.958333 0.666667
vt 0.937500 0.750000
vt 0.958333 0.833333
vt 0.958333 0.916667
vt 0.937500 1.000000
vt 0.958333 0.000000
vt 0.937500 0.000000
vt 0.958333 0.083333
vt 0.958333 0.166667
vt 0.958333 0.333333
vt 0.937500 0.333333
vt 0.958333 0.416667
vt 0.979167 0.500000
vt 0.958333 0.500000
vt 0.979167 0.583333
vt 0.979167 0.666667
vt 0.958333 0.750000
vt 0.979167 0.750000
vt 0.979167 0.833333
vt 0.979167 0.916667
vt 0.958333 1.000000
vt 0.979167 0.000000
vt 0.979167 0.166667
vt 0.979167 0.250000
vt 0.958333 0.250000
vt 0.979167 0.333333
vt 0.979167 0.416667
vt 1.000000 0.583333
vt 1.000000 0.666667
vt 1.000000 0.750000
vt 1.000000 0.833333
vt 1.000000 0.916667
vt 0.979167 1.000000
vt 1.000000 0.000000
vt 0.979167 0.083333
vt 1.000000 0.166667
vt 1.000000 0.250000
vt 1.000000 0.333333
vt 1.000000 0.416667
vt 0.020833 0.500000
vt 0.000000 0.583333
vt 0.000000 0.500000
vt 0.020833 0.583333
vt 0.000000 0.666667
vt 0.020833 0.666667
vt 0.000000 0.750000
vt 0.020833 0.750000
vt 0.000000 0.833333
vt 0.020833 0.833333
vt 0.000000 0.916667
vt 0.020833 0.916667
vt 0.000000 1.000000
vt 0.000000 0.000000
vt 0.020833 0.083333
vt 0.000000 0.083333
vt 0.000000 0.166667
vt 0.020833 0.250000
vt 0.000000 0.250000
vt 0.020833 0.333333
vt 0.000000 0.333333
vt 0.020833 0.416667
vt 0.000000 0.416667
vt 0.041667 0.583333
vt 0.041667 0.666667
vt 0.041667 0.750000
vt 0.041667 0.833333
vt 0.041667 0.916667
vt 0.020833 1.000000
vt 0.041667 0.000000
vt 0.020833 0.000000
vt 0.041667 0.083333
vt 0.020833 0.166667
vt 0.041667 0.166667
vt 0.041667 0.250000
vt 0.041667 0.333333
vt 0.041667 0.500000
vt 0.062500 0.500000
vt 0.062500 0.583333
vt 0.062500 0.750000
vt 0.062500 0.833333
vt 0.062500 0.916667
vt 0.041667 1.000000
vt 0.062500 0.000000
vt 0.062500 0.166667
vt 0.062500 0.250000
vt 0.062500 0.416667
vt 0.041667 0.416667
vt 0.083333 0.500000
vt 0.083333 0.583333
vt 0.062500 0.666667
vt 0.083333 0.666667
vt 0.083333 0.750000
vt 0.083333 0.833333
vt 0.083333 1.000000
vt 0.062500 1.000000
vt 0.083333 0.000000
vt 0.062500 0.083333
vt 0.083333 0.083333
vt 0.083333 0.166667
vt 0.083333 0.333333
vt 0.062500 0.333333
vt 0.083333 0.416667
vt 0.104167 0.500000
vt 0.104167 0.583333
vt 0.104167 0.666667
vt 0.104167 0.833333
vt 0.083333 0.916667
vt 0.104167 0.916667
vt 0.104167 0.000000
vt 0.104167 0.166667
vt 0.083333 0.250000
vt 0.104167 0.250000
vt 0.104167 0.416667
vt 0.125000 0.500000
vt 0.125000 0.666667
vt 0.104167 0.750000
vt 0.125000 0.750000
vt 0.125000 0.833333
vt 0.125000 0.916667
vt 0.104167 1.000000
vt 0.125000 0.000000
vt 0.104167 0.083333
vt 0.125000 0.083333
vt 0.125000 0.250000
vt 0.104167 0.333333
vt 0.125000 0.333333
vt 0.125000 0.416667
vt 0.145833 0.583333
vt 0.125000 0.583333
vt 0.145833 0.666667
vt 0.145833 0.833333
vt 0.145833 0.916667
vt 0.125000 1.000000
vt 0.145833 0.000000
vt 0.145833 0.083333
vt 0.125000 0.166667
vt 0.145833 0.166667
vt 0.145833 0.250000
vt 0.145833 0.333333
vt 0.145833 0.416667
vt 0.145833 0.500000
vt 0.166667 0.583333
vt 0.166667 0.666667
vt 0.145833 0.750000
vt 0.166667 0.750000
vt 0.166667 0.916667
vt 0.145833 1.000000
vt 0.166667 0.000000
vt 0.166667 0.083333
vt 0.166667 0.166667
vt 0.166667 0.333333
vt 0.166667 0.416667
vt 0.187500 0.500000
vt 0.166667 0.500000
vt 0.187500 0.583333
vt 0.187500 0.666667
vt 0.187500 0.750000
vt 0.166667 0.833333
vt 0.187500 0.833333
vt 0.187500 0.916667
vt 0.166667 1.000000
vt 0.187500 0.000000
vt 0.187500 0.083333
vt 0.187500 0.250000
vt 0.166667 0.250000
vt 0.187500 0.416667
vt 0.208333 0.500000
vt 0.208333 0.583333
vt 0.208333 0.666667
vt 0.208333 0.750000
vt 0.208333 0.916667
vt 0.187500 1.000000
vt 0.208333 0.000000
vt 0.208333 0.083333
vt 0.187500 0.166667
vt 0.208333 0.166667
vt 0.208333 0.250000
vt 0.187500 0.333333
vt 0.208333 0.416667
vt 0.229167 0.500000
vt 0.229167 0.666667
vt 0.229167 0.750000
vt 0.208333 0.833333
vt 0.229167 0.916667
vt 0.208333 1.000000
vt 0.229167 0.000000
vt 0.229167 0.083333
vt 0.229167 0.250000
vt 0.208333 0.333333
vt 0.229167 0.333333
vt 0.229167 0.416667
vt 0.250000 0.500000
vt 0.229167 0.583333
vt 0.250000 0.583333
vt 0.250000 0.750000
vt 0.250000 0.833333
vt 0.229167 0.833333
vt 0.250000 1.000000
vt 0.229167 1.000000
vt 0.250000 0.000000
vt 0.250000 0.083333
vt 0.229167 0.166667
vt 0.250000 0.166667
vt 0.250000 0.250000
vt 0.250000 0.333333
vt 0.250000 0.416667
vt 0.270833 0.583333
vt 0.250000 0.666667
vt 0.270833 0.666667
vt 0.270833 0.750000
vt 0.270833 0.833333
vt 0.250000 0.916667
vt 0.270833 0.916667
vt 0.270833 0.000000
vt 0.270833 0.166667
vt 0.270833 0.250000
vt 0.270833 0.333333
vt 0.270833 0.416667
vt 0.291667 0.500000
vt 0.270833 0.500000
vt 0.291667 0.583333
vt 0.291667 0.666667
vt 0.291667 0.750000
vt 0.291667 0.833333
vt 0.291667 1.000000
vt 0.270833 1.000000
vt 0.291667 0.000000
vt 0.270833 0.083333
vt 0.291667 0.083333
vt 0.291667 0.250000
vt 0.291667 0.333333
vt 0.291667 0.416667
vt 0.312500 0.500000
vt 0.312500 0.583333
vt 0.312500 0.666667
vt 0.312500 0.750000
vt 0.312500 0.833333
vt 0.291667 0.916667
vt 0.312500 0.916667
vt 0.312500 0.000000
vt 0.312500 0.083333
vt 0.291667 0.166667
vt 0.312500 0.166667
vt 0.312500 0.333333
vt 0.312500 0.416667
vt 0.333333 0.500000
vt 0.333333 0.583333
vt 0.333333 0.750000
vt 0.333333 0.833333
vt 0.333333 0.916667
vt 0.312500 1.000000
vt 0.333333 0.000000
vt 0.333333 0.083333
vt 0.333333 0.166667
vt 0.312500 0.250000
vt 0.333333 0.250000
vt 0.333333 0.333333
vt 0.354167 0.583333
vt 0.333333 0.666667
vt 0.354167 0.666667
vt 0.354167 0.750000
vt 0.354167 0.833333
vt 0.354167 0.916667
vt 0.333333 1.000000
vt 0.354167 0.000000
vt 0.354167 0.083333
vt 0.354167 0.166667
vt 0.354167 0.250000
vt 0.354167 0.416667
vt 0.333333 0.416667
vt 0.354167 0.500000
vt 0.375000 0.583333
vt 0.375000 0.750000
vt 0.375000 0.833333
vt 0.375000 0.916667
vt 0.354167 1.000000
vt 0.375000 0.000000
vt 0.375000 0.083333
vt 0.375000 0.166667
vt 0.375000 0.250000
vt 0.354167 0.333333
vt 0.375000 0.416667
vt 0.375000 0.500000
vt 0.395833 0.583333
vt 0.375000 0.666667
vt 0.395833 0.750000
vt 0.395833 0.833333
vt 0.395833 0.916667
vt 0.375000 1.000000
vt 0.395833 0.000000
vt 0.395833 0.166667
vt 0.395833 0.250000
vt 0.375000 0.333333
vt 0.395833 0.333333
vt 0.395833 0.416667
vt 0.416667 0.500000
vt 0.395833 0.500000
vt 0.416667 0.583333
vt 0.395833 0.666667
vt 0.416667 0.666667
vt 0.416667 0.750000
vt 0.416667 0.833333
vt 0.416667 0.916667
vt 0.395833 1.000000
vt 0.416667 0.000000
vt 0.395833 0.083333
vt 0.416667 0.166667
vt 0.416667 0.250000
vt 0.416667 0.416667
vt 0.437500 0.500000
vt 0.437500 0.583333
vt 0.437500 0.750000
vt 0.437500 0.833333
vt 0.437500 0.916667
vt 0.416667 1.000000
vt 0.437500 0.000000
vt 0.416667 0.083333
vt 0.437500 0.083333
vt 0.437500 0.166667
vt 0.437500 0.250000
vt 0.416667 0.333333
vt 0.437500 0.333333
vt 0.437500 0.416667
vt 0.458333 0.500000
vt 0.458333 0.583333
vt 0.437500 0.666667
vt 0.458333 0.666667
vt 0.458333 0.750000
vt 0.458333 0.833333
vt 0.458333 0.916667
vt 0.437500 1.000000
vt 0.458333 0.000000
vt 0.458333 0.166667
vt 0.458333 0.250000
vt 0.458333 0.333333
vt 0.458333 0.416667
vt 0.479167 0.583333
vt 0.479167 0.666667
vt 0.479167 0.750000
vt 0.479167 0.833333
vt 0.479167 1.000000
vt 0.458333 1.000000
vt 0.479167 0.000000
vt 0.458333 0.083333
vt 0.479167 0.083333
vt 0.479167 0.250000
vt 0.479167 0.333333
vt 0.479167 0.416667
vt 0.479167 0.500000
vt 0.479167 0.916667
vt 0.479167 0.166667
vt 1.000000 0.500000
vt 1.000000 1.000000
vt 1.000000 0.083333
s 0
f 1492/1743/1624 1481/1744/1624 1480/1745/1624
f 1481/1744/1625 1494/1746/1625 1482/1747/1625
f 1494/1746/1626 1483/1748/1626 1482/1747/1626
f 1495/1749/1627 1484/1750/1627 1483/1748/1627
f 1496/1751/1628 1485/1752/1628 1484/1750/1628
f 1485/1752/1629 1498/1753/1629 1486/1754/1629
f 1498/1755/1630 1487/1756/1630 1486/1757/1630
f 1499/1758/1631 1488/1759/1631 1487/1756/1631
f 1500/1760/1632 1489/1761/1632 1488/1759/1632
f 1501/1762/1633 1490/1763/1633 1489/1761/1633
f 1502/1764/1634 1491/1765/1634 1490/1763/1634
f 1503/1766/1635 1480/1745/1635 1491/1765/1635
f 1504/1767/1636 1493/1768/1636 1492/1743/1636
f 1505/1769/1637 1494/1746/1637 1493/1768/1637
f 1506/1770/1638 1495/1749/1638 1494/1746/1638
f 1507/1771/1639 1496/1751/1639 1495/1749/1639
f 1496/1751/1640 1509/1772/1640 1497/1773/1640
f 1509/1772/1641 1498/1753/1641 1497/1773/1641
f 1510/1774/1642 1499/1758/1642 1498/1755/1642
f 1511/1775/1643 1500/1760/1643 1499/1758/1643
f 1500/1760/1644 1513/1776/1644 1501/1762/1644
f 1501/1762/1645 1514/1777/1645 1502/1764/1645
f 1502/1764/1646 1515/1778/1646 1503/1766/1646
f 1515/1778/1647 1492/1743/1647 1503/1766/1647
f 1504/1767/1648 1517/1779/1648 1505/1769/1648
f 1517/1779/1649 1506/1770/1649 1505/1769/1649
f 1518/1780/1650 1507/1771/1650 1506/1770/1650
f 1507/1771/1651 1520/1781/1651 1508/1782/1651
f 1508/1782/1652 1521/1783/1652 1509/1772/1652
f 1509/1772/1653 1522/1784/1653 1510/1785/1653
f 1522/1786/1654 1511/1775/1654 1510/1774/1654
f 1523/1787/1655 1512/1788/1655 1511/1775/1655
f 1512/1788/1656 1525/1789/1656 1513/1776/1656
f 1513/1776/1657 1526/1790/1657 1514/1777/1657
f 1514/1777/1658 1527/1791/1658 1515/1778/1658
f 1527/1791/1659 1504/1767/1659 1515/1778/1659
f 1516/1792/1660 1529/1793/1660 1517/1779/1660
f 1517/1779/1661 1530/1794/1661 1518/1780/1661
f 1518/1780/1662 1531/1795/1662 1519/1796/1662
f 1531/1795/1663 1520/1781/1663 1519/1796/1663
f 1520/1781/1664 1533/1797/1664 1521/1783/1664
f 1533/1797/1665 1522/1784/1665 1521/1783/1665
f 1534/1798/1666 1523/1787/1666 1522/1786/1666
f 1535/1799/1667 1524/1800/1667 1523/1787/1667
f 1524/1800/1668 1537/1801/1668 1525/1789/1668
f 1537/1801/1669 1526/1790/1669 1525/1789/1669
f 1538/1802/1670 1527/1791/1670 1526/1790/1670
f 1539/1803/1671 1516/1792/1671 1527/1791/1671
f 1540/1804/1672 1529/1793/1672 1528/1805/1672
f 1529/1793/1673 1542/1806/1673 1530/1794/1673
f 1542/1806/1674 1531/1795/1674 1530/1794/1674
f 1543/1807/1675 1532/1808/1675 1531/1795/1675
f 1532/1808/1676 1545/1809/1676 1533/1797/1676
f 1545/1809/1677 1534/1810/1677 1533/1797/1677
f 1546/1811/1678 1535/1799/1678 1534/1798/1678
f 1547/1812/1679 1536/1813/1679 1535/1799/1679
f 1548/1814/1680 1537/1801/1680 1536/1813/1680
f 1549/1815/1681 1538/1802/1681 1537/1801/1681
f 1550/1816/1682 1539/1803/1682 1538/1802/1682
f 1539/1803/1683 1540/1804/1683 1528/1805/1683
f 1552/1817/1684 1541/1818/1684 1540/1804/1684
f 1553/1819/1685 1542/1806/1685 1541/1818/1685
f 1554/1820/1686 1543/1807/1686 1542/1806/1686
f 1555/1821/1687 1544/1822/1687 1543/1807/1687
f 1556/1823/1688 1545/1809/1688 1544/1822/1688
f 1557/1824/1689 1546/1825/1689 1545/1809/1689
f 1546/1811/1690 1559/1826/1690 1547/1812/1690
f 1559/1826/1691 1548/1814/1691 1547/1812/1691
f 1560/1827/1692 1549/1815/1692 1548/1814/1692
f 1561/1828/1693 1550/1816/1693 1549/1815/1693
f 1550/1816/1694 1563/1829/1694 1551/1830/1694
f 1563/1829/1695 1540/1804/1695 1551/1830/1695
f 1564/1831/1696 1553/1819/1696 1552/1817/1696
f 1553/1819/1697 1566/1832/1697 1554/1820/1697
f 1566/1832/1698 1555/1821/1698 1554/1820/1698
f 1567/1833/1699 1556/1823/1699 1555/1821/1699
f 1556/1823/1700 1569/1834/1700 1557/1824/1700
f 1569/1834/1701 1558/1835/1701 1557/1824/1701
f 1570/1836/1702 1559/1826/1702 1558/1837/1702
f 1571/1838/1703 1560/1827/1703 1559/1826/1703
f 1560/1827/1704 1573/1839/1704 1561/1828/1704
f 1561/1828/1705 1574/1840/1705 1562/1841/1705
f 1574/1840/1706 1563/1829/1706 1562/1841/1706
f 1575/1842/1707 1552/1817/1707 1563/1829/1707
f 1576/1843/1708 1565/1844/1708 1564/1831/1708
f 1565/1844/1709 1578/1845/1709 1566/1832/1709
f 1566/1832/1710 1579/1846/1710 1567/1833/1710
f 1579/1846/1711 1568/1847/1711 1567/1833/1711
f 1568/1847/1712 1581/1848/1712 1569/1834/1712
f 1581/1848/1713 1570/1849/1713 1569/1834/1713
f 1582/1850/1714 1571/1838/1714 1570/1836/1714
f 1583/1851/1715 1572/1852/1715 1571/1838/1715
f 1584/1853/1716 1573/1839/1716 1572/1852/1716
f 1585/1854/1717 1574/1840/1717 1573/1839/1717
f 1586/1855/1718 1575/1842/1718 1574/1840/1718
f 1587/1856/1719 1564/1831/1719 1575/1842/1719
f 1576/1843/1720 1589/1857/1720 1577/1858/1720
f 1589/1857/1721 1578/1845/1721 1577/1858/1721
f 1590/1859/1722 1579/1846/1722 1578/1845/1722
f 1591/1860/1723 1580/1861/1723 1579/1846/1723
f 1592/1862/1724 1581/1848/1724 1580/1861/1724
f 1593/1863/1725 1582/1864/1725 1581/1848/1725
f 1594/1865/1726 1583/1851/1726 1582/1850/1726
f 1595/1866/1727 1584/1853/1727 1583/1851/1727
f 1584/1853/1728 1597/1867/1728 1585/1854/1728
f 1585/1854/1729 1598/1868/1729 1586/1855/1729
f 1598/1868/1730 1587/1856/1730 1586/1855/1730
f 1599/1869/1731 1576/1843/1731 1587/1856/1731
f 1600/1870/1732 1589/1857/1732 1588/1871/1732
f 1601/1872/1733 1590/1859/1733 1589/1857/1733
f 1602/1873/1734 1591/1860/1734 1590/1859/1734
f 1603/1874/1735 1592/1862/1735 1591/1860/1735
f 1592/1862/1736 1605/1875/1736 1593/1863/1736
f 1605/1875/1737 1594/1876/1737 1593/1863/1737
f 1606/1877/1738 1595/1866/1738 1594/1865/1738
f 1607/1878/1739 1596/1879/1739 1595/1866/1739
f 1608/1880/1740 1597/1867/1740 1596/1879/1740
f 1609/1881/1741 1598/1868/1741 1597/1867/1741
f 1610/1882/1742 1599/1869/1742 1598/1868/1742
f 1611/1883/1743 1588/1871/1743 1599/1869/1743
f 1612/1884/1744 1601/1872/1744 1600/1870/1744
f 1613/1885/1745 1602/1873/1745 1601/1872/1745
f 1602/1873/1746 1615/1886/1746 1603/1874/1746
f 1615/1886/1747 1604/1887/1747 1603/1874/1747
f 1616/1888/1748 1605/1875/1748 1604/1887/1748
f 1617/1889/1749 1606/1890/1749 1605/1875/1749
f 1606/1877/1750 1619/1891/1750 1607/1878/1750
f 1619/1891/1751 1608/1880/1751 1607/1878/1751
f 1608/1880/1752 1621/1892/1752 1609/1881/1752
f 1621/1892/1753 1610/1882/1753 1609/1881/1753
f 1622/1893/1754 1611/1883/1754 1610/1882/1754
f 1623/1894/1755 1600/1870/1755 1611/1883/1755
f 1624/1895/1756 1613/1885/1756 1612/1884/1756
f 1625/1896/1757 1614/1897/1757 1613/1885/1757
f 1626/1898/1758 1615/1886/1758 1614/1897/1758
f 1615/1886/1759 1628/1899/1759 1616/1888/1759
f 1616/1888/1760 1629/1900/1760 1617/1889/1760
f 1629/1900/1761 1618/1901/1761 1617/1889/1761
f 1630/1902/1762 1619/1891/1762 1618/1903/1762
f 1631/1904/1763 1620/1905/1763 1619/1891/1763
f 1632/1906/1764 1621/1892/1764 1620/1905/1764
f 1633/1907/1765 1622/1893/1765 1621/1892/1765
f 1634/1908/1766 1623/1894/1766 1622/1893/1766
f 1623/1894/1767 1624/1895/1767 1612/1884/1767
f 1636/1909/1768 1625/1896/1768 1624/1895/1768
f 1637/1910/1769 1626/1898/1769 1625/1896/1769
f 1638/1911/1770 1627/1912/1770 1626/1898/1770
f 1639/1913/1771 1628/1899/1771 1627/1912/1771
f 1640/1914/1772 1629/1900/1772 1628/1899/1772
f 1641/1915/1773 1630/1916/1773 1629/1900/1773
f 1630/1902/1774 1643/1917/1774 1631/1904/1774
f 1643/1917/1775 1632/1906/1775 1631/1904/1775
f 1632/1906/1776 1645/1918/1776 1633/1907/1776
f 1633/1907/1777 1646/1919/1777 1634/1908/1777
f 1634/1908/1778 1647/1920/1778 1635/1921/1778
f 1635/1921/1779 1636/1909/1779 1624/1895/1779
f 1648/1922/1780 1637/1910/1780 1636/1909/1780
f 1637/1910/1781 1650/1923/1781 1638/1911/1781
f 1638/1911/1782 1651/1924/1782 1639/1913/1782
f 1651/1924/1783 1640/1914/1783 1639/1913/1783
f 1652/1925/1784 1641/1915/1784 1640/1914/1784
f 1653/1926/1785 1642/1927/1785 1641/1915/1785
f 1654/1928/1786 1643/1917/1786 1642/1929/1786
f 1655/1930/1787 1644/1931/1787 1643/1917/1787
f 1656/1932/1788 1645/1918/1788 1644/1931/1788
f 1657/1933/1789 1646/1919/1789 1645/1918/1789
f 1658/1934/1790 1647/1920/1790 1646/1919/1790
f 1659/1935/1791 1636/1909/1791 1647/1920/1791
f 1660/1936/1792 1649/1937/1792 1648/1922/1792
f 1661/1938/1793 1650/1923/1793 1649/1937/1793
f 1662/1939/1794 1651/1924/1794 1650/1923/1794
f 1651/1924/1795 1664/1940/1795 1652/1925/1795
f 1664/1940/1796 1653/1926/1796 1652/1925/1796
f 1665/1941/1797 1654/1942/1797 1653/1926/1797
f 1666/1943/1798 1655/1930/1798 1654/1928/1798
f 1667/1944/1799 1656/1932/1799 1655/1930/1799
f 1656/1932/1800 1669/1945/1800 1657/1933/1800
f 1669/1945/1801 1658/1934/1801 1657/1933/1801
f 1658/1934/1802 1671/1946/1802 1659/1935/1802
f 1671/1946/1803 1648/1922/1803 1659/1935/1803
f 1672/1947/1804 1661/1938/1804 1660/1936/1804
f 1661/1938/1805 1674/1948/1805 1662/1939/1805
f 1674/1948/1806 1663/1949/1806 1662/1939/1806
f 1675/1950/1807 1664/1940/1807 1663/1949/1807
f 1676/1951/1808 1665/1941/1808 1664/1940/1808
f 1677/1952/1809 1666/1953/1809 1665/1941/1809
f 1678/1954/1810 1667/1944/1810 1666/1943/1810
f 1679/1955/1811 1668/1956/1811 1667/1944/1811
f 1680/1957/1812 1669/1945/1812 1668/1956/1812
f 1681/1958/1813 1670/1959/1813 1669/1945/1813
f 1682/1960/1814 1671/1946/1814 1670/1959/1814
f 1683/1961/1815 1660/1936/1815 1671/1946/1815
f 1684/1962/1816 1673/1963/1816 1672/1947/1816
f 1685/1964/1817 1674/1948/1817 1673/1963/1817
f 1686/1965/1818 1675/1950/1818 1674/1948/1818
f 1687/1966/1819 1676/1951/1819 1675/1950/1819
f 1688/1967/1820 1677/1952/1820 1676/1951/1820
f 1677/1952/1821 1690/1968/1821 1678/1969/1821
f 1690/1970/1822 1679/1955/1822 1678/1954/1822
f 1679/1955/1823 1692/1971/1823 1680/1957/1823
f 1680/1957/1824 1693/1972/1824 1681/1958/1824
f 1681/1958/1825 1694/1973/1825 1682/1960/1825
f 1682/1960/1826 1695/1974/1826 1683/1961/1826
f 1695/1974/1827 1672/1947/1827 1683/1961/1827
f 1696/1975/1828 1685/1964/1828 1684/1962/1828
f 1697/1976/1829 1686/1965/1829 1685/1964/1829
f 1686/1965/1830 1699/1977/1830 1687/1966/1830
f 1699/1977/1831 1688/1967/1831 1687/1966/1831
f 1700/1978/1832 1689/1979/1832 1688/1967/1832
f 1701/1980/1833 1690/1968/1833 1689/1979/1833
f 1702/1981/1834 1691/1982/1834 1690/1970/1834
f 1691/1982/1835 1704/1983/1835 1692/1971/1835
f 1704/1983/1836 1693/1972/1836 1692/1971/1836
f 1705/1984/1837 1694/1973/1837 1693/1972/1837
f 1706/1985/1838 1695/1974/1838 1694/1973/1838
f 1707/1986/1839 1684/1962/1839 1695/1974/1839
f 1708/1987/1840 1697/1976/1840 1696/1975/1840
f 1709/1988/1841 1698/1989/1841 1697/1976/1841
f 1710/1990/1842 1699/1977/1842 1698/1989/1842
f 1699/1977/1843 1712/1991/1843 1700/1978/1843
f 1712/1991/1844 1701/1980/1844 1700/1978/1844
f 1713/1992/1845 1702/1993/1845 1701/1980/1845
f 1714/1994/1846 1703/1995/1846 1702/1981/1846
f 1703/1995/1847 1716/1996/1847 1704/1983/1847
f 1716/1996/1848 1705/1984/1848 1704/1983/1848
f 1717/1997/1849 1706/1985/1849 1705/1984/1849
f 1706/1985/1850 1719/1998/1850 1707/1986/1850
f 1719/1998/1851 1696/1975/1851 1707/1986/1851
f 1708/1987/1852 1721/1999/1852 1709/1988/1852
f 1721/1999/1853 1710/1990/1853 1709/1988/1853
f 1710/1990/1854 1723/2000/1854 1711/2001/1854
f 1723/2000/1855 1712/1991/1855 1711/2001/1855
f 1724/2002/1856 1713/1992/1856 1712/1991/1856
f 1725/2003/1857 1714/2004/1857 1713/1992/1857
f 1726/2005/1858 1715/2006/1858 1714/1994/1858
f 1727/2007/1859 1716/1996/1859 1715/2006/1859
f 1716/1996/1860 1729/2008/1860 1717/1997/1860
f 1729/2008/1861 1718/2009/1861 1717/1997/1861
f 1730/2010/1862 1719/1998/1862 1718/2009/1862
f 1731/2011/1863 1708/1987/1863 1719/1998/1863
f 1732/2012/1864 1721/1999/1864 1720/2013/1864
f 1733/2014/1865 1722/2015/1865 1721/1999/1865
f 1734/2016/1866 1723/2000/1866 1722/2015/1866
f 1723/2000/1867 1736/2017/1867 1724/2002/1867
f 1736/2017/1868 1725/2003/1868 1724/2002/1868
f 1737/2018/1869 1726/2019/1869 1725/2003/1869
f 1726/2005/1870 1739/2020/1870 1727/2007/1870
f 1739/2020/1871 1728/2021/1871 1727/2007/1871
f 1740/2022/1872 1729/2008/1872 1728/2021/1872
f 1741/2023/1873 1730/2010/1873 1729/2008/1873
f 1730/2010/1874 1743/2024/1874 1731/2011/1874
f 1743/2024/1875 1720/2013/1875 1731/2011/1875
f 1732/2012/1876 1745/2025/1876 1733/2014/1876
f 1745/2025/1877 1734/2016/1877 1733/2014/1877
f 1746/2026/1878 1735/2027/1878 1734/2016/1878
f 1735/2027/1879 1748/2028/1879 1736/2017/1879
f 1748/2028/1880 1737/2018/1880 1736/2017/1880
f 1749/2029/1881 1738/2030/1881 1737/2018/1881
f 1750/2031/1882 1739/2020/1882 1738/2032/1882
f 1751/2033/1883 1740/2022/1883 1739/2020/1883
f 1752/2034/1884 1741/2023/1884 1740/2022/1884
f 1741/2023/1885 1754/2035/1885 1742/2036/1885
f 1754/2035/1886 1743/2024/1886 1742/2036/1886
f 1755/2037/1887 1732/2012/1887 1743/2024/1887
f 1756/2038/1888 1745/2025/1888 1744/2039/1888
f 1757/2040/1889 1746/2026/1889 1745/2025/1889
f 1758/2041/1890 1747/2042/1890 1746/2026/1890
f 1759/2043/1891 1748/2028/1891 1747/2042/1891
f 1760/2044/1892 1749/2029/1892 1748/2028/1892
f 1761/2045/1893 1750/2046/1893 1749/2029/1893
f 1762/2047/1894 1751/2033/1894 1750/2031/1894
f 1751/2033/1895 1764/2048/1895 1752/2034/1895
f 1752/2034/1896 1765/2049/1896 1753/2050/1896
f 1753/2050/1897 1766/2051/1897 1754/2035/1897
f 1754/2035/1898 1767/2052/1898 1755/2037/1898
f 1755/2037/1899 1756/2038/1899 1744/2039/1899
f 1756/2038/1900 1769/2053/1900 1757/2040/1900
f 1769/2053/1901 1758/2041/1901 1757/2040/1901
f 1770/2054/1902 1759/2043/1902 1758/2041/1902
f 1771/2055/1903 1760/2044/1903 1759/2043/1903
f 1772/2056/1904 1761/2045/1904 1760/2044/1904
f 1773/2057/1905 1762/2058/1905 1761/2045/1905
f 1774/2059/1906 1763/2060/1906 1762/2047/1906
f 1763/2060/1907 1776/2061/1907 1764/2048/1907
f 1776/2061/1908 1765/2049/1908 1764/2048/1908
f 1777/2062/1909 1766/2051/1909 1765/2049/1909
f 1778/2063/1910 1767/2052/1910 1766/2051/1910
f 1779/2064/1911 1756/2038/1911 1767/2052/1911
f 1780/2065/1629 1769/2066/1629 1768/2067/1629
f 1781/2068/1628 1770/2069/1628 1769/2066/1628
f 1782/2070/1627 1771/2071/1627 1770/2069/1627
f 1783/2072/1626 1772/2073/1626 1771/2071/1626
f 1784/2074/1625 1773/2075/1625 1772/2073/1625
f 1785/2076/1624 1774/2077/1624 1773/2075/1624
f 1774/2078/1635 1787/2079/1635 1775/2080/1635
f 1787/2079/1634 1776/2081/1634 1775/2080/1634
f 1776/2081/1633 1789/2082/1633 1777/2083/1633
f 1777/2083/1632 1790/2084/1632 1778/2085/1632
f 1778/2085/1631 1791/2086/1631 1779/2087/1631
f 1779/2087/1630 1780/2065/1630 1768/2067/1630
f 1780/2065/1641 1793/2088/1641 1781/2068/1641
f 1781/2068/1640 1794/2089/1640 1782/2070/1640
f 1782/2070/1639 1795/2090/1639 1783/2072/1639
f 1783/2072/1638 1796/2091/1638 1784/2074/1638
f 1784/2074/1637 1797/2092/1637 1785/2076/1637
f 1797/2092/1636 1786/2093/1636 1785/2076/1636
f 1798/2094/1647 1787/2079/1647 1786/2095/1647
f 1799/2096/1646 1788/2097/1646 1787/2079/1646
f 1800/2098/1645 1789/2082/1645 1788/2097/1645
f 1801/2099/1644 1790/2084/1644 1789/2082/1644
f 1802/2100/1643 1791/2086/1643 1790/2084/1643
f 1791/2086/1642 1792/2101/1642 1780/2065/1642
f 1804/2102/1653 1793/2088/1653 1792/2101/1653
f 1805/2103/1652 1794/2089/1652 1793/2088/1652
f 1794/2089/1651 1807/2104/1651 1795/2090/1651
f 1807/2104/1650 1796/2091/1650 1795/2090/1650
f 1808/2105/1649 1797/2092/1649 1796/2091/1649
f 1809/2106/1648 1798/2107/1648 1797/2092/1648
f 1810/2108/1659 1799/2096/1659 1798/2094/1659
f 1799/2096/1658 1812/2109/1658 1800/2098/1658
f 1812/2109/1657 1801/2099/1657 1800/2098/1657
f 1813/2110/1656 1802/2100/1656 1801/2099/1656
f 1802/2100/1655 1815/2111/1655 1803/2112/1655
f 1803/2112/1654 1804/2102/1654 1792/2101/1654
f 1816/2113/1665 1805/2103/1665 1804/2102/1665
f 1817/2114/1664 1806/2115/1664 1805/2103/1664
f 1818/2116/1663 1807/2104/1663 1806/2115/1663
f 1819/2117/1662 1808/2105/1662 1807/2104/1662
f 1820/2118/1661 1809/2106/1661 1808/2105/1661
f 1809/2106/1660 1822/2119/1660 1810/2120/1660
f 1822/2121/1671 1811/2122/1671 1810/2108/1671
f 1823/2123/1670 1812/2109/1670 1811/2122/1670
f 1824/2124/1669 1813/2110/1669 1812/2109/1669
f 1813/2110/1668 1826/2125/1668 1814/2126/1668
f 1814/2126/1667 1827/2127/1667 1815/2111/1667
f 1827/2127/1666 1804/2102/1666 1815/2111/1666
f 1828/2128/1677 1817/2114/1677 1816/2113/1677
f 1829/2129/1912 1818/2116/1912 1817/2114/1912
f 1830/2130/1675 1819/2117/1675 1818/2116/1675
f 1819/2117/1674 1832/2131/1674 1820/2118/1674
f 1832/2131/1673 1821/2132/1673 1820/2118/1673
f 1833/2133/1672 1822/2119/1672 1821/2132/1672
f 1834/2134/1683 1823/2123/1683 1822/2121/1683
f 1823/2123/1682 1836/2135/1682 1824/2124/1682
f 1836/2135/1681 1825/2136/1681 1824/2124/1681
f 1837/2137/1680 1826/2125/1680 1825/2136/1680
f 1826/2125/1679 1839/2138/1679 1827/2127/1679
f 1839/2138/1678 1816/2113/1678 1827/2127/1678
f 1840/2139/1689 1829/2129/1689 1828/2128/1689
f 1829/2129/1688 1842/2140/1688 1830/2130/1688
f 1842/2140/1687 1831/2141/1687 1830/2130/1687
f 1843/2142/1686 1832/2131/1686 1831/2141/1686
f 1844/2143/1685 1833/2133/1685 1832/2131/1685
f 1845/2144/1684 1834/2145/1684 1833/2133/1684
f 1846/2146/1695 1835/2147/1695 1834/2134/1695
f 1847/2148/1694 1836/2135/1694 1835/2147/1694
f 1836/2135/1693 1849/2149/1693 1837/2137/1693
f 1849/2149/1692 1838/2150/1692 1837/2137/1692
f 1850/2151/1691 1839/2138/1691 1838/2150/1691
f 1851/2152/1690 1828/2128/1690 1839/2138/1690
f 1840/2139/1701 1853/2153/1701 1841/2154/1701
f 1841/2154/1700 1854/2155/1700 1842/2140/1700
f 1854/2155/1699 1843/2142/1699 1842/2140/1699
f 1843/2142/1698 1856/2156/1698 1844/2143/1698
f 1856/2156/1697 1845/2144/1697 1844/2143/1697
f 1857/2157/1696 1846/2158/1696 1845/2144/1696
f 1858/2159/1707 1847/2148/1707 1846/2146/1707
f 1859/2160/1706 1848/2161/1706 1847/2148/1706
f 1860/2162/1705 1849/2149/1705 1848/2161/1705
f 1861/2163/1704 1850/2151/1704 1849/2149/1704
f 1862/2164/1703 1851/2152/1703 1850/2151/1703
f 1863/2165/1702 1840/2139/1702 1851/2152/1702
f 1852/2166/1713 1865/2167/1713 1853/2153/1713
f 1865/2167/1712 1854/2155/1712 1853/2153/1712
f 1866/2168/1711 1855/2169/1711 1854/2155/1711
f 1867/2170/1710 1856/2156/1710 1855/2169/1710
f 1856/2156/1709 1869/2171/1709 1857/2157/1709
f 1869/2171/1708 1858/2172/1708 1857/2157/1708
f 1870/2173/1719 1859/2160/1719 1858/2159/1719
f 1871/2174/1718 1860/2162/1718 1859/2160/1718
f 1872/2175/1717 1861/2163/1717 1860/2162/1717
f 1861/2163/1716 1874/2176/1716 1862/2164/1716
f 1862/2164/1715 1875/2177/1715 1863/2165/1715
f 1875/2177/1714 1852/2166/1714 1863/2165/1714
f 1876/2178/1725 1865/2167/1725 1864/2179/1725
f 1877/2180/1724 1866/2168/1724 1865/2167/1724
f 1878/2181/1723 1867/2170/1723 1866/2168/1723
f 1879/2182/1722 1868/2183/1722 1867/2170/1722
f 1880/2184/1721 1869/2171/1721 1868/2183/1721
f 1881/2185/1720 1870/2186/1720 1869/2171/1720
f 1882/2187/1731 1871/2174/1731 1870/2173/1731
f 1883/2188/1730 1872/2175/1730 1871/2174/1730
f 1872/2175/1729 1885/2189/1729 1873/2190/1729
f 1885/2189/1728 1874/2176/1728 1873/2190/1728
f 1874/2176/1727 1887/2191/1727 1875/2177/1727
f 1887/2191/1726 1864/2179/1726 1875/2177/1726
f 1888/2192/1737 1877/2180/1737 1876/2178/1737
f 1889/2193/1736 1878/2181/1736 1877/2180/1736
f 1890/2194/1735 1879/2182/1735 1878/2181/1735
f 1891/2195/1734 1880/2184/1734 1879/2182/1734
f 1880/2184/1733 1893/2196/1733 1881/2185/1733
f 1893/2196/1913 1882/2197/1913 1881/2185/1913
f 1894/2198/1743 1883/2188/1743 1882/2187/1743
f 1895/2199/1742 1884/2200/1742 1883/2188/1742
f 1896/2201/1741 1885/2189/1741 1884/2200/1741
f 1897/2202/1740 1886/2203/1740 1885/2189/1740
f 1886/2203/1739 1899/2204/1739 1887/2191/1739
f 1899/2204/1738 1876/2178/1738 1887/2191/1738
f 1900/2205/1749 1889/2193/1749 1888/2192/1749
f 1889/2193/1748 1902/2206/1748 1890/2194/1748
f 1902/2206/1747 1891/2195/1747 1890/2194/1747
f 1903/2207/1746 1892/2208/1746 1891/2195/1746
f 1892/2208/1745 1905/2209/1745 1893/2196/1745
f 1905/2209/1744 1894/2210/1744 1893/2196/1744
f 1906/2211/1755 1895/2199/1755 1894/2198/1755
f 1907/2212/1754 1896/2201/1754 1895/2199/1754
f 1896/2201/1753 1909/2213/1753 1897/2202/1753
f 1909/2213/1752 1898/2214/1752 1897/2202/1752
f 1910/2215/1751 1899/2204/1751 1898/2214/1751
f 1911/2216/1750 1888/2192/1750 1899/2204/1750
f 1912/2217/1761 1901/2218/1761 1900/2205/1761
f 1913/2219/1760 1902/2206/1760 1901/2218/1760
f 1902/2206/1759 1915/2220/1759 1903/2207/1759
f 1903/2207/1758 1916/2221/1758 1904/2222/1758
f 1916/2221/1757 1905/2209/1757 1904/2222/1757
f 1905/2209/1756 1918/2223/1756 1906/2224/1756
f 1918/2225/1767 1907/2212/1767 1906/2211/1767
f 1919/2226/1766 1908/2227/1766 1907/2212/1766
f 1920/2228/1765 1909/2213/1765 1908/2227/1765
f 1921/2229/1764 1910/2215/1764 1909/2213/1764
f 1922/2230/1763 1911/2216/1763 1910/2215/1763
f 1923/2231/1762 1900/2205/1762 1911/2216/1762
f 1912/2217/1773 1925/2232/1773 1913/2219/1773
f 1925/2232/1772 1914/2233/1772 1913/2219/1772
f 1926/2234/1771 1915/2220/1771 1914/2233/1771
f 1927/2235/1770 1916/2221/1770 1915/2220/1770
f 1928/2236/1769 1917/2237/1769 1916/2221/1769
f 1929/2238/1768 1918/2223/1768 1917/2237/1768
f 1930/2239/1779 1919/2226/1779 1918/2225/1779
f 1919/2226/1778 1932/2240/1778 1920/2228/1778
f 1920/2228/1777 1933/2241/1777 1921/2229/1777
f 1933/2241/1776 1922/2230/1776 1921/2229/1776
f 1934/2242/1775 1923/2231/1775 1922/2230/1775
f 1935/2243/1774 1912/2217/1774 1923/2231/1774
f 1936/2244/1785 1925/2232/1785 1924/2245/1785
f 1937/2246/1784 1926/2234/1784 1925/2232/1784
f 1938/2247/1783 1927/2235/1783 1926/2234/1783
f 1939/2248/1782 1928/2236/1782 1927/2235/1782
f 1940/2249/1781 1929/2238/1781 1928/2236/1781
f 1929/2238/1780 1942/2250/1780 1930/2251/1780
f 1942/2252/1791 1931/2253/1791 1930/2239/1791
f 1943/2254/1790 1932/2240/1790 1931/2253/1790
f 1932/2240/1789 1945/2255/1789 1933/2241/1789
f 1933/2241/1788 1946/2256/1788 1934/2242/1788
f 1946/2256/1787 1935/2243/1787 1934/2242/1787
f 1947/2257/1786 1924/2245/1786 1935/2243/1786
f 1948/2258/1797 1937/2246/1797 1936/2244/1797
f 1949/2259/1796 1938/2247/1796 1937/2246/1796
f 1950/2260/1795 1939/2248/1795 1938/2247/1795
f 1951/2261/1794 1940/2249/1794 1939/2248/1794
f 1952/2262/1793 1941/2263/1793 1940/2249/1793
f 1953/2264/1792 1942/2250/1792 1941/2263/1792
f 1954/2265/1803 1943/2254/1803 1942/2252/1803
f 1955/2266/1802 1944/2267/1802 1943/2254/1802
f 1956/2268/1801 1945/2255/1801 1944/2267/1801
f 1945/2255/1800 1958/2269/1800 1946/2256/1800
f 1946/2256/1799 1959/2270/1799 1947/2257/1799
f 1959/2270/1798 1936/2244/1798 1947/2257/1798
f 1960/2271/1809 1949/2259/1809 1948/2258/1809
f 1961/2272/1808 1950/2260/1808 1949/2259/1808
f 1950/2260/1807 1963/2273/1807 1951/2261/1807
f 1951/2261/1806 1964/2274/1806 1952/2262/1806
f 1964/2274/1805 1953/2264/1805 1952/2262/1805
f 1965/2275/1804 1954/2276/1804 1953/2264/1804
f 1966/2277/1815 1955/2266/1815 1954/2265/1815
f 1967/2278/1814 1956/2268/1814 1955/2266/1814
f 1968/2279/1813 1957/2280/1813 1956/2268/1813
f 1969/2281/1812 1958/2269/1812 1957/2280/1812
f 1970/2282/1811 1959/2270/1811 1958/2269/1811
f 1959/2270/1810 1960/2271/1810 1948/2258/1810
f 1960/2271/1821 1973/2283/1821 1961/2272/1821
f 1973/2283/1820 1962/2284/1820 1961/2272/1820
f 1974/2285/1819 1963/2273/1819 1962/2284/1819
f 1975/2286/1818 1964/2274/1818 1963/2273/1818
f 1976/2287/1817 1965/2275/1817 1964/2274/1817
f 1977/2288/1816 1966/2289/1816 1965/2275/1816
f 1978/2290/1827 1967/2278/1827 1966/2277/1827
f 1979/2291/1826 1968/2279/1826 1967/2278/1826
f 1980/2292/1825 1969/2281/1825 1968/2279/1825
f 1981/2293/1824 1970/2282/1824 1969/2281/1824
f 1970/2282/1823 1983/2294/1823 1971/2295/1823
f 1983/2294/1822 1960/2271/1822 1971/2295/1822
f 1972/2296/1833 1985/2297/1833 1973/2283/1833
f 1985/2297/1832 1974/2285/1832 1973/2283/1832
f 1974/2285/1831 1987/2298/1831 1975/2286/1831
f 1975/2286/1830 1988/2299/1830 1976/2287/1830
f 1976/2287/1829 1989/2300/1829 1977/2288/1829
f 1989/2300/1828 1978/2301/1828 1977/2288/1828
f 1990/2302/1839 1979/2291/1839 1978/2290/1839
f 1991/2303/1838 1980/2292/1838 1979/2291/1838
f 1992/2304/1837 1981/2293/1837 1980/2292/1837
f 1993/2305/1836 1982/2306/1836 1981/2293/1836
f 1982/2306/1835 1995/2307/1835 1983/2294/1835
f 1995/2307/1834 1972/2296/1834 1983/2294/1834
f 1984/2308/1845 1997/2309/1845 1985/2297/1845
f 1997/2309/1844 1986/2310/1844 1985/2297/1844
f 1986/2310/1843 1999/2311/1843 1987/2298/1843
f 1999/2311/1842 1988/2299/1842 1987/2298/1842
f 2000/2312/1841 1989/2300/1841 1988/2299/1841
f 2001/2313/1840 1990/2314/1840 1989/2300/1840
f 2002/2315/1851 1991/2303/1851 1990/2302/1851
f 1991/2303/1850 2004/2316/1850 1992/2304/1850
f 1992/2304/1849 2005/2317/1849 1993/2305/1849
f 2005/2317/1848 1994/2318/1848 1993/2305/1848
f 2006/2319/1847 1995/2307/1847 1994/2318/1847
f 2007/2320/1846 1984/2308/1846 1995/2307/1846
f 2008/2321/1857 1997/2309/1857 1996/2322/1857
f 2009/2323/1856 1998/2324/1856 1997/2309/1856
f 2010/2325/1855 1999/2311/1855 1998/2324/1855
f 2011/2326/1854 2000/2312/1854 1999/2311/1854
f 2012/2327/1853 2001/2313/1853 2000/2312/1853
f 2013/2328/1852 2002/2329/1852 2001/2313/1852
f 2014/2330/1863 2003/2331/1863 2002/2315/1863
f 2003/2331/1862 2016/2332/1862 2004/2316/1862
f 2016/2332/1861 2005/2317/1861 2004/2316/1861
f 2017/2333/1860 2006/2319/1860 2005/2317/1860
f 2006/2319/1859 2019/2334/1859 2007/2320/1859
f 2019/2334/1858 1996/2322/1858 2007/2320/1858
f 2020/2335/1869 2009/2323/1869 2008/2321/1869
f 2021/2336/1868 2010/2325/1868 2009/2323/1868
f 2010/2325/1867 2023/2337/1867 2011/2326/1867
f 2023/2337/1866 2012/2327/1866 2011/2326/1866
f 2024/2338/1865 2013/2328/1865 2012/2327/1865
f 2025/2339/1864 2014/2340/1864 2013/2328/1864
f 2026/2341/1875 2015/2342/1875 2014/2330/1875
f 2027/2343/1874 2016/2332/1874 2015/2342/1874
f 2028/2344/1873 2017/2333/1873 2016/2332/1873
f 2029/2345/1872 2018/2346/1872 2017/2333/1872
f 2030/2347/1871 2019/2334/1871 2018/2346/1871
f 2031/2348/1870 2008/2321/1870 2019/2334/1870
f 2032/2349/1881 2021/2336/1881 2020/2335/1881
f 2033/2350/1880 2022/2351/1880 2021/2336/1880
f 2034/2352/1879 2023/2337/1879 2022/2351/1879
f 2035/2353/1878 2024/2338/1878 2023/2337/1878
f 2036/2354/1877 2025/2339/1877 2024/2338/1877
f 2037/2355/1876 2026/2356/1876 2025/2339/1876
f 2038/2357/1914 2027/2343/1914 2026/2341/1914
f 2027/2343/1886 2040/2358/1886 2028/2344/1886
f 2040/2358/1885 2029/2345/1885 2028/2344/1885
f 2041/2359/1884 2030/2347/1884 2029/2345/1884
f 2042/2360/1883 2031/2348/1883 2030/2347/1883
f 2043/2361/1882 2020/2335/1882 2031/2348/1882
f 2032/2349/1915 2045/2362/1915 2033/2350/1915
f 2033/2350/1892 2046/2363/1892 2034/2352/1892
f 2034/2352/1891 2047/2364/1891 2035/2353/1891
f 2047/2364/1890 2036/2354/1890 2035/2353/1890
f 2048/2365/1889 2037/2355/1889 2036/2354/1889
f 2037/2355/1888 2050/2366/1888 2038/2367/1888
f 2050/2368/1899 2039/2369/1899 2038/2357/1899
f 2051/2370/1898 2040/2358/1898 2039/2369/1898
f 2040/2358/1897 2053/2371/1897 2041/2359/1897
f 2053/2371/1896 2042/2360/1896 2041/2359/1896
f 2054/2372/1895 2043/2361/1895 2042/2360/1895
f 2055/2373/1894 2032/2349/1894 2043/2361/1894
f 1480/1745/1905 2045/2362/1905 2044/2374/1905
f 1481/1744/1904 2046/2363/1904 2045/2362/1904
f 1482/1747/1903 2047/2364/1903 2046/2363/1903
f 1483/1748/1902 2048/2365/1902 2047/2364/1902
f 1484/1750/1901 2049/2375/1901 2048/2365/1901
f 1485/1752/1900 2050/2366/1900 2049/2375/1900
f 2050/2368/1911 1487/1756/1911 2051/2370/1911
f 1487/1756/1910 2052/2376/1910 2051/2370/1910
f 1488/1759/1909 2053/2371/1909 2052/2376/1909
f 1489/1761/1908 2054/2372/1908 2053/2371/1908
f 2054/2372/1907 1491/1765/1907 2055/2373/1907
f 2055/2373/1906 1480/1745/1906 2044/2374/1906
f 1492/1743/1624 1493/1768/1624 1481/1744/1624
f 1481/1744/1625 1493/1768/1625 1494/1746/1625
f 1494/1746/1626 1495/1749/1626 1483/1748/1626
f 1495/1749/1627 1496/1751/1627 1484/1750/1627
f 1496/1751/1628 1497/1773/1628 1485/1752/1628
f 1485/1752/1629 1497/1773/1629 1498/1753/1629
f 1498/1755/1630 1499/1758/1630 1487/1756/1630
f 1499/1758/1631 1500/1760/1631 1488/1759/1631
f 1500/1760/1632 1501/1762/1632 1489/1761/1632
f 1501/1762/1633 1502/1764/1633 1490/1763/1633
f 1502/1764/1634 1503/1766/1634 1491/1765/1634
f 1503/1766/1635 1492/1743/1635 1480/1745/1635
f 1504/1767/1636 1505/1769/1636 1493/1768/1636
f 1505/1769/1637 1506/1770/1637 1494/1746/1637
f 1506/1770/1638 1507/1771/1638 1495/1749/1638
f 1507/1771/1639 1508/1782/1639 1496/1751/1639
f 1496/1751/1640 1508/1782/1640 1509/1772/1640
f 1509/1772/1641 1510/1785/1641 1498/1753/1641
f 1510/1774/1642 1511/1775/1642 1499/1758/1642
f 1511/1775/1643 1512/1788/1643 1500/1760/1643
f 1500/1760/1644 1512/1788/1644 1513/1776/1644
f 1501/1762/1645 1513/1776/1645 1514/1777/1645
f 1502/1764/1646 1514/1777/1646 1515/1778/1646
f 1515/1778/1647 1504/1767/1647 1492/1743/1647
f 1504/1767/1648 1516/1792/1648 1517/1779/1648
f 1517/1779/1649 1518/1780/1649 1506/1770/1649
f 1518/1780/1650 1519/1796/1650 1507/1771/1650
f 1507/1771/1651 1519/1796/1651 1520/1781/1651
f 1508/1782/1652 1520/1781/1652 1521/1783/1652
f 1509/1772/1653 1521/1783/1653 1522/1784/1653
f 1522/1786/1654 1523/1787/1654 1511/1775/1654
f 1523/1787/1655 1524/1800/1655 1512/1788/1655
f 1512/1788/1656 1524/1800/1656 1525/1789/1656
f 1513/1776/1657 1525/1789/1657 1526/1790/1657
f 1514/1777/1658 1526/1790/1658 1527/1791/1658
f 1527/1791/1659 1516/1792/1659 1504/1767/1659
f 1516/1792/1660 1528/1805/1660 1529/1793/1660
f 1517/1779/1661 1529/1793/1661 1530/1794/1661
f 1518/1780/1662 1530/1794/1662 1531/1795/1662
f 1531/1795/1663 1532/1808/1663 1520/1781/1663
f 1520/1781/1664 1532/1808/1664 1533/1797/1664
f 1533/1797/1665 1534/1810/1665 1522/1784/1665
f 1534/1798/1666 1535/1799/1666 1523/1787/1666
f 1535/1799/1667 1536/1813/1667 1524/1800/1667
f 1524/1800/1668 1536/1813/1668 1537/1801/1668
f 1537/1801/1669 1538/1802/1669 1526/1790/1669
f 1538/1802/1670 1539/1803/1670 1527/1791/1670
f 1539/1803/1671 1528/1805/1671 1516/1792/1671
f 1540/1804/1672 1541/1818/1672 1529/1793/1672
f 1529/1793/1673 1541/1818/1673 1542/1806/1673
f 1542/1806/1674 1543/1807/1674 1531/1795/1674
f 1543/1807/1675 1544/1822/1675 1532/1808/1675
f 1532/1808/1676 1544/1822/1676 1545/1809/1676
f 1545/1809/1677 1546/1825/1677 1534/1810/1677
f 1546/1811/1678 1547/1812/1678 1535/1799/1678
f 1547/1812/1679 1548/1814/1679 1536/1813/1679
f 1548/1814/1680 1549/1815/1680 1537/1801/1680
f 1549/1815/1681 1550/1816/1681 1538/1802/1681
f 1550/1816/1682 1551/1830/1682 1539/1803/1682
f 1539/1803/1683 1551/1830/1683 1540/1804/1683
f 1552/1817/1684 1553/1819/1684 1541/1818/1684
f 1553/1819/1685 1554/1820/1685 1542/1806/1685
f 1554/1820/1686 1555/1821/1686 1543/1807/1686
f 1555/1821/1687 1556/1823/1687 1544/1822/1687
f 1556/1823/1688 1557/1824/1688 1545/1809/1688
f 1557/1824/1689 1558/1835/1689 1546/1825/1689
f 1546/1811/1690 1558/1837/1690 1559/1826/1690
f 1559/1826/1691 1560/1827/1691 1548/1814/1691
f 1560/1827/1692 1561/1828/1692 1549/1815/1692
f 1561/1828/1693 1562/1841/1693 1550/1816/1693
f 1550/1816/1694 1562/1841/1694 1563/1829/1694
f 1563/1829/1695 1552/1817/1695 1540/1804/1695
f 1564/1831/1696 1565/1844/1696 1553/1819/1696
f 1553/1819/1697 1565/1844/1697 1566/1832/1697
f 1566/1832/1698 1567/1833/1698 1555/1821/1698
f 1567/1833/1699 1568/1847/1699 1556/1823/1699
f 1556/1823/1700 1568/1847/1700 1569/1834/1700
f 1569/1834/1701 1570/1849/1701 1558/1835/1701
f 1570/1836/1702 1571/1838/1702 1559/1826/1702
f 1571/1838/1703 1572/1852/1703 1560/1827/1703
f 1560/1827/1704 1572/1852/1704 1573/1839/1704
f 1561/1828/1705 1573/1839/1705 1574/1840/1705
f 1574/1840/1706 1575/1842/1706 1563/1829/1706
f 1575/1842/1707 1564/1831/1707 1552/1817/1707
f 1576/1843/1708 1577/1858/1708 1565/1844/1708
f 1565/1844/1709 1577/1858/1709 1578/1845/1709
f 1566/1832/1710 1578/1845/1710 1579/1846/1710
f 1579/1846/1711 1580/1861/1711 1568/1847/1711
f 1568/1847/1712 1580/1861/1712 1581/1848/1712
f 1581/1848/1713 1582/1864/1713 1570/1849/1713
f 1582/1850/1714 1583/1851/1714 1571/1838/1714
f 1583/1851/1715 1584/1853/1715 1572/1852/1715
f 1584/1853/1716 1585/1854/1716 1573/1839/1716
f 1585/1854/1717 1586/1855/1717 1574/1840/1717
f 1586/1855/1718 1587/1856/1718 1575/1842/1718
f 1587/1856/1719 1576/1843/1719 1564/1831/1719
f 1576/1843/1720 1588/1871/1720 1589/1857/1720
f 1589/1857/1721 1590/1859/1721 1578/1845/1721
f 1590/1859/1722 1591/1860/1722 1579/1846/1722
f 1591/1860/1723 1592/1862/1723 1580/1861/1723
f 1592/1862/1724 1593/1863/1724 1581/1848/1724
f 1593/1863/1725 1594/1876/1725 1582/1864/1725
f 1594/1865/1726 1595/1866/1726 1583/1851/1726
f 1595/1866/1727 1596/1879/1727 1584/1853/1727
f 1584/1853/1728 1596/1879/1728 1597/1867/1728
f 1585/1854/1729 1597/1867/1729 1598/1868/1729
f 1598/1868/1730 1599/1869/1730 1587/1856/1730
f 1599/1869/1731 1588/1871/1731 1576/1843/1731
f 1600/1870/1913 1601/1872/1913 1589/1857/1913
f 1601/1872/1733 1602/1873/1733 1590/1859/1733
f 1602/1873/1734 1603/1874/1734 1591/1860/1734
f 1603/1874/1735 1604/1887/1735 1592/1862/1735
f 1592/1862/1736 1604/1887/1736 1605/1875/1736
f 1605/1875/1737 1606/1890/1737 1594/1876/1737
f 1606/1877/1738 1607/1878/1738 1595/1866/1738
f 1607/1878/1739 1608/1880/1739 1596/1879/1739
f 1608/1880/1740 1609/1881/1740 1597/1867/1740
f 1609/1881/1741 1610/1882/1741 1598/1868/1741
f 1610/1882/1742 1611/1883/1742 1599/1869/1742
f 1611/1883/1743 1600/1870/1743 1588/1871/1743
f 1612/1884/1744 1613/1885/1744 1601/1872/1744
f 1613/1885/1745 1614/1897/1745 1602/1873/1745
f 1602/1873/1746 1614/1897/1746 1615/1886/1746
f 1615/1886/1747 1616/1888/1747 1604/1887/1747
f 1616/1888/1748 1617/1889/1748 1605/1875/1748
f 1617/1889/1749 1618/1901/1749 1606/1890/1749
f 1606/1877/1750 1618/1903/1750 1619/1891/1750
f 1619/1891/1751 1620/1905/1751 1608/1880/1751
f 1608/1880/1752 1620/1905/1752 1621/1892/1752
f 1621/1892/1753 1622/1893/1753 1610/1882/1753
f 1622/1893/1754 1623/1894/1754 1611/1883/1754
f 1623/1894/1755 1612/1884/1755 1600/1870/1755
f 1624/1895/1756 1625/1896/1756 1613/1885/1756
f 1625/1896/1757 1626/1898/1757 1614/1897/1757
f 1626/1898/1758 1627/1912/1758 1615/1886/1758
f 1615/1886/1759 1627/1912/1759 1628/1899/1759
f 1616/1888/1760 1628/1899/1760 1629/1900/1760
f 1629/1900/1761 1630/1916/1761 1618/1901/1761
f 1630/1902/1762 1631/1904/1762 1619/1891/1762
f 1631/1904/1763 1632/1906/1763 1620/1905/1763
f 1632/1906/1764 1633/1907/1764 1621/1892/1764
f 1633/1907/1765 1634/1908/1765 1622/1893/1765
f 1634/1908/1766 1635/1921/1766 1623/1894/1766
f 1623/1894/1767 1635/1921/1767 1624/1895/1767
f 1636/1909/1768 1637/1910/1768 1625/1896/1768
f 1637/1910/1769 1638/1911/1769 1626/1898/1769
f 1638/1911/1770 1639/1913/1770 1627/1912/1770
f 1639/1913/1771 1640/1914/1771 1628/1899/1771
f 1640/1914/1772 1641/1915/1772 1629/1900/1772
f 1641/1915/1773 1642/1927/1773 1630/1916/1773
f 1630/1902/1774 1642/1929/1774 1643/1917/1774
f 1643/1917/1775 1644/1931/1775 1632/1906/1775
f 1632/1906/1776 1644/1931/1776 1645/1918/1776
f 1633/1907/1777 1645/1918/1777 1646/1919/1777
f 1634/1908/1778 1646/1919/1778 1647/1920/1778
f 1635/1921/1779 1647/1920/1779 1636/1909/1779
f 1648/1922/1780 1649/1937/1780 1637/1910/1780
f 1637/1910/1781 1649/1937/1781 1650/1923/1781
f 1638/1911/1782 1650/1923/1782 1651/1924/1782
f 1651/1924/1783 1652/1925/1783 1640/1914/1783
f 1652/1925/1784 1653/1926/1784 1641/1915/1784
f 1653/1926/1785 1654/1942/1785 1642/1927/1785
f 1654/1928/1786 1655/1930/1786 1643/1917/1786
f 1655/1930/1787 1656/1932/1787 1644/1931/1787
f 1656/1932/1788 1657/1933/1788 1645/1918/1788
f 1657/1933/1789 1658/1934/1789 1646/1919/1789
f 1658/1934/1790 1659/1935/1790 1647/1920/1790
f 1659/1935/1791 1648/1922/1791 1636/1909/1791
f 1660/1936/1792 1661/1938/1792 1649/1937/1792
f 1661/1938/1793 1662/1939/1793 1650/1923/1793
f 1662/1939/1794 1663/1949/1794 1651/1924/1794
f 1651/1924/1795 1663/1949/1795 1664/1940/1795
f 1664/1940/1796 1665/1941/1796 1653/1926/1796
f 1665/1941/1797 1666/1953/1797 1654/1942/1797
f 1666/1943/1798 1667/1944/1798 1655/1930/1798
f 1667/1944/1799 1668/1956/1799 1656/1932/1799
f 1656/1932/1800 1668/1956/1800 1669/1945/1800
f 1669/1945/1801 1670/1959/1801 1658/1934/1801
f 1658/1934/1802 1670/1959/1802 1671/1946/1802
f 1671/1946/1803 1660/1936/1803 1648/1922/1803
f 1672/1947/1804 1673/1963/1804 1661/1938/1804
f 1661/1938/1805 1673/1963/1805 1674/1948/1805
f 1674/1948/1806 1675/1950/1806 1663/1949/1806
f 1675/1950/1807 1676/1951/1807 1664/1940/1807
f 1676/1951/1808 1677/1952/1808 1665/1941/1808
f 1677/1952/1809 1678/1969/1809 1666/1953/1809
f 1678/1954/1810 1679/1955/1810 1667/1944/1810
f 1679/1955/1811 1680/1957/1811 1668/1956/1811
f 1680/1957/1812 1681/1958/1812 1669/1945/1812
f 1681/1958/1813 1682/1960/1813 1670/1959/1813
f 1682/1960/1814 1683/1961/1814 1671/1946/1814
f 1683/1961/1815 1672/1947/1815 1660/1936/1815
f 1684/1962/1816 1685/1964/1816 1673/1963/1816
f 1685/1964/1817 1686/1965/1817 1674/1948/1817
f 1686/1965/1818 1687/1966/1818 1675/1950/1818
f 1687/1966/1819 1688/1967/1819 1676/1951/1819
f 1688/1967/1820 1689/1979/1820 1677/1952/1820
f 1677/1952/1821 1689/1979/1821 1690/1968/1821
f 1690/1970/1822 1691/1982/1822 1679/1955/1822
f 1679/1955/1823 1691/1982/1823 1692/1971/1823
f 1680/1957/1824 1692/1971/1824 1693/1972/1824
f 1681/1958/1825 1693/1972/1825 1694/1973/1825
f 1682/1960/1826 1694/1973/1826 1695/1974/1826
f 1695/1974/1827 1684/1962/1827 1672/1947/1827
f 1696/1975/1828 1697/1976/1828 1685/1964/1828
f 1697/1976/1829 1698/1989/1829 1686/1965/1829
f 1686/1965/1830 1698/1989/1830 1699/1977/1830
f 1699/1977/1831 1700/1978/1831 1688/1967/1831
f 1700/1978/1832 1701/1980/1832 1689/1979/1832
f 1701/1980/1833 1702/1993/1833 1690/1968/1833
f 1702/1981/1834 1703/1995/1834 1691/1982/1834
f 1691/1982/1835 1703/1995/1835 1704/1983/1835
f 1704/1983/1836 1705/1984/1836 1693/1972/1836
f 1705/1984/1837 1706/1985/1837 1694/1973/1837
f 1706/1985/1838 1707/1986/1838 1695/1974/1838
f 1707/1986/1839 1696/1975/1839 1684/1962/1839
f 1708/1987/1840 1709/1988/1840 1697/1976/1840
f 1709/1988/1841 1710/1990/1841 1698/1989/1841
f 1710/1990/1842 1711/2001/1842 1699/1977/1842
f 1699/1977/1843 1711/2001/1843 1712/1991/1843
f 1712/1991/1844 1713/1992/1844 1701/1980/1844
f 1713/1992/1845 1714/2004/1845 1702/1993/1845
f 1714/1994/1846 1715/2006/1846 1703/1995/1846
f 1703/1995/1847 1715/2006/1847 1716/1996/1847
f 1716/1996/1848 1717/1997/1848 1705/1984/1848
f 1717/1997/1849 1718/2009/1849 1706/1985/1849
f 1706/1985/1850 1718/2009/1850 1719/1998/1850
f 1719/1998/1851 1708/1987/1851 1696/1975/1851
f 1708/1987/1852 1720/2013/1852 1721/1999/1852
f 1721/1999/1853 1722/2015/1853 1710/1990/1853
f 1710/1990/1854 1722/2015/1854 1723/2000/1854
f 1723/2000/1855 1724/2002/1855 1712/1991/1855
f 1724/2002/1856 1725/2003/1856 1713/1992/1856
f 1725/2003/1857 1726/2019/1857 1714/2004/1857
f 1726/2005/1858 1727/2007/1858 1715/2006/1858
f 1727/2007/1859 1728/2021/1859 1716/1996/1859
f 1716/1996/1860 1728/2021/1860 1729/2008/1860
f 1729/2008/1861 1730/2010/1861 1718/2009/1861
f 1730/2010/1862 1731/2011/1862 1719/1998/1862
f 1731/2011/1863 1720/2013/1863 1708/1987/1863
f 1732/2012/1864 1733/2014/1864 1721/1999/1864
f 1733/2014/1865 1734/2016/1865 1722/2015/1865
f 1734/2016/1866 1735/2027/1866 1723/2000/1866
f 1723/2000/1867 1735/2027/1867 1736/2017/1867
f 1736/2017/1868 1737/2018/1868 1725/2003/1868
f 1737/2018/1869 1738/2030/1869 1726/2019/1869
f 1726/2005/1870 1738/2032/1870 1739/2020/1870
f 1739/2020/1871 1740/2022/1871 1728/2021/1871
f 1740/2022/1872 1741/2023/1872 1729/2008/1872
f 1741/2023/1873 1742/2036/1873 1730/2010/1873
f 1730/2010/1874 1742/2036/1874 1743/2024/1874
f 1743/2024/1875 1732/2012/1875 1720/2013/1875
f 1732/2012/1876 1744/2039/1876 1745/2025/1876
f 1745/2025/1877 1746/2026/1877 1734/2016/1877
f 1746/2026/1878 1747/2042/1878 1735/2027/1878
f 1735/2027/1879 1747/2042/1879 1748/2028/1879
f 1748/2028/1880 1749/2029/1880 1737/2018/1880
f 1749/2029/1916 1750/2046/1916 1738/2030/1916
f 1750/2031/1882 1751/2033/1882 1739/2020/1882
f 1751/2033/1883 1752/2034/1883 1740/2022/1883
f 1752/2034/1884 1753/2050/1884 1741/2023/1884
f 1741/2023/1885 1753/2050/1885 1754/2035/1885
f 1754/2035/1886 1755/2037/1886 1743/2024/1886
f 1755/2037/1914 1744/2039/1914 1732/2012/1914
f 1756/2038/1888 1757/2040/1888 1745/2025/1888
f 1757/2040/1889 1758/2041/1889 1746/2026/1889
f 1758/2041/1890 1759/2043/1890 1747/2042/1890
f 1759/2043/1891 1760/2044/1891 1748/2028/1891
f 1760/2044/1892 1761/2045/1892 1749/2029/1892
f 1761/2045/1893 1762/2058/1893 1750/2046/1893
f 1762/2047/1894 1763/2060/1894 1751/2033/1894
f 1751/2033/1895 1763/2060/1895 1764/2048/1895
f 1752/2034/1896 1764/2048/1896 1765/2049/1896
f 1753/2050/1897 1765/2049/1897 1766/2051/1897
f 1754/2035/1898 1766/2051/1898 1767/2052/1898
f 1755/2037/1917 1767/2052/1917 1756/2038/1917
f 1756/2038/1900 1768/2377/1900 1769/2053/1900
f 1769/2053/1918 1770/2054/1918 1758/2041/1918
f 1770/2054/1902 1771/2055/1902 1759/2043/1902
f 1771/2055/1903 1772/2056/1903 1760/2044/1903
f 1772/2056/1904 1773/2057/1904 1761/2045/1904
f 1773/2057/1905 1774/2378/1905 1762/2058/1905
f 1774/2059/1906 1775/2379/1906 1763/2060/1906
f 1763/2060/1907 1775/2379/1907 1776/2061/1907
f 1776/2061/1908 1777/2062/1908 1765/2049/1908
f 1777/2062/1909 1778/2063/1909 1766/2051/1909
f 1778/2063/1910 1779/2064/1910 1767/2052/1910
f 1779/2064/1911 1768/2377/1911 1756/2038/1911
f 1780/2065/1629 1781/2068/1629 1769/2066/1629
f 1781/2068/1628 1782/2070/1628 1770/2069/1628
f 1782/2070/1627 1783/2072/1627 1771/2071/1627
f 1783/2072/1626 1784/2074/1626 1772/2073/1626
f 1784/2074/1625 1785/2076/1625 1773/2075/1625
f 1785/2076/1624 1786/2093/1624 1774/2077/1624
f 1774/2078/1635 1786/2095/1635 1787/2079/1635
f 1787/2079/1634 1788/2097/1634 1776/2081/1634
f 1776/2081/1633 1788/2097/1633 1789/2082/1633
f 1777/2083/1632 1789/2082/1632 1790/2084/1632
f 1778/2085/1631 1790/2084/1631 1791/2086/1631
f 1779/2087/1630 1791/2086/1630 1780/2065/1630
f 1780/2065/1641 1792/2101/1641 1793/2088/1641
f 1781/2068/1640 1793/2088/1640 1794/2089/1640
f 1782/2070/1639 1794/2089/1639 1795/2090/1639
f 1783/2072/1638 1795/2090/1638 1796/2091/1638
f 1784/2074/1637 1796/2091/1637 1797/2092/1637
f 1797/2092/1636 1798/2107/1636 1786/2093/1636
f 1798/2094/1647 1799/2096/1647 1787/2079/1647
f 1799/2096/1646 1800/2098/1646 1788/2097/1646
f 1800/2098/1645 1801/2099/1645 1789/2082/1645
f 1801/2099/1644 1802/2100/1644 1790/2084/1644
f 1802/2100/1643 1803/2112/1643 1791/2086/1643
f 1791/2086/1642 1803/2112/1642 1792/2101/1642
f 1804/2102/1653 1805/2103/1653 1793/2088/1653
f 1805/2103/1652 1806/2115/1652 1794/2089/1652
f 1794/2089/1651 1806/2115/1651 1807/2104/1651
f 1807/2104/1650 1808/2105/1650 1796/2091/1650
f 1808/2105/1649 1809/2106/1649 1797/2092/1649
f 1809/2106/1648 1810/2120/1648 1798/2107/1648
f 1810/2108/1659 1811/2122/1659 1799/2096/1659
f 1799/2096/1658 1811/2122/1658 1812/2109/1658
f 1812/2109/1657 1813/2110/1657 1801/2099/1657
f 1813/2110/1656 1814/2126/1656 1802/2100/1656
f 1802/2100/1655 1814/2126/1655 1815/2111/1655
f 1803/2112/1654 1815/2111/1654 1804/2102/1654
f 1816/2113/1665 1817/2114/1665 1805/2103/1665
f 1817/2114/1664 1818/2116/1664 1806/2115/1664
f 1818/2116/1663 1819/2117/1663 1807/2104/1663
f 1819/2117/1662 1820/2118/1662 1808/2105/1662
f 1820/2118/1661 1821/2132/1661 1809/2106/1661
f 1809/2106/1660 1821/2132/1660 1822/2119/1660
f 1822/2121/1671 1823/2123/1671 1811/2122/1671
f 1823/2123/1670 1824/2124/1670 1812/2109/1670
f 1824/2124/1669 1825/2136/1669 1813/2110/1669
f 1813/2110/1668 1825/2136/1668 1826/2125/1668
f 1814/2126/1667 1826/2125/1667 1827/2127/1667
f 1827/2127/1666 1816/2113/1666 1804/2102/1666
f 1828/2128/1677 1829/2129/1677 1817/2114/1677
f 1829/2129/1676 1830/2130/1676 1818/2116/1676
f 1830/2130/1675 1831/2141/1675 1819/2117/1675
f 1819/2117/1674 1831/2141/1674 1832/2131/1674
f 1832/2131/1673 1833/2133/1673 1821/2132/1673
f 1833/2133/1672 1834/2145/1672 1822/2119/1672
f 1834/2134/1683 1835/2147/1683 1823/2123/1683
f 1823/2123/1682 1835/2147/1682 1836/2135/1682
f 1836/2135/1681 1837/2137/1681 1825/2136/1681
f 1837/2137/1680 1838/2150/1680 1826/2125/1680
f 1826/2125/1679 1838/2150/1679 1839/2138/1679
f 1839/2138/1678 1828/2128/1678 1816/2113/1678
f 1840/2139/1689 1841/2154/1689 1829/2129/1689
f 1829/2129/1688 1841/2154/1688 1842/2140/1688
f 1842/2140/1687 1843/2142/1687 1831/2141/1687
f 1843/2142/1686 1844/2143/1686 1832/2131/1686
f 1844/2143/1685 1845/2144/1685 1833/2133/1685
f 1845/2144/1684 1846/2158/1684 1834/2145/1684
f 1846/2146/1695 1847/2148/1695 1835/2147/1695
f 1847/2148/1694 1848/2161/1694 1836/2135/1694
f 1836/2135/1693 1848/2161/1693 1849/2149/1693
f 1849/2149/1692 1850/2151/1692 1838/2150/1692
f 1850/2151/1691 1851/2152/1691 1839/2138/1691
f 1851/2152/1690 1840/2139/1690 1828/2128/1690
f 1840/2139/1701 1852/2166/1701 1853/2153/1701
f 1841/2154/1700 1853/2153/1700 1854/2155/1700
f 1854/2155/1699 1855/2169/1699 1843/2142/1699
f 1843/2142/1698 1855/2169/1698 1856/2156/1698
f 1856/2156/1697 1857/2157/1697 1845/2144/1697
f 1857/2157/1696 1858/2172/1696 1846/2158/1696
f 1858/2159/1707 1859/2160/1707 1847/2148/1707
f 1859/2160/1706 1860/2162/1706 1848/2161/1706
f 1860/2162/1705 1861/2163/1705 1849/2149/1705
f 1861/2163/1704 1862/2164/1704 1850/2151/1704
f 1862/2164/1703 1863/2165/1703 1851/2152/1703
f 1863/2165/1702 1852/2166/1702 1840/2139/1702
f 1852/2166/1713 1864/2179/1713 1865/2167/1713
f 1865/2167/1712 1866/2168/1712 1854/2155/1712
f 1866/2168/1711 1867/2170/1711 1855/2169/1711
f 1867/2170/1710 1868/2183/1710 1856/2156/1710
f 1856/2156/1709 1868/2183/1709 1869/2171/1709
f 1869/2171/1708 1870/2186/1708 1858/2172/1708
f 1870/2173/1719 1871/2174/1719 1859/2160/1719
f 1871/2174/1718 1872/2175/1718 1860/2162/1718
f 1872/2175/1717 1873/2190/1717 1861/2163/1717
f 1861/2163/1716 1873/2190/1716 1874/2176/1716
f 1862/2164/1715 1874/2176/1715 1875/2177/1715
f 1875/2177/1714 1864/2179/1714 1852/2166/1714
f 1876/2178/1725 1877/2180/1725 1865/2167/1725
f 1877/2180/1724 1878/2181/1724 1866/2168/1724
f 1878/2181/1723 1879/2182/1723 1867/2170/1723
f 1879/2182/1722 1880/2184/1722 1868/2183/1722
f 1880/2184/1721 1881/2185/1721 1869/2171/1721
f 1881/2185/1720 1882/2197/1720 1870/2186/1720
f 1882/2187/1731 1883/2188/1731 1871/2174/1731
f 1883/2188/1730 1884/2200/1730 1872/2175/1730
f 1872/2175/1729 1884/2200/1729 1885/2189/1729
f 1885/2189/1728 1886/2203/1728 1874/2176/1728
f 1874/2176/1727 1886/2203/1727 1887/2191/1727
f 1887/2191/1726 1876/2178/1726 1864/2179/1726
f 1888/2192/1737 1889/2193/1737 1877/2180/1737
f 1889/2193/1736 1890/2194/1736 1878/2181/1736
f 1890/2194/1735 1891/2195/1735 1879/2182/1735
f 1891/2195/1734 1892/2208/1734 1880/2184/1734
f 1880/2184/1733 1892/2208/1733 1893/2196/1733
f 1893/2196/1913 1894/2210/1913 1882/2197/1913
f 1894/2198/1743 1895/2199/1743 1883/2188/1743
f 1895/2199/1742 1896/2201/1742 1884/2200/1742
f 1896/2201/1741 1897/2202/1741 1885/2189/1741
f 1897/2202/1740 1898/2214/1740 1886/2203/1740
f 1886/2203/1739 1898/2214/1739 1899/2204/1739
f 1899/2204/1738 1888/2192/1738 1876/2178/1738
f 1900/2205/1749 1901/2218/1749 1889/2193/1749
f 1889/2193/1748 1901/2218/1748 1902/2206/1748
f 1902/2206/1747 1903/2207/1747 1891/2195/1747
f 1903/2207/1746 1904/2222/1746 1892/2208/1746
f 1892/2208/1745 1904/2222/1745 1905/2209/1745
f 1905/2209/1744 1906/2224/1744 1894/2210/1744
f 1906/2211/1755 1907/2212/1755 1895/2199/1755
f 1907/2212/1754 1908/2227/1754 1896/2201/1754
f 1896/2201/1753 1908/2227/1753 1909/2213/1753
f 1909/2213/1752 1910/2215/1752 1898/2214/1752
f 1910/2215/1751 1911/2216/1751 1899/2204/1751
f 1911/2216/1750 1900/2205/1750 1888/2192/1750
f 1912/2217/1761 1913/2219/1761 1901/2218/1761
f 1913/2219/1760 1914/2233/1760 1902/2206/1760
f 1902/2206/1759 1914/2233/1759 1915/2220/1759
f 1903/2207/1758 1915/2220/1758 1916/2221/1758
f 1916/2221/1757 1917/2237/1757 1905/2209/1757
f 1905/2209/1756 1917/2237/1756 1918/2223/1756
f 1918/2225/1767 1919/2226/1767 1907/2212/1767
f 1919/2226/1766 1920/2228/1766 1908/2227/1766
f 1920/2228/1765 1921/2229/1765 1909/2213/1765
f 1921/2229/1764 1922/2230/1764 1910/2215/1764
f 1922/2230/1763 1923/2231/1763 1911/2216/1763
f 1923/2231/1762 1912/2217/1762 1900/2205/1762
f 1912/2217/1773 1924/2245/1773 1925/2232/1773
f 1925/2232/1772 1926/2234/1772 1914/2233/1772
f 1926/2234/1771 1927/2235/1771 1915/2220/1771
f 1927/2235/1770 1928/2236/1770 1916/2221/1770
f 1928/2236/1769 1929/2238/1769 1917/2237/1769
f 1929/2238/1768 1930/2251/1768 1918/2223/1768
f 1930/2239/1779 1931/2253/1779 1919/2226/1779
f 1919/2226/1778 1931/2253/1778 1932/2240/1778
f 1920/2228/1777 1932/2240/1777 1933/2241/1777
f 1933/2241/1776 1934/2242/1776 1922/2230/1776
f 1934/2242/1775 1935/2243/1775 1923/2231/1775
f 1935/2243/1774 1924/2245/1774 1912/2217/1774
f 1936/2244/1785 1937/2246/1785 1925/2232/1785
f 1937/2246/1784 1938/2247/1784 1926/2234/1784
f 1938/2247/1783 1939/2248/1783 1927/2235/1783
f 1939/2248/1782 1940/2249/1782 1928/2236/1782
f 1940/2249/1781 1941/2263/1781 1929/2238/1781
f 1929/2238/1780 1941/2263/1780 1942/2250/1780
f 1942/2252/1791 1943/2254/1791 1931/2253/1791
f 1943/2254/1790 1944/2267/1790 1932/2240/1790
f 1932/2240/1789 1944/2267/1789 1945/2255/1789
f 1933/2241/1788 1945/2255/1788 1946/2256/1788
f 1946/2256/1787 1947/2257/1787 1935/2243/1787
f 1947/2257/1786 1936/2244/1786 1924/2245/1786
f 1948/2258/1797 1949/2259/1797 1937/2246/1797
f 1949/2259/1796 1950/2260/1796 1938/2247/1796
f 1950/2260/1795 1951/2261/1795 1939/2248/1795
f 1951/2261/1794 1952/2262/1794 1940/2249/1794
f 1952/2262/1793 1953/2264/1793 1941/2263/1793
f 1953/2264/1792 1954/2276/1792 1942/2250/1792
f 1954/2265/1803 1955/2266/1803 1943/2254/1803
f 1955/2266/1802 1956/2268/1802 1944/2267/1802
f 1956/2268/1801 1957/2280/1801 1945/2255/1801
f 1945/2255/1800 1957/2280/1800 1958/2269/1800
f 1946/2256/1799 1958/2269/1799 1959/2270/1799
f 1959/2270/1798 1948/2258/1798 1936/2244/1798
f 1960/2271/1809 1961/2272/1809 1949/2259/1809
f 1961/2272/1808 1962/2284/1808 1950/2260/1808
f 1950/2260/1807 1962/2284/1807 1963/2273/1807
f 1951/2261/1806 1963/2273/1806 1964/2274/1806
f 1964/2274/1805 1965/2275/1805 1953/2264/1805
f 1965/2275/1804 1966/2289/1804 1954/2276/1804
f 1966/2277/1815 1967/2278/1815 1955/2266/1815
f 1967/2278/1814 1968/2279/1814 1956/2268/1814
f 1968/2279/1813 1969/2281/1813 1957/2280/1813
f 1969/2281/1812 1970/2282/1812 1958/2269/1812
f 1970/2282/1811 1971/2295/1811 1959/2270/1811
f 1959/2270/1810 1971/2295/1810 1960/2271/1810
f 1960/2271/1821 1972/2296/1821 1973/2283/1821
f 1973/2283/1820 1974/2285/1820 1962/2284/1820
f 1974/2285/1819 1975/2286/1819 1963/2273/1819
f 1975/2286/1818 1976/2287/1818 1964/2274/1818
f 1976/2287/1817 1977/2288/1817 1965/2275/1817
f 1977/2288/1816 1978/2301/1816 1966/2289/1816
f 1978/2290/1827 1979/2291/1827 1967/2278/1827
f 1979/2291/1826 1980/2292/1826 1968/2279/1826
f 1980/2292/1825 1981/2293/1825 1969/2281/1825
f 1981/2293/1824 1982/2306/1824 1970/2282/1824
f 1970/2282/1823 1982/2306/1823 1983/2294/1823
f 1983/2294/1822 1972/2296/1822 1960/2271/1822
f 1972/2296/1833 1984/2308/1833 1985/2297/1833
f 1985/2297/1832 1986/2310/1832 1974/2285/1832
f 1974/2285/1831 1986/2310/1831 1987/2298/1831
f 1975/2286/1830 1987/2298/1830 1988/2299/1830
f 1976/2287/1829 1988/2299/1829 1989/2300/1829
f 1989/2300/1828 1990/2314/1828 1978/2301/1828
f 1990/2302/1839 1991/2303/1839 1979/2291/1839
f 1991/2303/1838 1992/2304/1838 1980/2292/1838
f 1992/2304/1837 1993/2305/1837 1981/2293/1837
f 1993/2305/1836 1994/2318/1836 1982/2306/1836
f 1982/2306/1835 1994/2318/1835 1995/2307/1835
f 1995/2307/1834 1984/2308/1834 1972/2296/1834
f 1984/2308/1845 1996/2322/1845 1997/2309/1845
f 1997/2309/1844 1998/2324/1844 1986/2310/1844
f 1986/2310/1843 1998/2324/1843 1999/2311/1843
f 1999/2311/1842 2000/2312/1842 1988/2299/1842
f 2000/2312/1841 2001/2313/1841 1989/2300/1841
f 2001/2313/1840 2002/2329/1840 1990/2314/1840
f 2002/2315/1851 2003/2331/1851 1991/2303/1851
f 1991/2303/1850 2003/2331/1850 2004/2316/1850
f 1992/2304/1849 2004/2316/1849 2005/2317/1849
f 2005/2317/1848 2006/2319/1848 1994/2318/1848
f 2006/2319/1847 2007/2320/1847 1995/2307/1847
f 2007/2320/1846 1996/2322/1846 1984/2308/1846
f 2008/2321/1857 2009/2323/1857 1997/2309/1857
f 2009/2323/1856 2010/2325/1856 1998/2324/1856
f 2010/2325/1855 2011/2326/1855 1999/2311/1855
f 2011/2326/1854 2012/2327/1854 2000/2312/1854
f 2012/2327/1853 2013/2328/1853 2001/2313/1853
f 2013/2328/1852 2014/2340/1852 2002/2329/1852
f 2014/2330/1863 2015/2342/1863 2003/2331/1863
f 2003/2331/1862 2015/2342/1862 2016/2332/1862
f 2016/2332/1861 2017/2333/1861 2005/2317/1861
f 2017/2333/1860 2018/2346/1860 2006/2319/1860
f 2006/2319/1859 2018/2346/1859 2019/2334/1859
f 2019/2334/1858 2008/2321/1858 1996/2322/1858
f 2020/2335/1869 2021/2336/1869 2009/2323/1869
f 2021/2336/1868 2022/2351/1868 2010/2325/1868
f 2010/2325/1867 2022/2351/1867 2023/2337/1867
f 2023/2337/1866 2024/2338/1866 2012/2327/1866
f 2024/2338/1865 2025/2339/1865 2013/2328/1865
f 2025/2339/1864 2026/2356/1864 2014/2340/1864
f 2026/2341/1875 2027/2343/1875 2015/2342/1875
f 2027/2343/1874 2028/2344/1874 2016/2332/1874
f 2028/2344/1873 2029/2345/1873 2017/2333/1873
f 2029/2345/1872 2030/2347/1872 2018/2346/1872
f 2030/2347/1871 2031/2348/1871 2019/2334/1871
f 2031/2348/1870 2020/2335/1870 2008/2321/1870
f 2032/2349/1881 2033/2350/1881 2021/2336/1881
f 2033/2350/1880 2034/2352/1880 2022/2351/1880
f 2034/2352/1879 2035/2353/1879 2023/2337/1879
f 2035/2353/1878 2036/2354/1878 2024/2338/1878
f 2036/2354/1877 2037/2355/1877 2025/2339/1877
f 2037/2355/1876 2038/2367/1876 2026/2356/1876
f 2038/2357/1914 2039/2369/1914 2027/2343/1914
f 2027/2343/1886 2039/2369/1886 2040/2358/1886
f 2040/2358/1885 2041/2359/1885 2029/2345/1885
f 2041/2359/1884 2042/2360/1884 2030/2347/1884
f 2042/2360/1883 2043/2361/1883 2031/2348/1883
f 2043/2361/1882 2032/2349/1882 2020/2335/1882
f 2032/2349/1893 2044/2374/1893 2045/2362/1893
f 2033/2350/1892 2045/2362/1892 2046/2363/1892
f 2034/2352/1891 2046/2363/1891 2047/2364/1891
f 2047/2364/1890 2048/2365/1890 2036/2354/1890
f 2048/2365/1889 2049/2375/1889 2037/2355/1889
f 2037/2355/1888 2049/2375/1888 2050/2366/1888
f 2050/2368/1899 2051/2370/1899 2039/2369/1899
f 2051/2370/1898 2052/2376/1898 2040/2358/1898
f 2040/2358/1897 2052/2376/1897 2053/2371/1897
f 2053/2371/1896 2054/2372/1896 2042/2360/1896
f 2054/2372/1895 2055/2373/1895 2043/2361/1895
f 2055/2373/1894 2044/2374/1894 2032/2349/1894
f 1480/1745/1905 1481/1744/1905 2045/2362/1905
f 1481/1744/1904 1482/1747/1904 2046/2363/1904
f 1482/1747/1903 1483/1748/1903 2047/2364/1903
f 1483/1748/1902 1484/1750/1902 2048/2365/1902
f 1484/1750/1901 1485/1752/1901 2049/2375/1901
f 1485/1752/1900 1486/1754/1900 2050/2366/1900
f 2050/2368/1911 1486/1757/1911 1487/1756/1911
f 1487/1756/1910 1488/1759/1910 2052/2376/1910
f 1488/1759/1909 1489/1761/1909 2053/2371/1909
f 1489/1761/1908 1490/1763/1908 2054/2372/1908
f 2054/2372/1907 1490/1763/1907 1491/1765/1907
f 2055/2373/1906 1491/1765/1906 1480/1745/1906
o Torus.001
v 0.441792 2.161400 -0.150654
v 0.447592 2.165414 -0.152632
v 0.450813 2.171945 -0.153430
v 0.450593 2.179242 -0.152833
v 0.446989 2.185352 -0.151001
v 0.440969 2.188636 -0.148426
v 0.434144 2.188215 -0.145797
v 0.428344 2.184201 -0.143819
v 0.425123 2.177670 -0.143021
v 0.425343 2.170372 -0.143618
v 0.428946 2.164263 -0.145450
v 0.434967 2.160979 -0.148025
v 0.438283 2.162575 -0.159138
v 0.444177 2.166557 -0.160889
v 0.447655 2.173002 -0.161065
v 0.447785 2.180182 -0.159620
v 0.444533 2.186175 -0.156940
v 0.438769 2.189373 -0.153744
v 0.432039 2.188920 -0.150887
v 0.426145 2.184938 -0.149136
v 0.422666 2.178493 -0.148960
v 0.422536 2.171313 -0.150405
v 0.425788 2.165320 -0.153085
v 0.431552 2.162122 -0.156282
v 0.434507 2.164877 -0.167269
v 0.440502 2.168797 -0.168802
v 0.444257 2.175074 -0.168383
v 0.444765 2.182024 -0.166125
v 0.441890 2.187786 -0.162632
v 0.436403 2.190815 -0.158840
v 0.429773 2.190301 -0.155766
v 0.423778 2.186381 -0.154233
v 0.420023 2.180104 -0.154652
v 0.419515 2.173154 -0.156910
v 0.422390 2.167392 -0.160403
v 0.427877 2.164362 -0.164195
v 0.430528 2.168266 -0.174908
v 0.436630 2.172096 -0.176236
v 0.440676 2.178124 -0.175258
v 0.441582 2.184736 -0.172236
v 0.439105 2.190158 -0.167979
v 0.433909 2.192940 -0.163628
v 0.427386 2.192335 -0.160349
v 0.421284 2.188505 -0.159021
v 0.417238 2.182477 -0.159999
v 0.416332 2.175866 -0.163021
v 0.418809 2.170443 -0.167278
v 0.424005 2.167661 -0.171629
v 0.426415 2.172685 -0.181924
v 0.432627 2.176397 -0.183065
v 0.436974 2.182101 -0.181573
v 0.438291 2.188271 -0.177849
v 0.436226 2.193252 -0.172891
v 0.431331 2.195710 -0.168026
v 0.424918 2.194986 -0.164559
v 0.418706 2.191275 -0.163419
v 0.414359 2.185570 -0.164910
v 0.413042 2.179401 -0.168634
v 0.415108 2.174420 -0.173593
v 0.420003 2.171962 -0.178457
v 0.422238 2.178058 -0.188198
v 0.428562 2.181626 -0.189170
v 0.433215 2.186937 -0.187219
v 0.434950 2.192569 -0.182868
v 0.433302 2.197013 -0.177282
v 0.428713 2.199078 -0.171958
v 0.422412 2.198210 -0.168323
v 0.416088 2.194643 -0.167351
v 0.411435 2.189331 -0.169302
v 0.409700 2.183699 -0.173653
v 0.411348 2.179255 -0.179239
v 0.415937 2.177191 -0.184563
v 0.418069 2.184293 -0.193621
v 0.424504 2.187693 -0.194448
v 0.429462 2.192548 -0.192100
v 0.431614 2.197557 -0.187206
v 0.430383 2.201377 -0.181078
v 0.426099 2.202986 -0.175358
v 0.419910 2.201951 -0.171577
v 0.413475 2.198551 -0.170750
v 0.408517 2.193696 -0.173098
v 0.406365 2.188687 -0.177992
v 0.407596 2.184867 -0.184120
v 0.411880 2.183259 -0.189841
v 0.413978 2.191283 -0.198101
v 0.420523 2.194496 -0.198808
v 0.425781 2.198839 -0.196132
v 0.428342 2.203149 -0.190791
v 0.427520 2.206270 -0.184215
v 0.423535 2.207367 -0.178166
v 0.417456 2.206145 -0.174265
v 0.410911 2.202932 -0.173558
v 0.405653 2.198589 -0.176234
v 0.403092 2.194279 -0.181576
v 0.403914 2.191158 -0.188152
v 0.407899 2.190061 -0.194201
v 0.410036 2.198909 -0.201562
v 0.416687 2.201918 -0.202176
v 0.422233 2.205703 -0.199247
v 0.425188 2.209250 -0.193559
v 0.424761 2.211609 -0.186637
v 0.421065 2.212147 -0.180335
v 0.415091 2.210721 -0.176342
v 0.408440 2.207712 -0.175728
v 0.402894 2.203927 -0.178657
v 0.399939 2.200380 -0.184345
v 0.400366 2.198021 -0.191267
v 0.404062 2.197483 -0.197569
v 0.406310 2.207041 -0.203944
v 0.413061 2.209831 -0.204494
v 0.418880 2.213021 -0.201391
v 0.422208 2.215755 -0.195465
v 0.422153 2.217300 -0.188304
v 0.418729 2.217243 -0.181828
v 0.412855 2.215599 -0.177771
v 0.406105 2.212809 -0.177221
v 0.400286 2.209619 -0.180324
v 0.396958 2.206885 -0.186250
v 0.397013 2.205339 -0.193411
v 0.400436 2.205396 -0.199887
v 0.402865 2.215538 -0.205206
v 0.409708 2.218101 -0.205723
v 0.415779 2.220669 -0.202527
v 0.419451 2.222553 -0.196475
v 0.419740 2.223248 -0.189188
v 0.416570 2.222570 -0.182619
v 0.410788 2.220698 -0.178528
v 0.403945 2.218135 -0.178012
v 0.397874 2.215567 -0.181208
v 0.394202 2.213683 -0.187260
v 0.393912 2.212987 -0.194547
v 0.397083 2.213666 -0.201116
v 0.399758 2.224256 -0.205328
v 0.406684 2.226585 -0.205841
v 0.412983 2.228515 -0.202636
v 0.416966 2.229527 -0.196572
v 0.417566 2.229351 -0.189273
v 0.414622 2.228034 -0.182695
v 0.408924 2.225929 -0.178601
v 0.401998 2.223599 -0.178088
v 0.395699 2.221670 -0.181293
v 0.391716 2.220657 -0.187357
v 0.391116 2.220833 -0.194656
v 0.394059 2.222151 -0.201234
v 0.397043 2.233046 -0.204306
v 0.404042 2.235139 -0.204846
v 0.410539 2.236425 -0.201716
v 0.414794 2.236559 -0.195754
v 0.415665 2.235504 -0.188557
v 0.412921 2.233543 -0.182055
v 0.407295 2.231202 -0.177988
v 0.400296 2.229108 -0.177447
v 0.393799 2.227822 -0.180577
v 0.389544 2.227689 -0.186539
v 0.388673 2.228744 -0.193736
v 0.391417 2.230705 -0.200239
v 0.394767 2.241756 -0.202158
v 0.401827 2.243617 -0.202756
v 0.408491 2.244265 -0.199783
v 0.412973 2.243527 -0.194036
v 0.414072 2.241601 -0.187054
v 0.411494 2.239003 -0.180708
v 0.405929 2.236429 -0.176699
v 0.398869 2.234568 -0.176101
v 0.392205 2.233920 -0.179074
v 0.387723 2.234658 -0.184821
v 0.386624 2.236584 -0.191803
v 0.389202 2.239182 -0.198149
v 0.392968 2.250239 -0.198921
v 0.400076 2.251872 -0.199606
v 0.406872 2.251900 -0.196870
v 0.411534 2.250314 -0.191447
v 0.412813 2.247540 -0.184788
v 0.410367 2.244320 -0.178680
v 0.404850 2.241518 -0.174757
v 0.397742 2.239885 -0.174072
v 0.390946 2.239858 -0.176808
v 0.386284 2.241444 -0.182232
v 0.385005 2.244218 -0.188890
v 0.387452 2.247437 -0.194999
v 0.391678 2.258349 -0.194651
v 0.398821 2.259765 -0.195450
v 0.405711 2.259199 -0.193027
v 0.410502 2.256802 -0.188030
v 0.411910 2.253216 -0.181799
v 0.409558 2.249403 -0.176003
v 0.404076 2.246384 -0.172195
v 0.396933 2.244968 -0.171396
v 0.390043 2.245535 -0.173819
v 0.385252 2.247932 -0.178815
v 0.383844 2.251517 -0.185047
v 0.386196 2.255330 -0.190843
v 0.390918 2.265947 -0.189420
v 0.398081 2.267159 -0.190359
v 0.405027 2.266037 -0.188319
v 0.409893 2.262880 -0.183845
v 0.411378 2.258535 -0.178137
v 0.409081 2.254166 -0.172724
v 0.403620 2.250943 -0.169056
v 0.396457 2.249731 -0.168117
v 0.389511 2.250853 -0.170157
v 0.384644 2.254010 -0.174631
v 0.383160 2.258355 -0.180339
v 0.385456 2.262724 -0.185752
v 0.390701 2.272903 -0.183318
v 0.397870 2.273929 -0.184421
v 0.404831 2.272297 -0.182827
v 0.409720 2.268445 -0.178964
v 0.411226 2.263404 -0.173866
v 0.408946 2.258526 -0.168899
v 0.403490 2.255117 -0.165395
v 0.396321 2.254091 -0.164292
v 0.389359 2.255723 -0.165886
v 0.384471 2.259575 -0.169749
v 0.382965 2.264616 -0.174847
v 0.385245 2.269494 -0.179813
v 0.391031 2.279099 -0.176449
v 0.398191 2.279959 -0.177736
v 0.405129 2.277873 -0.176645
v 0.409984 2.273401 -0.173469
v 0.411457 2.267741 -0.169058
v 0.409153 2.262409 -0.164594
v 0.403688 2.258834 -0.161274
v 0.396528 2.257974 -0.159987
v 0.389591 2.260060 -0.161078
v 0.384735 2.264532 -0.164254
v 0.383262 2.270192 -0.168665
v 0.385567 2.275524 -0.173129
v 0.391903 2.284427 -0.168931
v 0.399040 2.285145 -0.170420
v 0.405913 2.282669 -0.169879
v 0.410682 2.277664 -0.167455
v 0.412067 2.271471 -0.163795
v 0.409699 2.265749 -0.159882
v 0.404211 2.262032 -0.156763
v 0.397074 2.261314 -0.155275
v 0.390201 2.263790 -0.155815
v 0.385432 2.268794 -0.158240
v 0.384047 2.274987 -0.161899
v 0.386415 2.280710 -0.165812
v 0.393301 2.288798 -0.160893
v 0.400401 2.289398 -0.162597
v 0.407172 2.286603 -0.162645
v 0.411800 2.281161 -0.161024
v 0.413046 2.274531 -0.158169
v 0.410575 2.268489 -0.154844
v 0.405050 2.264654 -0.151940
v 0.397951 2.264054 -0.150236
v 0.391179 2.266849 -0.150188
v 0.386551 2.272291 -0.151809
v 0.385305 2.278921 -0.154665
v 0.387776 2.284963 -0.157989
v 0.395202 2.292136 -0.152472
v 0.402250 2.292646 -0.154401
v 0.408882 2.289607 -0.155066
v 0.413321 2.283831 -0.154287
v 0.414377 2.276867 -0.152274
v 0.411767 2.270581 -0.149565
v 0.406190 2.266656 -0.146888
v 0.399142 2.266146 -0.144958
v 0.392510 2.269186 -0.144294
v 0.388071 2.274961 -0.145072
v 0.387016 2.281925 -0.147086
v 0.389626 2.288212 -0.149794
v 0.397573 2.294384 -0.143812
v 0.404558 2.294834 -0.145973
v 0.411016 2.291630 -0.147272
v 0.415218 2.285630 -0.147359
v 0.416036 2.278441 -0.146212
v 0.413253 2.271990 -0.144137
v 0.407613 2.268005 -0.141692
v 0.400628 2.267555 -0.139530
v 0.394170 2.270759 -0.138231
v 0.389968 2.276760 -0.138144
v 0.389149 2.283948 -0.139291
v 0.391933 2.290399 -0.141366
v 0.400373 2.295503 -0.135061
v 0.407283 2.295924 -0.137457
v 0.413536 2.292638 -0.139396
v 0.417458 2.286525 -0.140358
v 0.417996 2.279224 -0.140086
v 0.415008 2.272691 -0.138652
v 0.409293 2.268677 -0.136441
v 0.402383 2.268257 -0.134045
v 0.396130 2.271543 -0.132106
v 0.392208 2.277655 -0.131144
v 0.391670 2.284956 -0.131416
v 0.394658 2.291489 -0.132850
v 0.403555 2.295475 -0.126369
v 0.410379 2.295897 -0.128998
v 0.416400 2.292612 -0.131573
v 0.420003 2.286503 -0.133405
v 0.420224 2.279205 -0.134002
v 0.417002 2.272674 -0.133204
v 0.411202 2.268660 -0.131226
v 0.404378 2.268239 -0.128597
v 0.398357 2.271523 -0.126022
v 0.394754 2.277633 -0.124190
v 0.394533 2.284931 -0.123593
v 0.397755 2.291462 -0.124391
v 0.407064 2.294300 -0.117885
v 0.413794 2.294753 -0.120741
v 0.419558 2.291555 -0.123938
v 0.422810 2.285563 -0.126618
v 0.422680 2.278382 -0.128063
v 0.419202 2.271938 -0.127887
v 0.413308 2.267955 -0.126136
v 0.406577 2.267503 -0.123279
v 0.400813 2.270701 -0.120083
v 0.397561 2.276693 -0.117403
v 0.397691 2.283873 -0.115958
v 0.401170 2.290318 -0.116134
v 0.410840 2.291998 -0.109754
v 0.417469 2.292513 -0.112828
v 0.422957 2.289483 -0.116620
v 0.425831 2.283721 -0.120113
v 0.425323 2.276771 -0.122371
v 0.421568 2.270495 -0.122790
v 0.415573 2.266574 -0.121257
v 0.408944 2.266060 -0.118183
v 0.403457 2.269089 -0.114391
v 0.400582 2.274851 -0.110898
v 0.401090 2.281802 -0.108640
v 0.404845 2.288078 -0.108221
v 0.414818 2.288609 -0.102115
v 0.421341 2.289214 -0.105394
v 0.426537 2.286433 -0.109745
v 0.429014 2.281010 -0.114002
v 0.428108 2.274398 -0.117024
v 0.424062 2.268370 -0.118002
v 0.417960 2.264540 -0.116674
v 0.411437 2.263935 -0.113395
v 0.406242 2.266717 -0.109044
v 0.403765 2.272140 -0.104787
v 0.404671 2.278751 -0.101765
v 0.408716 2.284779 -0.100787
v 0.418931 2.284190 -0.095099
v 0.425344 2.284914 -0.098566
v 0.430239 2.282456 -0.103430
v 0.432304 2.277475 -0.108389
v 0.430987 2.271305 -0.112113
v 0.426640 2.265600 -0.113604
v 0.420428 2.261889 -0.112464
v 0.414015 2.261166 -0.108997
v 0.409121 2.263623 -0.104132
v 0.407055 2.268605 -0.099174
v 0.408372 2.274774 -0.095450
v 0.412719 2.280479 -0.093958
v 0.423108 2.278817 -0.088825
v 0.429409 2.279685 -0.092460
v 0.433998 2.277620 -0.097784
v 0.435646 2.273176 -0.103370
v 0.433911 2.267544 -0.107721
v 0.429258 2.262233 -0.109672
v 0.422934 2.258665 -0.108700
v 0.416634 2.257798 -0.105065
v 0.412044 2.259862 -0.099741
v 0.410397 2.264306 -0.094155
v 0.412131 2.269938 -0.089804
v 0.416784 2.275250 -0.087853
v 0.427278 2.272582 -0.083402
v 0.433467 2.273617 -0.087182
v 0.437751 2.272009 -0.092903
v 0.438982 2.268188 -0.099031
v 0.436830 2.263180 -0.103925
v 0.431872 2.258325 -0.106273
v 0.425436 2.254925 -0.105446
v 0.419247 2.253890 -0.101665
v 0.414963 2.255498 -0.095945
v 0.413732 2.259318 -0.089817
v 0.415884 2.264327 -0.084923
v 0.420842 2.269182 -0.082575
v 0.431368 2.265592 -0.078922
v 0.437448 2.266814 -0.082822
v 0.441432 2.265717 -0.088871
v 0.442254 2.262596 -0.095447
v 0.439693 2.258286 -0.100789
v 0.434436 2.253943 -0.103465
v 0.427890 2.250730 -0.102758
v 0.421811 2.249508 -0.098857
v 0.417827 2.250605 -0.092809
v 0.417005 2.253726 -0.086232
v 0.419566 2.258036 -0.080891
v 0.424823 2.262379 -0.078215
v 0.435310 2.257966 -0.075461
v 0.441284 2.259392 -0.079454
v 0.444980 2.258854 -0.085756
v 0.445408 2.256495 -0.092678
v 0.442453 2.252948 -0.098366
v 0.436907 2.249163 -0.101295
v 0.430256 2.246155 -0.100681
v 0.424282 2.244728 -0.096688
v 0.420586 2.245267 -0.090386
v 0.420158 2.247625 -0.083464
v 0.423113 2.251172 -0.077776
v 0.428659 2.254957 -0.074847
v 0.439036 2.249835 -0.073079
v 0.444910 2.251479 -0.077136
v 0.448333 2.251536 -0.083612
v 0.448388 2.249990 -0.090773
v 0.445061 2.247257 -0.096699
v 0.439242 2.244067 -0.099802
v 0.432491 2.241276 -0.099252
v 0.426617 2.239632 -0.095195
v 0.423194 2.239575 -0.088719
v 0.423139 2.241120 -0.081558
v 0.426467 2.243854 -0.075632
v 0.432285 2.247044 -0.072529
v 0.442482 2.241338 -0.071817
v 0.448263 2.243209 -0.075907
v 0.451434 2.243888 -0.082476
v 0.451145 2.243192 -0.089763
v 0.447473 2.241308 -0.095815
v 0.441402 2.238741 -0.099011
v 0.434558 2.236178 -0.098495
v 0.428777 2.234306 -0.094404
v 0.425606 2.233627 -0.087835
v 0.425895 2.234323 -0.080548
v 0.429568 2.236207 -0.074496
v 0.435639 2.238774 -0.071300
v 0.445589 2.232620 -0.071695
v 0.451287 2.234725 -0.075789
v 0.454230 2.236042 -0.082367
v 0.453630 2.236218 -0.089666
v 0.449647 2.235206 -0.095730
v 0.443349 2.233276 -0.098935
v 0.436422 2.230947 -0.098422
v 0.430724 2.228841 -0.094328
v 0.427781 2.227524 -0.087750
v 0.428381 2.227348 -0.080451
v 0.432364 2.228360 -0.074387
v 0.438662 2.230290 -0.071182
v 0.448303 2.223830 -0.072717
v 0.453929 2.226171 -0.076784
v 0.456674 2.228131 -0.083287
v 0.455802 2.229186 -0.090484
v 0.451548 2.229053 -0.096446
v 0.445050 2.227767 -0.099576
v 0.438051 2.225673 -0.099035
v 0.432426 2.223332 -0.094968
v 0.429681 2.221371 -0.088466
v 0.430553 2.220316 -0.081269
v 0.434807 2.220450 -0.075307
v 0.441304 2.221736 -0.072177
v 0.450580 2.215119 -0.074865
v 0.456144 2.217694 -0.078874
v 0.458722 2.220292 -0.085220
v 0.457623 2.222218 -0.092202
v 0.453141 2.222955 -0.097949
v 0.446477 2.222307 -0.100922
v 0.439417 2.220447 -0.100324
v 0.433852 2.217872 -0.096315
v 0.431274 2.215274 -0.089969
v 0.432374 2.213348 -0.082987
v 0.436856 2.212610 -0.077240
v 0.443519 2.213259 -0.074267
v 0.452378 2.206636 -0.078102
v 0.457895 2.209438 -0.082024
v 0.460341 2.212657 -0.088133
v 0.459062 2.215431 -0.094791
v 0.454400 2.217017 -0.100215
v 0.447605 2.216990 -0.102951
v 0.440496 2.215357 -0.102266
v 0.434980 2.212555 -0.098343
v 0.432533 2.209336 -0.092235
v 0.433813 2.206562 -0.085577
v 0.438474 2.204976 -0.080153
v 0.445270 2.205003 -0.077417
v 0.453669 2.198526 -0.082372
v 0.459151 2.201545 -0.086180
v 0.461502 2.205358 -0.091976
v 0.460094 2.208944 -0.098208
v 0.455303 2.211340 -0.103204
v 0.448413 2.211907 -0.105627
v 0.441271 2.210491 -0.104828
v 0.435789 2.207472 -0.101020
v 0.433437 2.203659 -0.095224
v 0.434845 2.200074 -0.088993
v 0.439636 2.197677 -0.083996
v 0.446526 2.197110 -0.081573
v 0.454429 2.190928 -0.087603
v 0.459890 2.194151 -0.091271
v 0.462187 2.198520 -0.096684
v 0.460702 2.202865 -0.102392
v 0.455835 2.206022 -0.106866
v 0.448890 2.207144 -0.108906
v 0.441727 2.205932 -0.107967
v 0.436265 2.202709 -0.104299
v 0.433969 2.198340 -0.098886
v 0.435453 2.193995 -0.093178
v 0.440320 2.190839 -0.088704
v 0.447266 2.189716 -0.086664
v 0.454646 2.183972 -0.093705
v 0.460101 2.187381 -0.097210
v 0.462382 2.192260 -0.102176
v 0.460876 2.197300 -0.107274
v 0.455987 2.201153 -0.111137
v 0.449026 2.202784 -0.112731
v 0.441857 2.201758 -0.111628
v 0.436401 2.198349 -0.108124
v 0.434121 2.193471 -0.103157
v 0.435626 2.188430 -0.098059
v 0.440515 2.184578 -0.094196
v 0.447476 2.182946 -0.092602
v 0.454315 2.177777 -0.100574
v 0.459780 2.181352 -0.103894
v 0.462084 2.186684 -0.108358
v 0.460612 2.192344 -0.112769
v 0.455756 2.196816 -0.115945
v 0.448819 2.198901 -0.117036
v 0.441658 2.198041 -0.115749
v 0.436194 2.194466 -0.112429
v 0.433889 2.189134 -0.107965
v 0.435362 2.183474 -0.103554
v 0.440218 2.179002 -0.100378
v 0.447155 2.176917 -0.099287
v 0.453443 2.172448 -0.108092
v 0.458931 2.176166 -0.111211
v 0.461300 2.181888 -0.115124
v 0.459914 2.188081 -0.118783
v 0.455146 2.193086 -0.121208
v 0.448272 2.195561 -0.121748
v 0.441135 2.194844 -0.120260
v 0.435648 2.191126 -0.117141
v 0.433279 2.185404 -0.113228
v 0.434665 2.179211 -0.109568
v 0.439433 2.174206 -0.107144
v 0.446307 2.171731 -0.106603
v 0.452045 2.168077 -0.116130
v 0.457571 2.171912 -0.119034
v 0.460041 2.177954 -0.122358
v 0.458796 2.184584 -0.125214
v 0.454167 2.190026 -0.126835
v 0.447396 2.192822 -0.126787
v 0.440296 2.192222 -0.125083
v 0.434771 2.188387 -0.122179
v 0.432300 2.182345 -0.118854
v 0.433546 2.175714 -0.115999
v 0.438175 2.170273 -0.114378
v 0.444946 2.167477 -0.114426
v 0.450145 2.164740 -0.124551
v 0.455721 2.168664 -0.127229
v 0.458331 2.174950 -0.129937
v 0.457275 2.181914 -0.131951
v 0.452836 2.187690 -0.132730
v 0.446204 2.190730 -0.132065
v 0.439156 2.190219 -0.130135
v 0.433580 2.186295 -0.127458
v 0.430970 2.180008 -0.124749
v 0.432026 2.173044 -0.122736
v 0.436464 2.167269 -0.121957
v 0.443096 2.164229 -0.122622
v 0.447774 2.162492 -0.133211
v 0.453414 2.166476 -0.135657
v 0.456197 2.172927 -0.137732
v 0.455378 2.180116 -0.138879
v 0.451177 2.186116 -0.138792
v 0.444718 2.189321 -0.137493
v 0.437734 2.188870 -0.135331
v 0.432094 2.184886 -0.132886
v 0.429310 2.178435 -0.130811
v 0.430129 2.171246 -0.129664
v 0.434330 2.165246 -0.129751
v 0.440789 2.162041 -0.131050
v 0.444973 2.161372 -0.141962
v 0.450688 2.165386 -0.144173
v 0.453677 2.171919 -0.145607
v 0.453138 2.179220 -0.145879
v 0.449217 2.185333 -0.144917
v 0.442963 2.188619 -0.142978
v 0.436053 2.188198 -0.140582
v 0.430339 2.184184 -0.138371
v 0.427350 2.177651 -0.136937
v 0.427889 2.170350 -0.136665
v 0.431810 2.164238 -0.137627
v 0.438064 2.160952 -0.139566
vn 0.4680 -0.8282 -0.3083
vn 0.8042 -0.4448 -0.3942
vn 0.9253 0.0586 -0.3746
vn 0.7978 0.5467 -0.2542
vn 0.4560 0.8875 -0.0657
vn -0.0071 0.9901 0.1401
vn -0.4680 0.8282 0.3083
vn -0.8042 0.4448 0.3942
vn -0.9253 -0.0586 0.3746
vn -0.7978 -0.5467 0.2542
vn -0.4560 -0.8875 0.0657
vn 0.0071 -0.9901 -0.1401
vn 0.4182 -0.8044 -0.4219
vn 0.7677 -0.4274 -0.4775
vn 0.9120 0.0650 -0.4051
vn 0.8112 0.5403 -0.2237
vn 0.4926 0.8701 0.0176
vn 0.0427 0.9663 0.2537
vn -0.4182 0.8044 0.4219
vn -0.7677 0.4274 0.4775
vn -0.9120 -0.0650 0.4051
vn -0.8112 -0.5403 0.2237
vn -0.4926 -0.8701 -0.0176
vn -0.0427 -0.9663 -0.2537
vn 0.3651 -0.7655 -0.5298
vn 0.7288 -0.3989 -0.5566
vn 0.8977 0.0754 -0.4341
vn 0.8254 0.5299 -0.1948
vn 0.5314 0.8416 0.0966
vn 0.0957 0.9274 0.3616
vn -0.3651 0.7655 0.5298
vn -0.7288 0.3989 0.5566
vn -0.8977 -0.0754 0.4341
vn -0.8254 -0.5299 0.1948
vn -0.5314 -0.8416 -0.0966
vn -0.0957 -0.9274 -0.3616
vn 0.3098 -0.7121 -0.6301
vn 0.6882 -0.3597 -0.6300
vn 0.8829 0.0898 -0.4610
vn 0.8403 0.5155 -0.1679
vn 0.5720 0.8024 0.1701
vn 0.1511 0.8740 0.4619
vn -0.3098 0.7121 0.6301
vn -0.6882 0.3597 0.6300
vn -0.8829 -0.0898 0.4610
vn -0.8403 -0.5155 0.1679
vn -0.5720 -0.8024 -0.1701
vn -0.1511 -0.8740 -0.4619
vn 0.2530 -0.6451 -0.7210
vn 0.6467 -0.3106 -0.6966
vn 0.8676 0.1078 -0.4854
vn 0.8555 0.4976 -0.1435
vn 0.6135 0.7534 0.2367
vn 0.2078 0.8070 0.5528
vn -0.2530 0.6451 0.7210
vn -0.6467 0.3106 0.6966
vn -0.8676 -0.1078 0.4854
vn -0.8555 -0.4976 0.1435
vn -0.6135 -0.7534 -0.2367
vn -0.2078 -0.8070 -0.5528
vn 0.1960 -0.5657 -0.8010
vn 0.6049 -0.2525 -0.7553
vn 0.8523 0.1291 -0.5069
vn 0.8708 0.4762 -0.1220
vn 0.6554 0.6952 0.2953
vn 0.2649 0.7276 0.6328
vn -0.1959 0.5657 0.8010
vn -0.6049 0.2525 0.7553
vn -0.8523 -0.1291 0.5069
vn -0.8708 -0.4762 0.1220
vn -0.6554 -0.6952 -0.2953
vn -0.2649 -0.7276 -0.6328
vn 0.1394 -0.4752 -0.8687
vn 0.5635 -0.1862 -0.8049
vn 0.8371 0.1534 -0.5251
vn 0.8860 0.4520 -0.1038
vn 0.6968 0.6289 0.3450
vn 0.3214 0.6371 0.7006
vn -0.1394 0.4752 0.8687
vn -0.5635 0.1862 0.8049
vn -0.8371 -0.1534 0.5251
vn -0.8860 -0.4520 0.1038
vn -0.6968 -0.6289 -0.3450
vn -0.3214 -0.6371 -0.7006
vn 0.0845 -0.3752 -0.9231
vn 0.5232 -0.1129 -0.8447
vn 0.8224 0.1802 -0.5396
vn 0.9007 0.4251 -0.0892
vn 0.7370 0.5556 0.3848
vn 0.3764 0.5371 0.7549
vn -0.0845 0.3752 0.9231
vn -0.5232 0.1129 0.8447
vn -0.8224 -0.1802 0.5396
vn -0.9007 -0.4251 0.0892
vn -0.7370 -0.5556 -0.3848
vn -0.3764 -0.5371 -0.7549
vn 0.0320 -0.2674 -0.9630
vn 0.4848 -0.0339 -0.8740
vn 0.8083 0.2091 -0.5504
vn 0.9148 0.3962 -0.0785
vn 0.7755 0.4766 0.4141
vn 0.4288 0.4293 0.7949
vn -0.0320 0.2674 0.9630
vn -0.4848 0.0339 0.8740
vn -0.8083 -0.2091 0.5504
vn -0.9148 -0.3962 0.0785
vn -0.7755 -0.4766 -0.4141
vn -0.4288 -0.4293 -0.7949
vn -0.0170 -0.1537 -0.9880
vn 0.4488 0.0494 -0.8923
vn 0.7951 0.2397 -0.5571
vn 0.9280 0.3656 -0.0718
vn 0.8114 0.3933 0.4323
vn 0.4779 0.3156 0.8198
vn 0.0170 0.1537 0.9880
vn -0.4488 -0.0494 0.8923
vn -0.7951 -0.2397 0.5571
vn -0.9280 -0.3656 0.0718
vn -0.8114 -0.3933 -0.4323
vn -0.4779 -0.3156 -0.8198
vn -0.0618 -0.0359 -0.9974
vn 0.4160 0.1357 -0.8992
vn 0.7831 0.2713 -0.5596
vn 0.9400 0.3340 -0.0692
vn 0.8443 0.3070 0.4393
vn 0.5227 0.1978 0.8293
vn 0.0618 0.0359 0.9974
vn -0.4160 -0.1357 0.8992
vn -0.7831 -0.2713 0.5596
vn -0.9400 -0.3340 0.0692
vn -0.8443 -0.3070 -0.4393
vn -0.5227 -0.1978 -0.8293
vn -0.1017 0.0839 -0.9913
vn 0.3868 0.2235 -0.8947
vn 0.7724 0.3034 -0.5580
vn 0.9507 0.3019 -0.0709
vn 0.8735 0.2192 0.4348
vn 0.5625 0.0780 0.8231
vn 0.1017 -0.0839 0.9913
vn -0.3868 -0.2235 0.8947
vn -0.7724 -0.3034 0.5580
vn -0.9507 -0.3019 0.0709
vn -0.8735 -0.2192 -0.4348
vn -0.5625 -0.0780 -0.8231
vn -0.1358 0.2036 -0.9696
vn 0.3618 0.3112 -0.8788
vn 0.7632 0.3356 -0.5521
vn 0.9599 0.2697 -0.0767
vn 0.8985 0.1315 0.4189
vn 0.5967 -0.0417 0.8014
vn 0.1358 -0.2036 0.9696
vn -0.3618 -0.3112 0.8788
vn -0.7632 -0.3356 0.5521
vn -0.9599 -0.2697 0.0767
vn -0.8985 -0.1315 -0.4189
vn -0.5967 0.0417 -0.8014
vn -0.1637 0.3212 -0.9328
vn 0.3413 0.3974 -0.8518
vn 0.7558 0.3672 -0.5422
vn 0.9674 0.2382 -0.0866
vn 0.9189 0.0453 0.3919
vn 0.6245 -0.1593 0.7646
vn 0.1637 -0.3212 0.9328
vn -0.3413 -0.3974 0.8518
vn -0.7558 -0.3672 0.5422
vn -0.9674 -0.2382 0.0866
vn -0.9189 -0.0453 -0.3919
vn -0.6245 0.1593 -0.7646
vn -0.1848 0.4347 -0.8814
vn 0.3259 0.4806 -0.8142
vn 0.7501 0.3976 -0.5285
vn 0.9730 0.2077 -0.1004
vn 0.9344 -0.0379 0.3542
vn 0.6457 -0.2728 0.7132
vn 0.1848 -0.4347 0.8814
vn -0.3259 -0.4806 0.8142
vn -0.7501 -0.3976 0.5285
vn -0.9730 -0.2077 0.1004
vn -0.9344 0.0379 -0.3542
vn -0.6457 0.2728 -0.7132
vn -0.1989 0.5422 -0.8164
vn 0.3156 0.5593 -0.7665
vn 0.7463 0.4265 -0.5110
vn 0.9768 0.1788 -0.1178
vn 0.9447 -0.1166 0.3066
vn 0.6597 -0.3803 0.6482
vn 0.1989 -0.5422 0.8164
vn -0.3156 -0.5593 0.7665
vn -0.7463 -0.4265 0.5110
vn -0.9768 -0.1788 0.1178
vn -0.9447 0.1166 -0.3066
vn -0.6597 0.3803 -0.6482
vn -0.2055 0.6417 -0.7389
vn 0.3107 0.6323 -0.7097
vn 0.7445 0.4532 -0.4902
vn 0.9786 0.1521 -0.1387
vn 0.9496 -0.1896 0.2498
vn 0.6664 -0.4798 0.5707
vn 0.2055 -0.6417 0.7389
vn -0.3107 -0.6323 0.7097
vn -0.7445 -0.4532 0.4902
vn -0.9786 -0.1521 0.1387
vn -0.9496 0.1896 -0.2498
vn -0.6664 0.4798 -0.5707
vn -0.2048 0.7317 -0.6501
vn 0.3112 0.6982 -0.6447
vn 0.7447 0.4774 -0.4664
vn 0.9784 0.1280 -0.1625
vn 0.9490 -0.2555 0.1848
vn 0.6656 -0.5698 0.4820
vn 0.2048 -0.7317 0.6501
vn -0.3112 -0.6982 0.6447
vn -0.7447 -0.4774 0.4664
vn -0.9784 -0.1280 0.1625
vn -0.9490 0.2555 -0.1848
vn -0.6656 0.5698 -0.4820
vn -0.1965 0.8105 -0.5517
vn 0.3173 0.7560 -0.5726
vn 0.7469 0.4985 -0.4400
vn 0.9762 0.1068 -0.1889
vn 0.9430 -0.3132 0.1127
vn 0.6574 -0.6486 0.3835
vn 0.1965 -0.8105 0.5517
vn -0.3173 -0.7560 0.5726
vn -0.7469 -0.4985 0.4400
vn -0.9762 -0.1068 0.1889
vn -0.9430 0.3132 -0.1127
vn -0.6574 0.6486 -0.3835
vn -0.1810 0.8769 -0.4453
vn 0.3286 0.8046 -0.4946
vn 0.7511 0.5163 -0.4114
vn 0.9720 0.0890 -0.2175
vn 0.9316 -0.3619 0.0347
vn 0.6419 -0.7150 0.2771
vn 0.1810 -0.8769 0.4453
vn -0.3286 -0.8046 0.4946
vn -0.7511 -0.5163 0.4114
vn -0.9720 -0.0890 0.2175
vn -0.9316 0.3619 -0.0347
vn -0.6419 0.7150 -0.2771
vn -0.1584 0.9296 -0.3327
vn 0.3452 0.8432 -0.4121
vn 0.7572 0.5305 -0.3812
vn 0.9659 0.0748 -0.2477
vn 0.9151 -0.4005 -0.0478
vn 0.6193 -0.7677 0.1645
vn 0.1584 -0.9296 0.3327
vn -0.3452 -0.8432 0.4121
vn -0.7572 -0.5305 0.3812
vn -0.9659 -0.0748 0.2477
vn -0.9151 0.4005 0.0478
vn -0.6193 0.7677 -0.1645
vn -0.1292 0.9678 -0.2159
vn 0.3666 0.8712 -0.3265
vn 0.7650 0.5407 -0.3498
vn 0.9581 0.0646 -0.2791
vn 0.8936 -0.4285 -0.1334
vn 0.5901 -0.8059 0.0477
vn 0.1292 -0.9678 0.2159
vn -0.3666 -0.8712 0.3265
vn -0.7650 -0.5407 0.3498
vn -0.9581 -0.0646 0.2791
vn -0.8936 0.4285 0.1334
vn -0.5901 0.8059 -0.0477
vn -0.0938 0.9909 -0.0967
vn 0.3925 0.8881 -0.2392
vn 0.7745 0.5469 -0.3178
vn 0.9486 0.0584 -0.3110
vn 0.8677 -0.4454 -0.2207
vn 0.5547 -0.8290 -0.0714
vn 0.0938 -0.9909 0.0967
vn -0.3925 -0.8881 0.2392
vn -0.7745 -0.5469 0.3178
vn -0.9486 -0.0584 0.3110
vn -0.8677 0.4454 0.2207
vn -0.5547 0.8290 0.0714
vn -0.0529 0.9983 0.0226
vn 0.4225 0.8936 -0.1518
vn 0.7855 0.5489 -0.2858
vn 0.9376 0.0564 -0.3431
vn 0.8377 -0.4508 -0.3081
vn 0.5138 -0.8365 -0.1908
vn 0.0529 -0.9983 -0.0226
vn -0.4225 -0.8936 0.1518
vn -0.7855 -0.5489 0.2858
vn -0.9376 -0.0564 0.3431
vn -0.8377 0.4508 0.3081
vn -0.5138 0.8365 0.1908
vn 0.6135 0.7533 0.2367
vn 0.1959 -0.5657 -0.8010
vt 0.520833 0.500000
vt 0.500000 0.583333
vt 0.500000 0.500000
vt 0.520833 0.666667
vt 0.500000 0.666667
vt 0.500000 0.750000
vt 0.520833 0.750000
vt 0.500000 0.833333
vt 0.520833 0.833333
vt 0.500000 0.916667
vt 0.520833 1.000000
vt 0.500000 1.000000
vt 0.520833 0.000000
vt 0.500000 0.083333
vt 0.500000 0.000000
vt 0.520833 0.083333
vt 0.500000 0.166667
vt 0.520833 0.166667
vt 0.500000 0.250000
vt 0.520833 0.250000
vt 0.500000 0.333333
vt 0.520833 0.333333
vt 0.500000 0.416667
vt 0.520833 0.416667
vt 0.541667 0.500000
vt 0.520833 0.583333
vt 0.541667 0.583333
vt 0.541667 0.666667
vt 0.541667 0.750000
vt 0.541667 0.916667
vt 0.520833 0.916667
vt 0.541667 0.000000
vt 0.541667 0.083333
vt 0.541667 0.250000
vt 0.541667 0.333333
vt 0.541667 0.416667
vt 0.562500 0.583333
vt 0.562500 0.666667
vt 0.562500 0.833333
vt 0.541667 0.833333
vt 0.562500 0.916667
vt 0.562500 1.000000
vt 0.541667 1.000000
vt 0.562500 0.000000
vt 0.562500 0.083333
vt 0.541667 0.166667
vt 0.562500 0.250000
vt 0.562500 0.333333
vt 0.562500 0.416667
vt 0.562500 0.500000
vt 0.583333 0.583333
vt 0.583333 0.666667
vt 0.583333 0.750000
vt 0.562500 0.750000
vt 0.583333 0.916667
vt 0.583333 0.000000
vt 0.583333 0.083333
vt 0.562500 0.166667
vt 0.583333 0.250000
vt 0.583333 0.333333
vt 0.583333 0.416667
vt 0.604167 0.500000
vt 0.583333 0.500000
vt 0.604167 0.666667
vt 0.604167 0.750000
vt 0.583333 0.833333
vt 0.604167 0.916667
vt 0.583333 1.000000
vt 0.604167 0.000000
vt 0.604167 0.083333
vt 0.583333 0.166667
vt 0.604167 0.166667
vt 0.604167 0.250000
vt 0.604167 0.333333
vt 0.625000 0.500000
vt 0.604167 0.583333
vt 0.625000 0.583333
vt 0.625000 0.666667
vt 0.625000 0.750000
vt 0.604167 0.833333
vt 0.625000 0.833333
vt 0.625000 0.916667
vt 0.604167 1.000000
vt 0.625000 0.083333
vt 0.625000 0.166667
vt 0.625000 0.250000
vt 0.625000 0.416667
vt 0.604167 0.416667
vt 0.645833 0.500000
vt 0.645833 0.666667
vt 0.645833 0.750000
vt 0.645833 0.916667
vt 0.625000 1.000000
vt 0.645833 0.000000
vt 0.625000 0.000000
vt 0.645833 0.083333
vt 0.645833 0.250000
vt 0.645833 0.333333
vt 0.625000 0.333333
vt 0.645833 0.416667
vt 0.666667 0.500000
vt 0.645833 0.583333
vt 0.666667 0.666667
vt 0.666667 0.750000
vt 0.645833 0.833333
vt 0.666667 0.916667
vt 0.645833 1.000000
vt 0.666667 0.000000
vt 0.666667 0.083333
vt 0.645833 0.166667
vt 0.666667 0.166667
vt 0.666667 0.250000
vt 0.666667 0.333333
vt 0.666667 0.416667
vt 0.687500 0.583333
vt 0.666667 0.583333
vt 0.687500 0.666667
vt 0.687500 0.750000
vt 0.666667 0.833333
vt 0.687500 0.833333
vt 0.687500 0.916667
vt 0.666667 1.000000
vt 0.687500 0.000000
vt 0.687500 0.083333
vt 0.687500 0.250000
vt 0.687500 0.333333
vt 0.687500 0.416667
vt 0.708333 0.500000
vt 0.687500 0.500000
vt 0.708333 0.583333
vt 0.708333 0.666667
vt 0.708333 0.750000
vt 0.708333 0.916667
vt 0.687500 1.000000
vt 0.708333 0.000000
vt 0.708333 0.083333
vt 0.687500 0.166667
vt 0.708333 0.166667
vt 0.708333 0.250000
vt 0.708333 0.333333
vt 0.708333 0.416667
vt 0.729167 0.500000
vt 0.729167 0.583333
vt 0.729167 0.750000
vt 0.708333 0.833333
vt 0.729167 0.833333
vt 0.729167 0.916667
vt 0.708333 1.000000
vt 0.729167 0.083333
vt 0.729167 0.250000
vt 0.729167 0.333333
vt 0.729167 0.416667
vt 0.750000 0.500000
vt 0.750000 0.583333
vt 0.729167 0.666667
vt 0.750000 0.666667
vt 0.750000 0.833333
vt 0.750000 0.916667
vt 0.729167 1.000000
vt 0.750000 0.000000
vt 0.729167 0.000000
vt 0.750000 0.083333
vt 0.729167 0.166667
vt 0.750000 0.166667
vt 0.750000 0.250000
vt 0.750000 0.333333
vt 0.770833 0.500000
vt 0.770833 0.583333
vt 0.770833 0.666667
vt 0.750000 0.750000
vt 0.770833 0.750000
vt 0.770833 0.833333
vt 0.770833 0.916667
vt 0.750000 1.000000
vt 0.770833 0.083333
vt 0.770833 0.250000
vt 0.770833 0.333333
vt 0.770833 0.416667
vt 0.750000 0.416667
vt 0.791667 0.500000
vt 0.791667 0.666667
vt 0.791667 0.750000
vt 0.791667 0.833333
vt 0.791667 0.916667
vt 0.770833 1.000000
vt 0.791667 0.000000
vt 0.770833 0.000000
vt 0.791667 0.083333
vt 0.770833 0.166667
vt 0.791667 0.166667
vt 0.791667 0.250000
vt 0.791667 0.333333
vt 0.791667 0.416667
vt 0.812500 0.500000
vt 0.791667 0.583333
vt 0.812500 0.583333
vt 0.812500 0.666667
vt 0.812500 0.833333
vt 0.812500 0.916667
vt 0.791667 1.000000
vt 0.812500 0.000000
vt 0.812500 0.083333
vt 0.812500 0.250000
vt 0.812500 0.416667
vt 0.833333 0.500000
vt 0.833333 0.666667
vt 0.812500 0.750000
vt 0.833333 0.750000
vt 0.833333 0.833333
vt 0.833333 0.916667
vt 0.812500 1.000000
vt 0.833333 0.000000
vt 0.833333 0.083333
vt 0.812500 0.166667
vt 0.833333 0.166667
vt 0.833333 0.250000
vt 0.812500 0.333333
vt 0.833333 0.333333
vt 0.833333 0.416667
vt 0.854167 0.500000
vt 0.833333 0.583333
vt 0.854167 0.583333
vt 0.854167 0.666667
vt 0.854167 0.750000
vt 0.854167 0.833333
vt 0.854167 1.000000
vt 0.833333 1.000000
vt 0.854167 0.000000
vt 0.854167 0.166667
vt 0.854167 0.250000
vt 0.854167 0.333333
vt 0.854167 0.416667
vt 0.875000 0.500000
vt 0.875000 0.583333
vt 0.875000 0.750000
vt 0.875000 0.833333
vt 0.854167 0.916667
vt 0.875000 0.916667
vt 0.875000 0.000000
vt 0.854167 0.083333
vt 0.875000 0.166667
vt 0.875000 0.250000
vt 0.875000 0.333333
vt 0.875000 0.416667
vt 0.895833 0.500000
vt 0.895833 0.583333
vt 0.875000 0.666667
vt 0.895833 0.666667
vt 0.895833 0.833333
vt 0.895833 0.916667
vt 0.875000 1.000000
vt 0.895833 0.000000
vt 0.875000 0.083333
vt 0.895833 0.166667
vt 0.895833 0.250000
vt 0.895833 0.416667
vt 0.916667 0.583333
vt 0.916667 0.750000
vt 0.895833 0.750000
vt 0.916667 0.833333
vt 0.916667 0.916667
vt 0.895833 1.000000
vt 0.916667 0.000000
vt 0.895833 0.083333
vt 0.916667 0.083333
vt 0.916667 0.250000
vt 0.895833 0.333333
vt 0.916667 0.333333
vt 0.916667 0.416667
vt 0.937500 0.500000
vt 0.916667 0.500000
vt 0.937500 0.583333
vt 0.916667 0.666667
vt 0.937500 0.666667
vt 0.937500 0.833333
vt 0.937500 0.916667
vt 0.916667 1.000000
vt 0.937500 0.083333
vt 0.916667 0.166667
vt 0.937500 0.166667
vt 0.937500 0.250000
vt 0.937500 0.416667
vt 0.958333 0.583333
vt 0.958333 0.666667
vt 0.937500 0.750000
vt 0.958333 0.833333
vt 0.958333 0.916667
vt 0.937500 1.000000
vt 0.958333 0.000000
vt 0.937500 0.000000
vt 0.958333 0.083333
vt 0.958333 0.166667
vt 0.958333 0.333333
vt 0.937500 0.333333
vt 0.958333 0.416667
vt 0.979167 0.500000
vt 0.958333 0.500000
vt 0.979167 0.583333
vt 0.979167 0.666667
vt 0.958333 0.750000
vt 0.979167 0.750000
vt 0.979167 0.833333
vt 0.979167 0.916667
vt 0.958333 1.000000
vt 0.979167 0.000000
vt 0.979167 0.166667
vt 0.979167 0.250000
vt 0.958333 0.250000
vt 0.979167 0.333333
vt 0.979167 0.416667
vt 1.000000 0.583333
vt 1.000000 0.666667
vt 1.000000 0.750000
vt 1.000000 0.833333
vt 1.000000 0.916667
vt 0.979167 1.000000
vt 1.000000 0.000000
vt 0.979167 0.083333
vt 1.000000 0.166667
vt 1.000000 0.250000
vt 1.000000 0.333333
vt 1.000000 0.416667
vt 0.020833 0.500000
vt 0.000000 0.583333
vt 0.000000 0.500000
vt 0.020833 0.583333
vt 0.000000 0.666667
vt 0.020833 0.666667
vt 0.000000 0.750000
vt 0.020833 0.750000
vt 0.000000 0.833333
vt 0.020833 0.833333
vt 0.000000 0.916667
vt 0.020833 0.916667
vt 0.000000 1.000000
vt 0.000000 0.000000
vt 0.020833 0.083333
vt 0.000000 0.083333
vt 0.000000 0.166667
vt 0.020833 0.250000
vt 0.000000 0.250000
vt 0.020833 0.333333
vt 0.000000 0.333333
vt 0.020833 0.416667
vt 0.000000 0.416667
vt 0.041667 0.583333
vt 0.041667 0.666667
vt 0.041667 0.750000
vt 0.041667 0.833333
vt 0.041667 0.916667
vt 0.020833 1.000000
vt 0.041667 0.000000
vt 0.020833 0.000000
vt 0.041667 0.083333
vt 0.020833 0.166667
vt 0.041667 0.166667
vt 0.041667 0.250000
vt 0.041667 0.333333
vt 0.041667 0.500000
vt 0.062500 0.500000
vt 0.062500 0.583333
vt 0.062500 0.750000
vt 0.062500 0.833333
vt 0.062500 0.916667
vt 0.041667 1.000000
vt 0.062500 0.000000
vt 0.062500 0.166667
vt 0.062500 0.250000
vt 0.062500 0.416667
vt 0.041667 0.416667
vt 0.083333 0.500000
vt 0.083333 0.583333
vt 0.062500 0.666667
vt 0.083333 0.666667
vt 0.083333 0.750000
vt 0.083333 0.833333
vt 0.083333 1.000000
vt 0.062500 1.000000
vt 0.083333 0.000000
vt 0.062500 0.083333
vt 0.083333 0.083333
vt 0.083333 0.166667
vt 0.083333 0.333333
vt 0.062500 0.333333
vt 0.083333 0.416667
vt 0.104167 0.500000
vt 0.104167 0.583333
vt 0.104167 0.666667
vt 0.104167 0.833333
vt 0.083333 0.916667
vt 0.104167 0.916667
vt 0.104167 0.000000
vt 0.104167 0.166667
vt 0.083333 0.250000
vt 0.104167 0.250000
vt 0.104167 0.416667
vt 0.125000 0.500000
vt 0.125000 0.666667
vt 0.104167 0.750000
vt 0.125000 0.750000
vt 0.125000 0.833333
vt 0.125000 0.916667
vt 0.104167 1.000000
vt 0.125000 0.000000
vt 0.104167 0.083333
vt 0.125000 0.083333
vt 0.125000 0.250000
vt 0.104167 0.333333
vt 0.125000 0.333333
vt 0.125000 0.416667
vt 0.145833 0.583333
vt 0.125000 0.583333
vt 0.145833 0.666667
vt 0.145833 0.833333
vt 0.145833 0.916667
vt 0.125000 1.000000
vt 0.145833 0.000000
vt 0.145833 0.083333
vt 0.125000 0.166667
vt 0.145833 0.166667
vt 0.145833 0.250000
vt 0.145833 0.333333
vt 0.145833 0.416667
vt 0.145833 0.500000
vt 0.166667 0.583333
vt 0.166667 0.666667
vt 0.145833 0.750000
vt 0.166667 0.750000
vt 0.166667 0.916667
vt 0.145833 1.000000
vt 0.166667 0.000000
vt 0.166667 0.083333
vt 0.166667 0.166667
vt 0.166667 0.333333
vt 0.166667 0.416667
vt 0.187500 0.500000
vt 0.166667 0.500000
vt 0.187500 0.583333
vt 0.187500 0.666667
vt 0.187500 0.750000
vt 0.166667 0.833333
vt 0.187500 0.833333
vt 0.187500 0.916667
vt 0.166667 1.000000
vt 0.187500 0.000000
vt 0.187500 0.083333
vt 0.187500 0.250000
vt 0.166667 0.250000
vt 0.187500 0.416667
vt 0.208333 0.500000
vt 0.208333 0.583333
vt 0.208333 0.666667
vt 0.208333 0.750000
vt 0.208333 0.916667
vt 0.187500 1.000000
vt 0.208333 0.000000
vt 0.208333 0.083333
vt 0.187500 0.166667
vt 0.208333 0.166667
vt 0.208333 0.250000
vt 0.187500 0.333333
vt 0.208333 0.416667
vt 0.229167 0.500000
vt 0.229167 0.666667
vt 0.229167 0.750000
vt 0.208333 0.833333
vt 0.229167 0.916667
vt 0.208333 1.000000
vt 0.229167 0.000000
vt 0.229167 0.083333
vt 0.229167 0.250000
vt 0.208333 0.333333
vt 0.229167 0.333333
vt 0.229167 0.416667
vt 0.250000 0.500000
vt 0.229167 0.583333
vt 0.250000 0.583333
vt 0.250000 0.750000
vt 0.250000 0.833333
vt 0.229167 0.833333
vt 0.250000 1.000000
vt 0.229167 1.000000
vt 0.250000 0.000000
vt 0.250000 0.083333
vt 0.229167 0.166667
vt 0.250000 0.166667
vt 0.250000 0.250000
vt 0.250000 0.333333
vt 0.250000 0.416667
vt 0.270833 0.583333
vt 0.250000 0.666667
vt 0.270833 0.666667
vt 0.270833 0.750000
vt 0.270833 0.833333
vt 0.250000 0.916667
vt 0.270833 0.916667
vt 0.270833 0.000000
vt 0.270833 0.166667
vt 0.270833 0.250000
vt 0.270833 0.333333
vt 0.270833 0.416667
vt 0.291667 0.500000
vt 0.270833 0.500000
vt 0.291667 0.583333
vt 0.291667 0.666667
vt 0.291667 0.750000
vt 0.291667 0.833333
vt 0.291667 1.000000
vt 0.270833 1.000000
vt 0.291667 0.000000
vt 0.270833 0.083333
vt 0.291667 0.083333
vt 0.291667 0.250000
vt 0.291667 0.333333
vt 0.291667 0.416667
vt 0.312500 0.500000
vt 0.312500 0.583333
vt 0.312500 0.666667
vt 0.312500 0.750000
vt 0.312500 0.833333
vt 0.291667 0.916667
vt 0.312500 0.916667
vt 0.312500 0.000000
vt 0.312500 0.083333
vt 0.291667 0.166667
vt 0.312500 0.166667
vt 0.312500 0.333333
vt 0.312500 0.416667
vt 0.333333 0.500000
vt 0.333333 0.583333
vt 0.333333 0.750000
vt 0.333333 0.833333
vt 0.333333 0.916667
vt 0.312500 1.000000
vt 0.333333 0.000000
vt 0.333333 0.083333
vt 0.333333 0.166667
vt 0.312500 0.250000
vt 0.333333 0.250000
vt 0.333333 0.333333
vt 0.354167 0.583333
vt 0.333333 0.666667
vt 0.354167 0.666667
vt 0.354167 0.750000
vt 0.354167 0.833333
vt 0.354167 0.916667
vt 0.333333 1.000000
vt 0.354167 0.000000
vt 0.354167 0.083333
vt 0.354167 0.166667
vt 0.354167 0.250000
vt 0.354167 0.416667
vt 0.333333 0.416667
vt 0.354167 0.500000
vt 0.375000 0.583333
vt 0.375000 0.750000
vt 0.375000 0.833333
vt 0.375000 0.916667
vt 0.354167 1.000000
vt 0.375000 0.000000
vt 0.375000 0.083333
vt 0.375000 0.166667
vt 0.375000 0.250000
vt 0.354167 0.333333
vt 0.375000 0.416667
vt 0.375000 0.500000
vt 0.395833 0.583333
vt 0.375000 0.666667
vt 0.395833 0.750000
vt 0.395833 0.833333
vt 0.395833 0.916667
vt 0.375000 1.000000
vt 0.395833 0.000000
vt 0.395833 0.166667
vt 0.395833 0.250000
vt 0.375000 0.333333
vt 0.395833 0.333333
vt 0.395833 0.416667
vt 0.416667 0.500000
vt 0.395833 0.500000
vt 0.416667 0.583333
vt 0.395833 0.666667
vt 0.416667 0.666667
vt 0.416667 0.750000
vt 0.416667 0.833333
vt 0.416667 0.916667
vt 0.395833 1.000000
vt 0.416667 0.000000
vt 0.395833 0.083333
vt 0.416667 0.166667
vt 0.416667 0.250000
vt 0.416667 0.416667
vt 0.437500 0.500000
vt 0.437500 0.583333
vt 0.437500 0.750000
vt 0.437500 0.833333
vt 0.437500 0.916667
vt 0.416667 1.000000
vt 0.437500 0.000000
vt 0.416667 0.083333
vt 0.437500 0.083333
vt 0.437500 0.166667
vt 0.437500 0.250000
vt 0.416667 0.333333
vt 0.437500 0.333333
vt 0.437500 0.416667
vt 0.458333 0.500000
vt 0.458333 0.583333
vt 0.437500 0.666667
vt 0.458333 0.666667
vt 0.458333 0.750000
vt 0.458333 0.833333
vt 0.458333 0.916667
vt 0.437500 1.000000
vt 0.458333 0.000000
vt 0.458333 0.166667
vt 0.458333 0.250000
vt 0.458333 0.333333
vt 0.458333 0.416667
vt 0.479167 0.583333
vt 0.479167 0.666667
vt 0.479167 0.750000
vt 0.479167 0.833333
vt 0.479167 1.000000
vt 0.458333 1.000000
vt 0.479167 0.000000
vt 0.458333 0.083333
vt 0.479167 0.083333
vt 0.479167 0.250000
vt 0.479167 0.333333
vt 0.479167 0.416667
vt 0.479167 0.500000
vt 0.479167 0.916667
vt 0.479167 0.166667
vt 1.000000 0.500000
vt 1.000000 1.000000
vt 1.000000 0.083333
s 0
f 2068/2380/1919 2057/2381/1919 2056/2382/1919
f 2057/2381/1920 2070/2383/1920 2058/2384/1920
f 2070/2383/1921 2059/2385/1921 2058/2384/1921
f 2071/2386/1922 2060/2387/1922 2059/2385/1922
f 2072/2388/1923 2061/2389/1923 2060/2387/1923
f 2061/2389/1924 2074/2390/1924 2062/2391/1924
f 2074/2392/1925 2063/2393/1925 2062/2394/1925
f 2075/2395/1926 2064/2396/1926 2063/2393/1926
f 2076/2397/1927 2065/2398/1927 2064/2396/1927
f 2077/2399/1928 2066/2400/1928 2065/2398/1928
f 2078/2401/1929 2067/2402/1929 2066/2400/1929
f 2079/2403/1930 2056/2382/1930 2067/2402/1930
f 2080/2404/1931 2069/2405/1931 2068/2380/1931
f 2081/2406/1932 2070/2383/1932 2069/2405/1932
f 2082/2407/1933 2071/2386/1933 2070/2383/1933
f 2083/2408/1934 2072/2388/1934 2071/2386/1934
f 2072/2388/1935 2085/2409/1935 2073/2410/1935
f 2085/2409/1936 2074/2390/1936 2073/2410/1936
f 2086/2411/1937 2075/2395/1937 2074/2392/1937
f 2087/2412/1938 2076/2397/1938 2075/2395/1938
f 2076/2397/1939 2089/2413/1939 2077/2399/1939
f 2077/2399/1940 2090/2414/1940 2078/2401/1940
f 2078/2401/1941 2091/2415/1941 2079/2403/1941
f 2091/2415/1942 2068/2380/1942 2079/2403/1942
f 2080/2404/1943 2093/2416/1943 2081/2406/1943
f 2093/2416/1944 2082/2407/1944 2081/2406/1944
f 2094/2417/1945 2083/2408/1945 2082/2407/1945
f 2083/2408/1946 2096/2418/1946 2084/2419/1946
f 2084/2419/1947 2097/2420/1947 2085/2409/1947
f 2085/2409/1948 2098/2421/1948 2086/2422/1948
f 2098/2423/1949 2087/2412/1949 2086/2411/1949
f 2099/2424/1950 2088/2425/1950 2087/2412/1950
f 2088/2425/1951 2101/2426/1951 2089/2413/1951
f 2089/2413/1952 2102/2427/1952 2090/2414/1952
f 2090/2414/1953 2103/2428/1953 2091/2415/1953
f 2103/2428/1954 2080/2404/1954 2091/2415/1954
f 2092/2429/1955 2105/2430/1955 2093/2416/1955
f 2093/2416/1956 2106/2431/1956 2094/2417/1956
f 2094/2417/1957 2107/2432/1957 2095/2433/1957
f 2107/2432/1958 2096/2418/1958 2095/2433/1958
f 2096/2418/1959 2109/2434/1959 2097/2420/1959
f 2109/2434/1960 2098/2421/1960 2097/2420/1960
f 2110/2435/1961 2099/2424/1961 2098/2423/1961
f 2111/2436/1962 2100/2437/1962 2099/2424/1962
f 2100/2437/1963 2113/2438/1963 2101/2426/1963
f 2113/2438/1964 2102/2427/1964 2101/2426/1964
f 2114/2439/1965 2103/2428/1965 2102/2427/1965
f 2115/2440/1966 2092/2429/1966 2103/2428/1966
f 2116/2441/1967 2105/2430/1967 2104/2442/1967
f 2105/2430/1968 2118/2443/1968 2106/2431/1968
f 2118/2443/1969 2107/2432/1969 2106/2431/1969
f 2119/2444/1970 2108/2445/1970 2107/2432/1970
f 2108/2445/1971 2121/2446/1971 2109/2434/1971
f 2121/2446/1972 2110/2447/1972 2109/2434/1972
f 2122/2448/1973 2111/2436/1973 2110/2435/1973
f 2123/2449/1974 2112/2450/1974 2111/2436/1974
f 2124/2451/1975 2113/2438/1975 2112/2450/1975
f 2125/2452/1976 2114/2439/1976 2113/2438/1976
f 2126/2453/1977 2115/2440/1977 2114/2439/1977
f 2115/2440/1978 2116/2441/1978 2104/2442/1978
f 2128/2454/1979 2117/2455/1979 2116/2441/1979
f 2129/2456/1980 2118/2443/1980 2117/2455/1980
f 2130/2457/1981 2119/2444/1981 2118/2443/1981
f 2131/2458/1982 2120/2459/1982 2119/2444/1982
f 2132/2460/1983 2121/2446/1983 2120/2459/1983
f 2133/2461/1984 2122/2462/1984 2121/2446/1984
f 2122/2448/1985 2135/2463/1985 2123/2449/1985
f 2135/2463/1986 2124/2451/1986 2123/2449/1986
f 2136/2464/1987 2125/2452/1987 2124/2451/1987
f 2137/2465/1988 2126/2453/1988 2125/2452/1988
f 2126/2453/1989 2139/2466/1989 2127/2467/1989
f 2139/2466/1990 2116/2441/1990 2127/2467/1990
f 2140/2468/1991 2129/2456/1991 2128/2454/1991
f 2129/2456/1992 2142/2469/1992 2130/2457/1992
f 2142/2469/1993 2131/2458/1993 2130/2457/1993
f 2143/2470/1994 2132/2460/1994 2131/2458/1994
f 2132/2460/1995 2145/2471/1995 2133/2461/1995
f 2145/2471/1996 2134/2472/1996 2133/2461/1996
f 2146/2473/1997 2135/2463/1997 2134/2474/1997
f 2147/2475/1998 2136/2464/1998 2135/2463/1998
f 2136/2464/1999 2149/2476/1999 2137/2465/1999
f 2137/2465/2000 2150/2477/2000 2138/2478/2000
f 2150/2477/2001 2139/2466/2001 2138/2478/2001
f 2151/2479/2002 2128/2454/2002 2139/2466/2002
f 2152/2480/2003 2141/2481/2003 2140/2468/2003
f 2141/2481/2004 2154/2482/2004 2142/2469/2004
f 2142/2469/2005 2155/2483/2005 2143/2470/2005
f 2155/2483/2006 2144/2484/2006 2143/2470/2006
f 2144/2484/2007 2157/2485/2007 2145/2471/2007
f 2157/2485/2008 2146/2486/2008 2145/2471/2008
f 2158/2487/2009 2147/2475/2009 2146/2473/2009
f 2159/2488/2010 2148/2489/2010 2147/2475/2010
f 2160/2490/2011 2149/2476/2011 2148/2489/2011
f 2161/2491/2012 2150/2477/2012 2149/2476/2012
f 2162/2492/2013 2151/2479/2013 2150/2477/2013
f 2163/2493/2014 2140/2468/2014 2151/2479/2014
f 2152/2480/2015 2165/2494/2015 2153/2495/2015
f 2165/2494/2016 2154/2482/2016 2153/2495/2016
f 2166/2496/2017 2155/2483/2017 2154/2482/2017
f 2167/2497/2018 2156/2498/2018 2155/2483/2018
f 2168/2499/2019 2157/2485/2019 2156/2498/2019
f 2169/2500/2020 2158/2501/2020 2157/2485/2020
f 2170/2502/2021 2159/2488/2021 2158/2487/2021
f 2171/2503/2022 2160/2490/2022 2159/2488/2022
f 2160/2490/2023 2173/2504/2023 2161/2491/2023
f 2161/2491/2024 2174/2505/2024 2162/2492/2024
f 2174/2505/2025 2163/2493/2025 2162/2492/2025
f 2175/2506/2026 2152/2480/2026 2163/2493/2026
f 2176/2507/2027 2165/2494/2027 2164/2508/2027
f 2177/2509/2028 2166/2496/2028 2165/2494/2028
f 2178/2510/2029 2167/2497/2029 2166/2496/2029
f 2179/2511/2030 2168/2499/2030 2167/2497/2030
f 2168/2499/2031 2181/2512/2031 2169/2500/2031
f 2181/2512/2032 2170/2513/2032 2169/2500/2032
f 2182/2514/2033 2171/2503/2033 2170/2502/2033
f 2183/2515/2034 2172/2516/2034 2171/2503/2034
f 2184/2517/2035 2173/2504/2035 2172/2516/2035
f 2185/2518/2036 2174/2505/2036 2173/2504/2036
f 2186/2519/2037 2175/2506/2037 2174/2505/2037
f 2187/2520/2038 2164/2508/2038 2175/2506/2038
f 2188/2521/2039 2177/2509/2039 2176/2507/2039
f 2189/2522/2040 2178/2510/2040 2177/2509/2040
f 2178/2510/2041 2191/2523/2041 2179/2511/2041
f 2191/2523/2042 2180/2524/2042 2179/2511/2042
f 2192/2525/2043 2181/2512/2043 2180/2524/2043
f 2193/2526/2044 2182/2527/2044 2181/2512/2044
f 2182/2514/2045 2195/2528/2045 2183/2515/2045
f 2195/2528/2046 2184/2517/2046 2183/2515/2046
f 2184/2517/2047 2197/2529/2047 2185/2518/2047
f 2197/2529/2048 2186/2519/2048 2185/2518/2048
f 2198/2530/2049 2187/2520/2049 2186/2519/2049
f 2199/2531/2050 2176/2507/2050 2187/2520/2050
f 2200/2532/2051 2189/2522/2051 2188/2521/2051
f 2201/2533/2052 2190/2534/2052 2189/2522/2052
f 2202/2535/2053 2191/2523/2053 2190/2534/2053
f 2191/2523/2054 2204/2536/2054 2192/2525/2054
f 2192/2525/2055 2205/2537/2055 2193/2526/2055
f 2205/2537/2056 2194/2538/2056 2193/2526/2056
f 2206/2539/2057 2195/2528/2057 2194/2540/2057
f 2207/2541/2058 2196/2542/2058 2195/2528/2058
f 2208/2543/2059 2197/2529/2059 2196/2542/2059
f 2209/2544/2060 2198/2530/2060 2197/2529/2060
f 2210/2545/2061 2199/2531/2061 2198/2530/2061
f 2199/2531/2062 2200/2532/2062 2188/2521/2062
f 2212/2546/2063 2201/2533/2063 2200/2532/2063
f 2213/2547/2064 2202/2535/2064 2201/2533/2064
f 2214/2548/2065 2203/2549/2065 2202/2535/2065
f 2215/2550/2066 2204/2536/2066 2203/2549/2066
f 2216/2551/2067 2205/2537/2067 2204/2536/2067
f 2217/2552/2068 2206/2553/2068 2205/2537/2068
f 2206/2539/2069 2219/2554/2069 2207/2541/2069
f 2219/2554/2070 2208/2543/2070 2207/2541/2070
f 2208/2543/2071 2221/2555/2071 2209/2544/2071
f 2209/2544/2072 2222/2556/2072 2210/2545/2072
f 2210/2545/2073 2223/2557/2073 2211/2558/2073
f 2211/2558/2074 2212/2546/2074 2200/2532/2074
f 2224/2559/2075 2213/2547/2075 2212/2546/2075
f 2213/2547/2076 2226/2560/2076 2214/2548/2076
f 2214/2548/2077 2227/2561/2077 2215/2550/2077
f 2227/2561/2078 2216/2551/2078 2215/2550/2078
f 2228/2562/2079 2217/2552/2079 2216/2551/2079
f 2229/2563/2080 2218/2564/2080 2217/2552/2080
f 2230/2565/2081 2219/2554/2081 2218/2566/2081
f 2231/2567/2082 2220/2568/2082 2219/2554/2082
f 2232/2569/2083 2221/2555/2083 2220/2568/2083
f 2233/2570/2084 2222/2556/2084 2221/2555/2084
f 2234/2571/2085 2223/2557/2085 2222/2556/2085
f 2235/2572/2086 2212/2546/2086 2223/2557/2086
f 2236/2573/2087 2225/2574/2087 2224/2559/2087
f 2237/2575/2088 2226/2560/2088 2225/2574/2088
f 2238/2576/2089 2227/2561/2089 2226/2560/2089
f 2227/2561/2090 2240/2577/2090 2228/2562/2090
f 2240/2577/2091 2229/2563/2091 2228/2562/2091
f 2241/2578/2092 2230/2579/2092 2229/2563/2092
f 2242/2580/2093 2231/2567/2093 2230/2565/2093
f 2243/2581/2094 2232/2569/2094 2231/2567/2094
f 2232/2569/2095 2245/2582/2095 2233/2570/2095
f 2245/2582/2096 2234/2571/2096 2233/2570/2096
f 2234/2571/2097 2247/2583/2097 2235/2572/2097
f 2247/2583/2098 2224/2559/2098 2235/2572/2098
f 2248/2584/2099 2237/2575/2099 2236/2573/2099
f 2237/2575/2100 2250/2585/2100 2238/2576/2100
f 2250/2585/2101 2239/2586/2101 2238/2576/2101
f 2251/2587/2102 2240/2577/2102 2239/2586/2102
f 2252/2588/2103 2241/2578/2103 2240/2577/2103
f 2253/2589/2104 2242/2590/2104 2241/2578/2104
f 2254/2591/2105 2243/2581/2105 2242/2580/2105
f 2255/2592/2106 2244/2593/2106 2243/2581/2106
f 2256/2594/2107 2245/2582/2107 2244/2593/2107
f 2257/2595/2108 2246/2596/2108 2245/2582/2108
f 2258/2597/2109 2247/2583/2109 2246/2596/2109
f 2259/2598/2110 2236/2573/2110 2247/2583/2110
f 2260/2599/2111 2249/2600/2111 2248/2584/2111
f 2261/2601/2112 2250/2585/2112 2249/2600/2112
f 2262/2602/2113 2251/2587/2113 2250/2585/2113
f 2263/2603/2114 2252/2588/2114 2251/2587/2114
f 2264/2604/2115 2253/2589/2115 2252/2588/2115
f 2253/2589/2116 2266/2605/2116 2254/2606/2116
f 2266/2607/2117 2255/2592/2117 2254/2591/2117
f 2255/2592/2118 2268/2608/2118 2256/2594/2118
f 2256/2594/2119 2269/2609/2119 2257/2595/2119
f 2257/2595/2120 2270/2610/2120 2258/2597/2120
f 2258/2597/2121 2271/2611/2121 2259/2598/2121
f 2271/2611/2122 2248/2584/2122 2259/2598/2122
f 2272/2612/2123 2261/2601/2123 2260/2599/2123
f 2273/2613/2124 2262/2602/2124 2261/2601/2124
f 2262/2602/2125 2275/2614/2125 2263/2603/2125
f 2275/2614/2126 2264/2604/2126 2263/2603/2126
f 2276/2615/2127 2265/2616/2127 2264/2604/2127
f 2277/2617/2128 2266/2605/2128 2265/2616/2128
f 2278/2618/2129 2267/2619/2129 2266/2607/2129
f 2267/2619/2130 2280/2620/2130 2268/2608/2130
f 2280/2620/2131 2269/2609/2131 2268/2608/2131
f 2281/2621/2132 2270/2610/2132 2269/2609/2132
f 2282/2622/2133 2271/2611/2133 2270/2610/2133
f 2283/2623/2134 2260/2599/2134 2271/2611/2134
f 2284/2624/2135 2273/2613/2135 2272/2612/2135
f 2285/2625/2136 2274/2626/2136 2273/2613/2136
f 2286/2627/2137 2275/2614/2137 2274/2626/2137
f 2275/2614/2138 2288/2628/2138 2276/2615/2138
f 2288/2628/2139 2277/2617/2139 2276/2615/2139
f 2289/2629/2140 2278/2630/2140 2277/2617/2140
f 2290/2631/2141 2279/2632/2141 2278/2618/2141
f 2279/2632/2142 2292/2633/2142 2280/2620/2142
f 2292/2633/2143 2281/2621/2143 2280/2620/2143
f 2293/2634/2144 2282/2622/2144 2281/2621/2144
f 2282/2622/2145 2295/2635/2145 2283/2623/2145
f 2295/2635/2146 2272/2612/2146 2283/2623/2146
f 2284/2624/2147 2297/2636/2147 2285/2625/2147
f 2297/2636/2148 2286/2627/2148 2285/2625/2148
f 2286/2627/2149 2299/2637/2149 2287/2638/2149
f 2299/2637/2150 2288/2628/2150 2287/2638/2150
f 2300/2639/2151 2289/2629/2151 2288/2628/2151
f 2301/2640/2152 2290/2641/2152 2289/2629/2152
f 2302/2642/2153 2291/2643/2153 2290/2631/2153
f 2303/2644/2154 2292/2633/2154 2291/2643/2154
f 2292/2633/2155 2305/2645/2155 2293/2634/2155
f 2305/2645/2156 2294/2646/2156 2293/2634/2156
f 2306/2647/2157 2295/2635/2157 2294/2646/2157
f 2307/2648/2158 2284/2624/2158 2295/2635/2158
f 2308/2649/2159 2297/2636/2159 2296/2650/2159
f 2309/2651/2160 2298/2652/2160 2297/2636/2160
f 2310/2653/2161 2299/2637/2161 2298/2652/2161
f 2299/2637/2162 2312/2654/2162 2300/2639/2162
f 2312/2654/2163 2301/2640/2163 2300/2639/2163
f 2313/2655/2164 2302/2656/2164 2301/2640/2164
f 2302/2642/2165 2315/2657/2165 2303/2644/2165
f 2315/2657/2166 2304/2658/2166 2303/2644/2166
f 2316/2659/2167 2305/2645/2167 2304/2658/2167
f 2317/2660/2168 2306/2647/2168 2305/2645/2168
f 2306/2647/2169 2319/2661/2169 2307/2648/2169
f 2319/2661/2170 2296/2650/2170 2307/2648/2170
f 2308/2649/2171 2321/2662/2171 2309/2651/2171
f 2321/2662/2172 2310/2653/2172 2309/2651/2172
f 2322/2663/2173 2311/2664/2173 2310/2653/2173
f 2311/2664/2174 2324/2665/2174 2312/2654/2174
f 2324/2665/2175 2313/2655/2175 2312/2654/2175
f 2325/2666/2176 2314/2667/2176 2313/2655/2176
f 2326/2668/2177 2315/2657/2177 2314/2669/2177
f 2327/2670/2178 2316/2659/2178 2315/2657/2178
f 2328/2671/2179 2317/2660/2179 2316/2659/2179
f 2317/2660/2180 2330/2672/2180 2318/2673/2180
f 2330/2672/2181 2319/2661/2181 2318/2673/2181
f 2331/2674/2182 2308/2649/2182 2319/2661/2182
f 2332/2675/2183 2321/2662/2183 2320/2676/2183
f 2333/2677/2184 2322/2663/2184 2321/2662/2184
f 2334/2678/2185 2323/2679/2185 2322/2663/2185
f 2335/2680/2186 2324/2665/2186 2323/2679/2186
f 2336/2681/2187 2325/2666/2187 2324/2665/2187
f 2337/2682/2188 2326/2683/2188 2325/2666/2188
f 2338/2684/2189 2327/2670/2189 2326/2668/2189
f 2327/2670/2190 2340/2685/2190 2328/2671/2190
f 2328/2671/2191 2341/2686/2191 2329/2687/2191
f 2329/2687/2192 2342/2688/2192 2330/2672/2192
f 2330/2672/2193 2343/2689/2193 2331/2674/2193
f 2331/2674/2194 2332/2675/2194 2320/2676/2194
f 2332/2675/2195 2345/2690/2195 2333/2677/2195
f 2345/2690/2196 2334/2678/2196 2333/2677/2196
f 2346/2691/2197 2335/2680/2197 2334/2678/2197
f 2347/2692/2198 2336/2681/2198 2335/2680/2198
f 2348/2693/2199 2337/2682/2199 2336/2681/2199
f 2349/2694/2200 2338/2695/2200 2337/2682/2200
f 2350/2696/2201 2339/2697/2201 2338/2684/2201
f 2339/2697/2202 2352/2698/2202 2340/2685/2202
f 2352/2698/2203 2341/2686/2203 2340/2685/2203
f 2353/2699/2204 2342/2688/2204 2341/2686/2204
f 2354/2700/2205 2343/2689/2205 2342/2688/2205
f 2355/2701/2206 2332/2675/2206 2343/2689/2206
f 2356/2702/1924 2345/2703/1924 2344/2704/1924
f 2357/2705/1923 2346/2706/1923 2345/2703/1923
f 2358/2707/1922 2347/2708/1922 2346/2706/1922
f 2359/2709/1921 2348/2710/1921 2347/2708/1921
f 2360/2711/1920 2349/2712/1920 2348/2710/1920
f 2361/2713/1919 2350/2714/1919 2349/2712/1919
f 2350/2715/1930 2363/2716/1930 2351/2717/1930
f 2363/2716/1929 2352/2718/1929 2351/2717/1929
f 2352/2718/1928 2365/2719/1928 2353/2720/1928
f 2353/2720/1927 2366/2721/1927 2354/2722/1927
f 2354/2722/1926 2367/2723/1926 2355/2724/1926
f 2355/2724/1925 2356/2702/1925 2344/2704/1925
f 2356/2702/1936 2369/2725/1936 2357/2705/1936
f 2357/2705/1935 2370/2726/1935 2358/2707/1935
f 2358/2707/1934 2371/2727/1934 2359/2709/1934
f 2359/2709/1933 2372/2728/1933 2360/2711/1933
f 2360/2711/1932 2373/2729/1932 2361/2713/1932
f 2373/2729/1931 2362/2730/1931 2361/2713/1931
f 2374/2731/1942 2363/2716/1942 2362/2732/1942
f 2375/2733/1941 2364/2734/1941 2363/2716/1941
f 2376/2735/1940 2365/2719/1940 2364/2734/1940
f 2377/2736/1939 2366/2721/1939 2365/2719/1939
f 2378/2737/1938 2367/2723/1938 2366/2721/1938
f 2367/2723/1937 2368/2738/1937 2356/2702/1937
f 2380/2739/1948 2369/2725/1948 2368/2738/1948
f 2381/2740/1947 2370/2726/1947 2369/2725/1947
f 2370/2726/1946 2383/2741/1946 2371/2727/1946
f 2383/2741/1945 2372/2728/1945 2371/2727/1945
f 2384/2742/1944 2373/2729/1944 2372/2728/1944
f 2385/2743/1943 2374/2744/1943 2373/2729/1943
f 2386/2745/1954 2375/2733/1954 2374/2731/1954
f 2375/2733/1953 2388/2746/1953 2376/2735/1953
f 2388/2746/1952 2377/2736/1952 2376/2735/1952
f 2389/2747/1951 2378/2737/1951 2377/2736/1951
f 2378/2737/1950 2391/2748/1950 2379/2749/1950
f 2379/2749/1949 2380/2739/1949 2368/2738/1949
f 2392/2750/1960 2381/2740/1960 2380/2739/1960
f 2393/2751/1959 2382/2752/1959 2381/2740/1959
f 2394/2753/1958 2383/2741/1958 2382/2752/1958
f 2395/2754/1957 2384/2742/1957 2383/2741/1957
f 2396/2755/1956 2385/2743/1956 2384/2742/1956
f 2385/2743/1955 2398/2756/1955 2386/2757/1955
f 2398/2758/1966 2387/2759/1966 2386/2745/1966
f 2399/2760/1965 2388/2746/1965 2387/2759/1965
f 2400/2761/1964 2389/2747/1964 2388/2746/1964
f 2389/2747/1963 2402/2762/1963 2390/2763/1963
f 2390/2763/1962 2403/2764/1962 2391/2748/1962
f 2403/2764/1961 2380/2739/1961 2391/2748/1961
f 2404/2765/1972 2393/2751/1972 2392/2750/1972
f 2405/2766/2207 2394/2753/2207 2393/2751/2207
f 2406/2767/1970 2395/2754/1970 2394/2753/1970
f 2395/2754/1969 2408/2768/1969 2396/2755/1969
f 2408/2768/1968 2397/2769/1968 2396/2755/1968
f 2409/2770/1967 2398/2756/1967 2397/2769/1967
f 2410/2771/1978 2399/2760/1978 2398/2758/1978
f 2399/2760/1977 2412/2772/1977 2400/2761/1977
f 2412/2772/1976 2401/2773/1976 2400/2761/1976
f 2413/2774/1975 2402/2762/1975 2401/2773/1975
f 2402/2762/1974 2415/2775/1974 2403/2764/1974
f 2415/2775/1973 2392/2750/1973 2403/2764/1973
f 2416/2776/1984 2405/2766/1984 2404/2765/1984
f 2405/2766/1983 2418/2777/1983 2406/2767/1983
f 2418/2777/1982 2407/2778/1982 2406/2767/1982
f 2419/2779/1981 2408/2768/1981 2407/2778/1981
f 2420/2780/1980 2409/2770/1980 2408/2768/1980
f 2421/2781/2208 2410/2782/2208 2409/2770/2208
f 2422/2783/1990 2411/2784/1990 2410/2771/1990
f 2423/2785/1989 2412/2772/1989 2411/2784/1989
f 2412/2772/1988 2425/2786/1988 2413/2774/1988
f 2425/2786/1987 2414/2787/1987 2413/2774/1987
f 2426/2788/1986 2415/2775/1986 2414/2787/1986
f 2427/2789/1985 2404/2765/1985 2415/2775/1985
f 2416/2776/1996 2429/2790/1996 2417/2791/1996
f 2417/2791/1995 2430/2792/1995 2418/2777/1995
f 2430/2792/1994 2419/2779/1994 2418/2777/1994
f 2419/2779/1993 2432/2793/1993 2420/2780/1993
f 2432/2793/1992 2421/2781/1992 2420/2780/1992
f 2433/2794/1991 2422/2795/1991 2421/2781/1991
f 2434/2796/2002 2423/2785/2002 2422/2783/2002
f 2435/2797/2001 2424/2798/2001 2423/2785/2001
f 2436/2799/2000 2425/2786/2000 2424/2798/2000
f 2437/2800/1999 2426/2788/1999 2425/2786/1999
f 2438/2801/1998 2427/2789/1998 2426/2788/1998
f 2439/2802/1997 2416/2776/1997 2427/2789/1997
f 2428/2803/2008 2441/2804/2008 2429/2790/2008
f 2441/2804/2007 2430/2792/2007 2429/2790/2007
f 2442/2805/2006 2431/2806/2006 2430/2792/2006
f 2443/2807/2005 2432/2793/2005 2431/2806/2005
f 2432/2793/2004 2445/2808/2004 2433/2794/2004
f 2445/2808/2003 2434/2809/2003 2433/2794/2003
f 2446/2810/2014 2435/2797/2014 2434/2796/2014
f 2447/2811/2013 2436/2799/2013 2435/2797/2013
f 2448/2812/2012 2437/2800/2012 2436/2799/2012
f 2437/2800/2011 2450/2813/2011 2438/2801/2011
f 2438/2801/2010 2451/2814/2010 2439/2802/2010
f 2451/2814/2009 2428/2803/2009 2439/2802/2009
f 2452/2815/2020 2441/2804/2020 2440/2816/2020
f 2453/2817/2019 2442/2805/2019 2441/2804/2019
f 2454/2818/2018 2443/2807/2018 2442/2805/2018
f 2455/2819/2017 2444/2820/2017 2443/2807/2017
f 2456/2821/2016 2445/2808/2016 2444/2820/2016
f 2457/2822/2015 2446/2823/2015 2445/2808/2015
f 2458/2824/2026 2447/2811/2026 2446/2810/2026
f 2459/2825/2025 2448/2812/2025 2447/2811/2025
f 2448/2812/2024 2461/2826/2024 2449/2827/2024
f 2461/2826/2023 2450/2813/2023 2449/2827/2023
f 2450/2813/2022 2463/2828/2022 2451/2814/2022
f 2463/2828/2021 2440/2816/2021 2451/2814/2021
f 2464/2829/2032 2453/2817/2032 2452/2815/2032
f 2465/2830/2031 2454/2818/2031 2453/2817/2031
f 2466/2831/2030 2455/2819/2030 2454/2818/2030
f 2467/2832/2029 2456/2821/2029 2455/2819/2029
f 2456/2821/2028 2469/2833/2028 2457/2822/2028
f 2469/2833/2027 2458/2834/2027 2457/2822/2027
f 2470/2835/2038 2459/2825/2038 2458/2824/2038
f 2471/2836/2037 2460/2837/2037 2459/2825/2037
f 2472/2838/2036 2461/2826/2036 2460/2837/2036
f 2473/2839/2035 2462/2840/2035 2461/2826/2035
f 2462/2840/2034 2475/2841/2034 2463/2828/2034
f 2475/2841/2033 2452/2815/2033 2463/2828/2033
f 2476/2842/2044 2465/2830/2044 2464/2829/2044
f 2465/2830/2043 2478/2843/2043 2466/2831/2043
f 2478/2843/2042 2467/2832/2042 2466/2831/2042
f 2479/2844/2041 2468/2845/2041 2467/2832/2041
f 2468/2845/2040 2481/2846/2040 2469/2833/2040
f 2481/2846/2039 2470/2847/2039 2469/2833/2039
f 2482/2848/2050 2471/2836/2050 2470/2835/2050
f 2483/2849/2049 2472/2838/2049 2471/2836/2049
f 2472/2838/2048 2485/2850/2048 2473/2839/2048
f 2485/2850/2047 2474/2851/2047 2473/2839/2047
f 2486/2852/2046 2475/2841/2046 2474/2851/2046
f 2487/2853/2045 2464/2829/2045 2475/2841/2045
f 2488/2854/2056 2477/2855/2056 2476/2842/2056
f 2489/2856/2055 2478/2843/2055 2477/2855/2055
f 2478/2843/2054 2491/2857/2054 2479/2844/2054
f 2479/2844/2053 2492/2858/2053 2480/2859/2053
f 2492/2858/2052 2481/2846/2052 2480/2859/2052
f 2481/2846/2051 2494/2860/2051 2482/2861/2051
f 2494/2862/2062 2483/2849/2062 2482/2848/2062
f 2495/2863/2061 2484/2864/2061 2483/2849/2061
f 2496/2865/2060 2485/2850/2060 2484/2864/2060
f 2497/2866/2059 2486/2852/2059 2485/2850/2059
f 2498/2867/2058 2487/2853/2058 2486/2852/2058
f 2499/2868/2057 2476/2842/2057 2487/2853/2057
f 2488/2854/2068 2501/2869/2068 2489/2856/2068
f 2501/2869/2067 2490/2870/2067 2489/2856/2067
f 2502/2871/2066 2491/2857/2066 2490/2870/2066
f 2503/2872/2065 2492/2858/2065 2491/2857/2065
f 2504/2873/2064 2493/2874/2064 2492/2858/2064
f 2505/2875/2063 2494/2860/2063 2493/2874/2063
f 2506/2876/2074 2495/2863/2074 2494/2862/2074
f 2495/2863/2073 2508/2877/2073 2496/2865/2073
f 2496/2865/2072 2509/2878/2072 2497/2866/2072
f 2509/2878/2071 2498/2867/2071 2497/2866/2071
f 2510/2879/2070 2499/2868/2070 2498/2867/2070
f 2511/2880/2069 2488/2854/2069 2499/2868/2069
f 2512/2881/2080 2501/2869/2080 2500/2882/2080
f 2513/2883/2079 2502/2871/2079 2501/2869/2079
f 2514/2884/2078 2503/2872/2078 2502/2871/2078
f 2515/2885/2077 2504/2873/2077 2503/2872/2077
f 2516/2886/2076 2505/2875/2076 2504/2873/2076
f 2505/2875/2075 2518/2887/2075 2506/2888/2075
f 2518/2889/2086 2507/2890/2086 2506/2876/2086
f 2519/2891/2085 2508/2877/2085 2507/2890/2085
f 2508/2877/2084 2521/2892/2084 2509/2878/2084
f 2509/2878/2083 2522/2893/2083 2510/2879/2083
f 2522/2893/2082 2511/2880/2082 2510/2879/2082
f 2523/2894/2081 2500/2882/2081 2511/2880/2081
f 2524/2895/2092 2513/2883/2092 2512/2881/2092
f 2525/2896/2091 2514/2884/2091 2513/2883/2091
f 2526/2897/2090 2515/2885/2090 2514/2884/2090
f 2527/2898/2089 2516/2886/2089 2515/2885/2089
f 2528/2899/2088 2517/2900/2088 2516/2886/2088
f 2529/2901/2087 2518/2887/2087 2517/2900/2087
f 2530/2902/2098 2519/2891/2098 2518/2889/2098
f 2531/2903/2097 2520/2904/2097 2519/2891/2097
f 2532/2905/2096 2521/2892/2096 2520/2904/2096
f 2521/2892/2095 2534/2906/2095 2522/2893/2095
f 2522/2893/2094 2535/2907/2094 2523/2894/2094
f 2535/2907/2093 2512/2881/2093 2523/2894/2093
f 2536/2908/2104 2525/2896/2104 2524/2895/2104
f 2537/2909/2103 2526/2897/2103 2525/2896/2103
f 2526/2897/2102 2539/2910/2102 2527/2898/2102
f 2527/2898/2101 2540/2911/2101 2528/2899/2101
f 2540/2911/2100 2529/2901/2100 2528/2899/2100
f 2541/2912/2099 2530/2913/2099 2529/2901/2099
f 2542/2914/2110 2531/2903/2110 2530/2902/2110
f 2543/2915/2109 2532/2905/2109 2531/2903/2109
f 2544/2916/2108 2533/2917/2108 2532/2905/2108
f 2545/2918/2107 2534/2906/2107 2533/2917/2107
f 2546/2919/2106 2535/2907/2106 2534/2906/2106
f 2535/2907/2105 2536/2908/2105 2524/2895/2105
f 2536/2908/2116 2549/2920/2116 2537/2909/2116
f 2549/2920/2115 2538/2921/2115 2537/2909/2115
f 2550/2922/2114 2539/2910/2114 2538/2921/2114
f 2551/2923/2113 2540/2911/2113 2539/2910/2113
f 2552/2924/2112 2541/2912/2112 2540/2911/2112
f 2553/2925/2111 2542/2926/2111 2541/2912/2111
f 2554/2927/2122 2543/2915/2122 2542/2914/2122
f 2555/2928/2121 2544/2916/2121 2543/2915/2121
f 2556/2929/2120 2545/2918/2120 2544/2916/2120
f 2557/2930/2119 2546/2919/2119 2545/2918/2119
f 2546/2919/2118 2559/2931/2118 2547/2932/2118
f 2559/2931/2117 2536/2908/2117 2547/2932/2117
f 2548/2933/2128 2561/2934/2128 2549/2920/2128
f 2561/2934/2127 2550/2922/2127 2549/2920/2127
f 2550/2922/2126 2563/2935/2126 2551/2923/2126
f 2551/2923/2125 2564/2936/2125 2552/2924/2125
f 2552/2924/2124 2565/2937/2124 2553/2925/2124
f 2565/2937/2123 2554/2938/2123 2553/2925/2123
f 2566/2939/2134 2555/2928/2134 2554/2927/2134
f 2567/2940/2133 2556/2929/2133 2555/2928/2133
f 2568/2941/2132 2557/2930/2132 2556/2929/2132
f 2569/2942/2131 2558/2943/2131 2557/2930/2131
f 2558/2943/2130 2571/2944/2130 2559/2931/2130
f 2571/2944/2129 2548/2933/2129 2559/2931/2129
f 2560/2945/2140 2573/2946/2140 2561/2934/2140
f 2573/2946/2139 2562/2947/2139 2561/2934/2139
f 2562/2947/2138 2575/2948/2138 2563/2935/2138
f 2575/2948/2137 2564/2936/2137 2563/2935/2137
f 2576/2949/2136 2565/2937/2136 2564/2936/2136
f 2577/2950/2135 2566/2951/2135 2565/2937/2135
f 2578/2952/2146 2567/2940/2146 2566/2939/2146
f 2567/2940/2145 2580/2953/2145 2568/2941/2145
f 2568/2941/2144 2581/2954/2144 2569/2942/2144
f 2581/2954/2143 2570/2955/2143 2569/2942/2143
f 2582/2956/2142 2571/2944/2142 2570/2955/2142
f 2583/2957/2141 2560/2945/2141 2571/2944/2141
f 2584/2958/2152 2573/2946/2152 2572/2959/2152
f 2585/2960/2151 2574/2961/2151 2573/2946/2151
f 2586/2962/2150 2575/2948/2150 2574/2961/2150
f 2587/2963/2149 2576/2949/2149 2575/2948/2149
f 2588/2964/2148 2577/2950/2148 2576/2949/2148
f 2589/2965/2147 2578/2966/2147 2577/2950/2147
f 2590/2967/2158 2579/2968/2158 2578/2952/2158
f 2579/2968/2157 2592/2969/2157 2580/2953/2157
f 2592/2969/2156 2581/2954/2156 2580/2953/2156
f 2593/2970/2155 2582/2956/2155 2581/2954/2155
f 2582/2956/2154 2595/2971/2154 2583/2957/2154
f 2595/2971/2153 2572/2959/2153 2583/2957/2153
f 2596/2972/2164 2585/2960/2164 2584/2958/2164
f 2597/2973/2163 2586/2962/2163 2585/2960/2163
f 2586/2962/2162 2599/2974/2162 2587/2963/2162
f 2599/2974/2161 2588/2964/2161 2587/2963/2161
f 2600/2975/2160 2589/2965/2160 2588/2964/2160
f 2601/2976/2159 2590/2977/2159 2589/2965/2159
f 2602/2978/2170 2591/2979/2170 2590/2967/2170
f 2603/2980/2169 2592/2969/2169 2591/2979/2169
f 2604/2981/2168 2593/2970/2168 2592/2969/2168
f 2605/2982/2167 2594/2983/2167 2593/2970/2167
f 2606/2984/2166 2595/2971/2166 2594/2983/2166
f 2607/2985/2165 2584/2958/2165 2595/2971/2165
f 2608/2986/2176 2597/2973/2176 2596/2972/2176
f 2609/2987/2175 2598/2988/2175 2597/2973/2175
f 2610/2989/2174 2599/2974/2174 2598/2988/2174
f 2611/2990/2173 2600/2975/2173 2599/2974/2173
f 2612/2991/2172 2601/2976/2172 2600/2975/2172
f 2613/2992/2171 2602/2993/2171 2601/2976/2171
f 2614/2994/2182 2603/2980/2182 2602/2978/2182
f 2603/2980/2181 2616/2995/2181 2604/2981/2181
f 2616/2995/2180 2605/2982/2180 2604/2981/2180
f 2617/2996/2179 2606/2984/2179 2605/2982/2179
f 2618/2997/2178 2607/2985/2178 2606/2984/2178
f 2619/2998/2177 2596/2972/2177 2607/2985/2177
f 2608/2986/2188 2621/2999/2188 2609/2987/2188
f 2609/2987/2187 2622/3000/2187 2610/2989/2187
f 2610/2989/2186 2623/3001/2186 2611/2990/2186
f 2623/3001/2185 2612/2991/2185 2611/2990/2185
f 2624/3002/2184 2613/2992/2184 2612/2991/2184
f 2613/2992/2183 2626/3003/2183 2614/3004/2183
f 2626/3005/2194 2615/3006/2194 2614/2994/2194
f 2627/3007/2193 2616/2995/2193 2615/3006/2193
f 2616/2995/2192 2629/3008/2192 2617/2996/2192
f 2629/3008/2191 2618/2997/2191 2617/2996/2191
f 2630/3009/2190 2619/2998/2190 2618/2997/2190
f 2631/3010/2189 2608/2986/2189 2619/2998/2189
f 2056/2382/2200 2621/2999/2200 2620/3011/2200
f 2057/2381/2199 2622/3000/2199 2621/2999/2199
f 2058/2384/2198 2623/3001/2198 2622/3000/2198
f 2059/2385/2197 2624/3002/2197 2623/3001/2197
f 2060/2387/2196 2625/3012/2196 2624/3002/2196
f 2061/2389/2195 2626/3003/2195 2625/3012/2195
f 2626/3005/2206 2063/2393/2206 2627/3007/2206
f 2063/2393/2205 2628/3013/2205 2627/3007/2205
f 2064/2396/2204 2629/3008/2204 2628/3013/2204
f 2065/2398/2203 2630/3009/2203 2629/3008/2203
f 2630/3009/2202 2067/2402/2202 2631/3010/2202
f 2631/3010/2201 2056/2382/2201 2620/3011/2201
f 2068/2380/1919 2069/2405/1919 2057/2381/1919
f 2057/2381/1920 2069/2405/1920 2070/2383/1920
f 2070/2383/1921 2071/2386/1921 2059/2385/1921
f 2071/2386/1922 2072/2388/1922 2060/2387/1922
f 2072/2388/1923 2073/2410/1923 2061/2389/1923
f 2061/2389/1924 2073/2410/1924 2074/2390/1924
f 2074/2392/1925 2075/2395/1925 2063/2393/1925
f 2075/2395/1926 2076/2397/1926 2064/2396/1926
f 2076/2397/1927 2077/2399/1927 2065/2398/1927
f 2077/2399/1928 2078/2401/1928 2066/2400/1928
f 2078/2401/1929 2079/2403/1929 2067/2402/1929
f 2079/2403/1930 2068/2380/1930 2056/2382/1930
f 2080/2404/1931 2081/2406/1931 2069/2405/1931
f 2081/2406/1932 2082/2407/1932 2070/2383/1932
f 2082/2407/1933 2083/2408/1933 2071/2386/1933
f 2083/2408/1934 2084/2419/1934 2072/2388/1934
f 2072/2388/1935 2084/2419/1935 2085/2409/1935
f 2085/2409/1936 2086/2422/1936 2074/2390/1936
f 2086/2411/1937 2087/2412/1937 2075/2395/1937
f 2087/2412/1938 2088/2425/1938 2076/2397/1938
f 2076/2397/1939 2088/2425/1939 2089/2413/1939
f 2077/2399/1940 2089/2413/1940 2090/2414/1940
f 2078/2401/1941 2090/2414/1941 2091/2415/1941
f 2091/2415/1942 2080/2404/1942 2068/2380/1942
f 2080/2404/1943 2092/2429/1943 2093/2416/1943
f 2093/2416/1944 2094/2417/1944 2082/2407/1944
f 2094/2417/1945 2095/2433/1945 2083/2408/1945
f 2083/2408/1946 2095/2433/1946 2096/2418/1946
f 2084/2419/1947 2096/2418/1947 2097/2420/1947
f 2085/2409/1948 2097/2420/1948 2098/2421/1948
f 2098/2423/1949 2099/2424/1949 2087/2412/1949
f 2099/2424/1950 2100/2437/1950 2088/2425/1950
f 2088/2425/1951 2100/2437/1951 2101/2426/1951
f 2089/2413/1952 2101/2426/1952 2102/2427/1952
f 2090/2414/1953 2102/2427/1953 2103/2428/1953
f 2103/2428/1954 2092/2429/1954 2080/2404/1954
f 2092/2429/1955 2104/2442/1955 2105/2430/1955
f 2093/2416/1956 2105/2430/1956 2106/2431/1956
f 2094/2417/1957 2106/2431/1957 2107/2432/1957
f 2107/2432/1958 2108/2445/1958 2096/2418/1958
f 2096/2418/1959 2108/2445/1959 2109/2434/1959
f 2109/2434/1960 2110/2447/1960 2098/2421/1960
f 2110/2435/1961 2111/2436/1961 2099/2424/1961
f 2111/2436/1962 2112/2450/1962 2100/2437/1962
f 2100/2437/1963 2112/2450/1963 2113/2438/1963
f 2113/2438/1964 2114/2439/1964 2102/2427/1964
f 2114/2439/1965 2115/2440/1965 2103/2428/1965
f 2115/2440/1966 2104/2442/1966 2092/2429/1966
f 2116/2441/1967 2117/2455/1967 2105/2430/1967
f 2105/2430/1968 2117/2455/1968 2118/2443/1968
f 2118/2443/1969 2119/2444/1969 2107/2432/1969
f 2119/2444/1970 2120/2459/1970 2108/2445/1970
f 2108/2445/1971 2120/2459/1971 2121/2446/1971
f 2121/2446/1972 2122/2462/1972 2110/2447/1972
f 2122/2448/1973 2123/2449/1973 2111/2436/1973
f 2123/2449/1974 2124/2451/1974 2112/2450/1974
f 2124/2451/1975 2125/2452/1975 2113/2438/1975
f 2125/2452/1976 2126/2453/1976 2114/2439/1976
f 2126/2453/1977 2127/2467/1977 2115/2440/1977
f 2115/2440/1978 2127/2467/1978 2116/2441/1978
f 2128/2454/2208 2129/2456/2208 2117/2455/2208
f 2129/2456/1980 2130/2457/1980 2118/2443/1980
f 2130/2457/1981 2131/2458/1981 2119/2444/1981
f 2131/2458/1982 2132/2460/1982 2120/2459/1982
f 2132/2460/1983 2133/2461/1983 2121/2446/1983
f 2133/2461/1984 2134/2472/1984 2122/2462/1984
f 2122/2448/1985 2134/2474/1985 2135/2463/1985
f 2135/2463/1986 2136/2464/1986 2124/2451/1986
f 2136/2464/1987 2137/2465/1987 2125/2452/1987
f 2137/2465/1988 2138/2478/1988 2126/2453/1988
f 2126/2453/1989 2138/2478/1989 2139/2466/1989
f 2139/2466/1990 2128/2454/1990 2116/2441/1990
f 2140/2468/1991 2141/2481/1991 2129/2456/1991
f 2129/2456/1992 2141/2481/1992 2142/2469/1992
f 2142/2469/1993 2143/2470/1993 2131/2458/1993
f 2143/2470/1994 2144/2484/1994 2132/2460/1994
f 2132/2460/1995 2144/2484/1995 2145/2471/1995
f 2145/2471/1996 2146/2486/1996 2134/2472/1996
f 2146/2473/1997 2147/2475/1997 2135/2463/1997
f 2147/2475/1998 2148/2489/1998 2136/2464/1998
f 2136/2464/1999 2148/2489/1999 2149/2476/1999
f 2137/2465/2000 2149/2476/2000 2150/2477/2000
f 2150/2477/2001 2151/2479/2001 2139/2466/2001
f 2151/2479/2002 2140/2468/2002 2128/2454/2002
f 2152/2480/2003 2153/2495/2003 2141/2481/2003
f 2141/2481/2004 2153/2495/2004 2154/2482/2004
f 2142/2469/2005 2154/2482/2005 2155/2483/2005
f 2155/2483/2006 2156/2498/2006 2144/2484/2006
f 2144/2484/2007 2156/2498/2007 2157/2485/2007
f 2157/2485/2008 2158/2501/2008 2146/2486/2008
f 2158/2487/2009 2159/2488/2009 2147/2475/2009
f 2159/2488/2010 2160/2490/2010 2148/2489/2010
f 2160/2490/2011 2161/2491/2011 2149/2476/2011
f 2161/2491/2012 2162/2492/2012 2150/2477/2012
f 2162/2492/2013 2163/2493/2013 2151/2479/2013
f 2163/2493/2014 2152/2480/2014 2140/2468/2014
f 2152/2480/2015 2164/2508/2015 2165/2494/2015
f 2165/2494/2016 2166/2496/2016 2154/2482/2016
f 2166/2496/2017 2167/2497/2017 2155/2483/2017
f 2167/2497/2018 2168/2499/2018 2156/2498/2018
f 2168/2499/2019 2169/2500/2019 2157/2485/2019
f 2169/2500/2020 2170/2513/2020 2158/2501/2020
f 2170/2502/2021 2171/2503/2021 2159/2488/2021
f 2171/2503/2022 2172/2516/2022 2160/2490/2022
f 2160/2490/2023 2172/2516/2023 2173/2504/2023
f 2161/2491/2024 2173/2504/2024 2174/2505/2024
f 2174/2505/2025 2175/2506/2025 2163/2493/2025
f 2175/2506/2026 2164/2508/2026 2152/2480/2026
f 2176/2507/2027 2177/2509/2027 2165/2494/2027
f 2177/2509/2028 2178/2510/2028 2166/2496/2028
f 2178/2510/2029 2179/2511/2029 2167/2497/2029
f 2179/2511/2030 2180/2524/2030 2168/2499/2030
f 2168/2499/2031 2180/2524/2031 2181/2512/2031
f 2181/2512/2032 2182/2527/2032 2170/2513/2032
f 2182/2514/2033 2183/2515/2033 2171/2503/2033
f 2183/2515/2034 2184/2517/2034 2172/2516/2034
f 2184/2517/2035 2185/2518/2035 2173/2504/2035
f 2185/2518/2036 2186/2519/2036 2174/2505/2036
f 2186/2519/2037 2187/2520/2037 2175/2506/2037
f 2187/2520/2038 2176/2507/2038 2164/2508/2038
f 2188/2521/2039 2189/2522/2039 2177/2509/2039
f 2189/2522/2040 2190/2534/2040 2178/2510/2040
f 2178/2510/2041 2190/2534/2041 2191/2523/2041
f 2191/2523/2042 2192/2525/2042 2180/2524/2042
f 2192/2525/2043 2193/2526/2043 2181/2512/2043
f 2193/2526/2044 2194/2538/2044 2182/2527/2044
f 2182/2514/2045 2194/2540/2045 2195/2528/2045
f 2195/2528/2046 2196/2542/2046 2184/2517/2046
f 2184/2517/2047 2196/2542/2047 2197/2529/2047
f 2197/2529/2048 2198/2530/2048 2186/2519/2048
f 2198/2530/2049 2199/2531/2049 2187/2520/2049
f 2199/2531/2050 2188/2521/2050 2176/2507/2050
f 2200/2532/2051 2201/2533/2051 2189/2522/2051
f 2201/2533/2052 2202/2535/2052 2190/2534/2052
f 2202/2535/2053 2203/2549/2053 2191/2523/2053
f 2191/2523/2054 2203/2549/2054 2204/2536/2054
f 2192/2525/2055 2204/2536/2055 2205/2537/2055
f 2205/2537/2056 2206/2553/2056 2194/2538/2056
f 2206/2539/2057 2207/2541/2057 2195/2528/2057
f 2207/2541/2058 2208/2543/2058 2196/2542/2058
f 2208/2543/2059 2209/2544/2059 2197/2529/2059
f 2209/2544/2060 2210/2545/2060 2198/2530/2060
f 2210/2545/2061 2211/2558/2061 2199/2531/2061
f 2199/2531/2062 2211/2558/2062 2200/2532/2062
f 2212/2546/2063 2213/2547/2063 2201/2533/2063
f 2213/2547/2064 2214/2548/2064 2202/2535/2064
f 2214/2548/2065 2215/2550/2065 2203/2549/2065
f 2215/2550/2066 2216/2551/2066 2204/2536/2066
f 2216/2551/2067 2217/2552/2067 2205/2537/2067
f 2217/2552/2068 2218/2564/2068 2206/2553/2068
f 2206/2539/2069 2218/2566/2069 2219/2554/2069
f 2219/2554/2070 2220/2568/2070 2208/2543/2070
f 2208/2543/2071 2220/2568/2071 2221/2555/2071
f 2209/2544/2072 2221/2555/2072 2222/2556/2072
f 2210/2545/2073 2222/2556/2073 2223/2557/2073
f 2211/2558/2074 2223/2557/2074 2212/2546/2074
f 2224/2559/2075 2225/2574/2075 2213/2547/2075
f 2213/2547/2076 2225/2574/2076 2226/2560/2076
f 2214/2548/2077 2226/2560/2077 2227/2561/2077
f 2227/2561/2078 2228/2562/2078 2216/2551/2078
f 2228/2562/2079 2229/2563/2079 2217/2552/2079
f 2229/2563/2080 2230/2579/2080 2218/2564/2080
f 2230/2565/2081 2231/2567/2081 2219/2554/2081
f 2231/2567/2082 2232/2569/2082 2220/2568/2082
f 2232/2569/2083 2233/2570/2083 2221/2555/2083
f 2233/2570/2084 2234/2571/2084 2222/2556/2084
f 2234/2571/2085 2235/2572/2085 2223/2557/2085
f 2235/2572/2086 2224/2559/2086 2212/2546/2086
f 2236/2573/2087 2237/2575/2087 2225/2574/2087
f 2237/2575/2088 2238/2576/2088 2226/2560/2088
f 2238/2576/2089 2239/2586/2089 2227/2561/2089
f 2227/2561/2090 2239/2586/2090 2240/2577/2090
f 2240/2577/2091 2241/2578/2091 2229/2563/2091
f 2241/2578/2092 2242/2590/2092 2230/2579/2092
f 2242/2580/2093 2243/2581/2093 2231/2567/2093
f 2243/2581/2094 2244/2593/2094 2232/2569/2094
f 2232/2569/2095 2244/2593/2095 2245/2582/2095
f 2245/2582/2096 2246/2596/2096 2234/2571/2096
f 2234/2571/2097 2246/2596/2097 2247/2583/2097
f 2247/2583/2098 2236/2573/2098 2224/2559/2098
f 2248/2584/2099 2249/2600/2099 2237/2575/2099
f 2237/2575/2100 2249/2600/2100 2250/2585/2100
f 2250/2585/2101 2251/2587/2101 2239/2586/2101
f 2251/2587/2102 2252/2588/2102 2240/2577/2102
f 2252/2588/2103 2253/2589/2103 2241/2578/2103
f 2253/2589/2104 2254/2606/2104 2242/2590/2104
f 2254/2591/2105 2255/2592/2105 2243/2581/2105
f 2255/2592/2106 2256/2594/2106 2244/2593/2106
f 2256/2594/2107 2257/2595/2107 2245/2582/2107
f 2257/2595/2108 2258/2597/2108 2246/2596/2108
f 2258/2597/2109 2259/2598/2109 2247/2583/2109
f 2259/2598/2110 2248/2584/2110 2236/2573/2110
f 2260/2599/2111 2261/2601/2111 2249/2600/2111
f 2261/2601/2112 2262/2602/2112 2250/2585/2112
f 2262/2602/2113 2263/2603/2113 2251/2587/2113
f 2263/2603/2114 2264/2604/2114 2252/2588/2114
f 2264/2604/2115 2265/2616/2115 2253/2589/2115
f 2253/2589/2116 2265/2616/2116 2266/2605/2116
f 2266/2607/2117 2267/2619/2117 2255/2592/2117
f 2255/2592/2118 2267/2619/2118 2268/2608/2118
f 2256/2594/2119 2268/2608/2119 2269/2609/2119
f 2257/2595/2120 2269/2609/2120 2270/2610/2120
f 2258/2597/2121 2270/2610/2121 2271/2611/2121
f 2271/2611/2122 2260/2599/2122 2248/2584/2122
f 2272/2612/2123 2273/2613/2123 2261/2601/2123
f 2273/2613/2124 2274/2626/2124 2262/2602/2124
f 2262/2602/2125 2274/2626/2125 2275/2614/2125
f 2275/2614/2126 2276/2615/2126 2264/2604/2126
f 2276/2615/2127 2277/2617/2127 2265/2616/2127
f 2277/2617/2128 2278/2630/2128 2266/2605/2128
f 2278/2618/2129 2279/2632/2129 2267/2619/2129
f 2267/2619/2130 2279/2632/2130 2280/2620/2130
f 2280/2620/2131 2281/2621/2131 2269/2609/2131
f 2281/2621/2132 2282/2622/2132 2270/2610/2132
f 2282/2622/2133 2283/2623/2133 2271/2611/2133
f 2283/2623/2134 2272/2612/2134 2260/2599/2134
f 2284/2624/2135 2285/2625/2135 2273/2613/2135
f 2285/2625/2136 2286/2627/2136 2274/2626/2136
f 2286/2627/2137 2287/2638/2137 2275/2614/2137
f 2275/2614/2138 2287/2638/2138 2288/2628/2138
f 2288/2628/2139 2289/2629/2139 2277/2617/2139
f 2289/2629/2140 2290/2641/2140 2278/2630/2140
f 2290/2631/2141 2291/2643/2141 2279/2632/2141
f 2279/2632/2142 2291/2643/2142 2292/2633/2142
f 2292/2633/2143 2293/2634/2143 2281/2621/2143
f 2293/2634/2144 2294/2646/2144 2282/2622/2144
f 2282/2622/2145 2294/2646/2145 2295/2635/2145
f 2295/2635/2146 2284/2624/2146 2272/2612/2146
f 2284/2624/2147 2296/2650/2147 2297/2636/2147
f 2297/2636/2148 2298/2652/2148 2286/2627/2148
f 2286/2627/2149 2298/2652/2149 2299/2637/2149
f 2299/2637/2150 2300/2639/2150 2288/2628/2150
f 2300/2639/2151 2301/2640/2151 2289/2629/2151
f 2301/2640/2152 2302/2656/2152 2290/2641/2152
f 2302/2642/2153 2303/2644/2153 2291/2643/2153
f 2303/2644/2154 2304/2658/2154 2292/2633/2154
f 2292/2633/2155 2304/2658/2155 2305/2645/2155
f 2305/2645/2156 2306/2647/2156 2294/2646/2156
f 2306/2647/2157 2307/2648/2157 2295/2635/2157
f 2307/2648/2158 2296/2650/2158 2284/2624/2158
f 2308/2649/2159 2309/2651/2159 2297/2636/2159
f 2309/2651/2160 2310/2653/2160 2298/2652/2160
f 2310/2653/2161 2311/2664/2161 2299/2637/2161
f 2299/2637/2162 2311/2664/2162 2312/2654/2162
f 2312/2654/2163 2313/2655/2163 2301/2640/2163
f 2313/2655/2164 2314/2667/2164 2302/2656/2164
f 2302/2642/2165 2314/2669/2165 2315/2657/2165
f 2315/2657/2166 2316/2659/2166 2304/2658/2166
f 2316/2659/2167 2317/2660/2167 2305/2645/2167
f 2317/2660/2168 2318/2673/2168 2306/2647/2168
f 2306/2647/2169 2318/2673/2169 2319/2661/2169
f 2319/2661/2170 2308/2649/2170 2296/2650/2170
f 2308/2649/2171 2320/2676/2171 2321/2662/2171
f 2321/2662/2172 2322/2663/2172 2310/2653/2172
f 2322/2663/2173 2323/2679/2173 2311/2664/2173
f 2311/2664/2174 2323/2679/2174 2324/2665/2174
f 2324/2665/2175 2325/2666/2175 2313/2655/2175
f 2325/2666/2176 2326/2683/2176 2314/2667/2176
f 2326/2668/2177 2327/2670/2177 2315/2657/2177
f 2327/2670/2178 2328/2671/2178 2316/2659/2178
f 2328/2671/2179 2329/2687/2179 2317/2660/2179
f 2317/2660/2180 2329/2687/2180 2330/2672/2180
f 2330/2672/2181 2331/2674/2181 2319/2661/2181
f 2331/2674/2182 2320/2676/2182 2308/2649/2182
f 2332/2675/2183 2333/2677/2183 2321/2662/2183
f 2333/2677/2184 2334/2678/2184 2322/2663/2184
f 2334/2678/2185 2335/2680/2185 2323/2679/2185
f 2335/2680/2186 2336/2681/2186 2324/2665/2186
f 2336/2681/2187 2337/2682/2187 2325/2666/2187
f 2337/2682/2188 2338/2695/2188 2326/2683/2188
f 2338/2684/2189 2339/2697/2189 2327/2670/2189
f 2327/2670/2190 2339/2697/2190 2340/2685/2190
f 2328/2671/2191 2340/2685/2191 2341/2686/2191
f 2329/2687/2192 2341/2686/2192 2342/2688/2192
f 2330/2672/2193 2342/2688/2193 2343/2689/2193
f 2331/2674/2194 2343/2689/2194 2332/2675/2194
f 2332/2675/2195 2344/3014/2195 2345/2690/2195
f 2345/2690/2196 2346/2691/2196 2334/2678/2196
f 2346/2691/2197 2347/2692/2197 2335/2680/2197
f 2347/2692/2198 2348/2693/2198 2336/2681/2198
f 2348/2693/2199 2349/2694/2199 2337/2682/2199
f 2349/2694/2200 2350/3015/2200 2338/2695/2200
f 2350/2696/2201 2351/3016/2201 2339/2697/2201
f 2339/2697/2202 2351/3016/2202 2352/2698/2202
f 2352/2698/2203 2353/2699/2203 2341/2686/2203
f 2353/2699/2204 2354/2700/2204 2342/2688/2204
f 2354/2700/2205 2355/2701/2205 2343/2689/2205
f 2355/2701/2206 2344/3014/2206 2332/2675/2206
f 2356/2702/1924 2357/2705/1924 2345/2703/1924
f 2357/2705/1923 2358/2707/1923 2346/2706/1923
f 2358/2707/1922 2359/2709/1922 2347/2708/1922
f 2359/2709/1921 2360/2711/1921 2348/2710/1921
f 2360/2711/1920 2361/2713/1920 2349/2712/1920
f 2361/2713/1919 2362/2730/1919 2350/2714/1919
f 2350/2715/1930 2362/2732/1930 2363/2716/1930
f 2363/2716/1929 2364/2734/1929 2352/2718/1929
f 2352/2718/1928 2364/2734/1928 2365/2719/1928
f 2353/2720/1927 2365/2719/1927 2366/2721/1927
f 2354/2722/1926 2366/2721/1926 2367/2723/1926
f 2355/2724/1925 2367/2723/1925 2356/2702/1925
f 2356/2702/1936 2368/2738/1936 2369/2725/1936
f 2357/2705/1935 2369/2725/1935 2370/2726/1935
f 2358/2707/1934 2370/2726/1934 2371/2727/1934
f 2359/2709/1933 2371/2727/1933 2372/2728/1933
f 2360/2711/1932 2372/2728/1932 2373/2729/1932
f 2373/2729/1931 2374/2744/1931 2362/2730/1931
f 2374/2731/1942 2375/2733/1942 2363/2716/1942
f 2375/2733/1941 2376/2735/1941 2364/2734/1941
f 2376/2735/1940 2377/2736/1940 2365/2719/1940
f 2377/2736/1939 2378/2737/1939 2366/2721/1939
f 2378/2737/1938 2379/2749/1938 2367/2723/1938
f 2367/2723/1937 2379/2749/1937 2368/2738/1937
f 2380/2739/1948 2381/2740/1948 2369/2725/1948
f 2381/2740/1947 2382/2752/1947 2370/2726/1947
f 2370/2726/1946 2382/2752/1946 2383/2741/1946
f 2383/2741/1945 2384/2742/1945 2372/2728/1945
f 2384/2742/1944 2385/2743/1944 2373/2729/1944
f 2385/2743/1943 2386/2757/1943 2374/2744/1943
f 2386/2745/1954 2387/2759/1954 2375/2733/1954
f 2375/2733/1953 2387/2759/1953 2388/2746/1953
f 2388/2746/1952 2389/2747/1952 2377/2736/1952
f 2389/2747/1951 2390/2763/1951 2378/2737/1951
f 2378/2737/1950 2390/2763/1950 2391/2748/1950
f 2379/2749/1949 2391/2748/1949 2380/2739/1949
f 2392/2750/1960 2393/2751/1960 2381/2740/1960
f 2393/2751/1959 2394/2753/1959 2382/2752/1959
f 2394/2753/1958 2395/2754/1958 2383/2741/1958
f 2395/2754/1957 2396/2755/1957 2384/2742/1957
f 2396/2755/1956 2397/2769/1956 2385/2743/1956
f 2385/2743/1955 2397/2769/1955 2398/2756/1955
f 2398/2758/1966 2399/2760/1966 2387/2759/1966
f 2399/2760/1965 2400/2761/1965 2388/2746/1965
f 2400/2761/1964 2401/2773/1964 2389/2747/1964
f 2389/2747/1963 2401/2773/1963 2402/2762/1963
f 2390/2763/1962 2402/2762/1962 2403/2764/1962
f 2403/2764/1961 2392/2750/1961 2380/2739/1961
f 2404/2765/1972 2405/2766/1972 2393/2751/1972
f 2405/2766/1971 2406/2767/1971 2394/2753/1971
f 2406/2767/1970 2407/2778/1970 2395/2754/1970
f 2395/2754/1969 2407/2778/1969 2408/2768/1969
f 2408/2768/1968 2409/2770/1968 2397/2769/1968
f 2409/2770/1967 2410/2782/1967 2398/2756/1967
f 2410/2771/1978 2411/2784/1978 2399/2760/1978
f 2399/2760/1977 2411/2784/1977 2412/2772/1977
f 2412/2772/1976 2413/2774/1976 2401/2773/1976
f 2413/2774/1975 2414/2787/1975 2402/2762/1975
f 2402/2762/1974 2414/2787/1974 2415/2775/1974
f 2415/2775/1973 2404/2765/1973 2392/2750/1973
f 2416/2776/1984 2417/2791/1984 2405/2766/1984
f 2405/2766/1983 2417/2791/1983 2418/2777/1983
f 2418/2777/1982 2419/2779/1982 2407/2778/1982
f 2419/2779/1981 2420/2780/1981 2408/2768/1981
f 2420/2780/1980 2421/2781/1980 2409/2770/1980
f 2421/2781/2208 2422/2795/2208 2410/2782/2208
f 2422/2783/1990 2423/2785/1990 2411/2784/1990
f 2423/2785/1989 2424/2798/1989 2412/2772/1989
f 2412/2772/1988 2424/2798/1988 2425/2786/1988
f 2425/2786/1987 2426/2788/1987 2414/2787/1987
f 2426/2788/1986 2427/2789/1986 2415/2775/1986
f 2427/2789/1985 2416/2776/1985 2404/2765/1985
f 2416/2776/1996 2428/2803/1996 2429/2790/1996
f 2417/2791/1995 2429/2790/1995 2430/2792/1995
f 2430/2792/1994 2431/2806/1994 2419/2779/1994
f 2419/2779/1993 2431/2806/1993 2432/2793/1993
f 2432/2793/1992 2433/2794/1992 2421/2781/1992
f 2433/2794/1991 2434/2809/1991 2422/2795/1991
f 2434/2796/2002 2435/2797/2002 2423/2785/2002
f 2435/2797/2001 2436/2799/2001 2424/2798/2001
f 2436/2799/2000 2437/2800/2000 2425/2786/2000
f 2437/2800/1999 2438/2801/1999 2426/2788/1999
f 2438/2801/1998 2439/2802/1998 2427/2789/1998
f 2439/2802/1997 2428/2803/1997 2416/2776/1997
f 2428/2803/2008 2440/2816/2008 2441/2804/2008
f 2441/2804/2007 2442/2805/2007 2430/2792/2007
f 2442/2805/2006 2443/2807/2006 2431/2806/2006
f 2443/2807/2005 2444/2820/2005 2432/2793/2005
f 2432/2793/2004 2444/2820/2004 2445/2808/2004
f 2445/2808/2003 2446/2823/2003 2434/2809/2003
f 2446/2810/2014 2447/2811/2014 2435/2797/2014
f 2447/2811/2013 2448/2812/2013 2436/2799/2013
f 2448/2812/2012 2449/2827/2012 2437/2800/2012
f 2437/2800/2011 2449/2827/2011 2450/2813/2011
f 2438/2801/2010 2450/2813/2010 2451/2814/2010
f 2451/2814/2009 2440/2816/2009 2428/2803/2009
f 2452/2815/2020 2453/2817/2020 2441/2804/2020
f 2453/2817/2019 2454/2818/2019 2442/2805/2019
f 2454/2818/2018 2455/2819/2018 2443/2807/2018
f 2455/2819/2017 2456/2821/2017 2444/2820/2017
f 2456/2821/2016 2457/2822/2016 2445/2808/2016
f 2457/2822/2015 2458/2834/2015 2446/2823/2015
f 2458/2824/2026 2459/2825/2026 2447/2811/2026
f 2459/2825/2025 2460/2837/2025 2448/2812/2025
f 2448/2812/2024 2460/2837/2024 2461/2826/2024
f 2461/2826/2023 2462/2840/2023 2450/2813/2023
f 2450/2813/2022 2462/2840/2022 2463/2828/2022
f 2463/2828/2021 2452/2815/2021 2440/2816/2021
f 2464/2829/2032 2465/2830/2032 2453/2817/2032
f 2465/2830/2031 2466/2831/2031 2454/2818/2031
f 2466/2831/2030 2467/2832/2030 2455/2819/2030
f 2467/2832/2029 2468/2845/2029 2456/2821/2029
f 2456/2821/2028 2468/2845/2028 2469/2833/2028
f 2469/2833/2027 2470/2847/2027 2458/2834/2027
f 2470/2835/2038 2471/2836/2038 2459/2825/2038
f 2471/2836/2037 2472/2838/2037 2460/2837/2037
f 2472/2838/2036 2473/2839/2036 2461/2826/2036
f 2473/2839/2035 2474/2851/2035 2462/2840/2035
f 2462/2840/2034 2474/2851/2034 2475/2841/2034
f 2475/2841/2033 2464/2829/2033 2452/2815/2033
f 2476/2842/2044 2477/2855/2044 2465/2830/2044
f 2465/2830/2043 2477/2855/2043 2478/2843/2043
f 2478/2843/2042 2479/2844/2042 2467/2832/2042
f 2479/2844/2041 2480/2859/2041 2468/2845/2041
f 2468/2845/2040 2480/2859/2040 2481/2846/2040
f 2481/2846/2039 2482/2861/2039 2470/2847/2039
f 2482/2848/2050 2483/2849/2050 2471/2836/2050
f 2483/2849/2049 2484/2864/2049 2472/2838/2049
f 2472/2838/2048 2484/2864/2048 2485/2850/2048
f 2485/2850/2047 2486/2852/2047 2474/2851/2047
f 2486/2852/2046 2487/2853/2046 2475/2841/2046
f 2487/2853/2045 2476/2842/2045 2464/2829/2045
f 2488/2854/2056 2489/2856/2056 2477/2855/2056
f 2489/2856/2055 2490/2870/2055 2478/2843/2055
f 2478/2843/2054 2490/2870/2054 2491/2857/2054
f 2479/2844/2053 2491/2857/2053 2492/2858/2053
f 2492/2858/2052 2493/2874/2052 2481/2846/2052
f 2481/2846/2051 2493/2874/2051 2494/2860/2051
f 2494/2862/2062 2495/2863/2062 2483/2849/2062
f 2495/2863/2061 2496/2865/2061 2484/2864/2061
f 2496/2865/2060 2497/2866/2060 2485/2850/2060
f 2497/2866/2059 2498/2867/2059 2486/2852/2059
f 2498/2867/2058 2499/2868/2058 2487/2853/2058
f 2499/2868/2057 2488/2854/2057 2476/2842/2057
f 2488/2854/2068 2500/2882/2068 2501/2869/2068
f 2501/2869/2067 2502/2871/2067 2490/2870/2067
f 2502/2871/2066 2503/2872/2066 2491/2857/2066
f 2503/2872/2065 2504/2873/2065 2492/2858/2065
f 2504/2873/2064 2505/2875/2064 2493/2874/2064
f 2505/2875/2063 2506/2888/2063 2494/2860/2063
f 2506/2876/2074 2507/2890/2074 2495/2863/2074
f 2495/2863/2073 2507/2890/2073 2508/2877/2073
f 2496/2865/2072 2508/2877/2072 2509/2878/2072
f 2509/2878/2071 2510/2879/2071 2498/2867/2071
f 2510/2879/2070 2511/2880/2070 2499/2868/2070
f 2511/2880/2069 2500/2882/2069 2488/2854/2069
f 2512/2881/2080 2513/2883/2080 2501/2869/2080
f 2513/2883/2079 2514/2884/2079 2502/2871/2079
f 2514/2884/2078 2515/2885/2078 2503/2872/2078
f 2515/2885/2077 2516/2886/2077 2504/2873/2077
f 2516/2886/2076 2517/2900/2076 2505/2875/2076
f 2505/2875/2075 2517/2900/2075 2518/2887/2075
f 2518/2889/2086 2519/2891/2086 2507/2890/2086
f 2519/2891/2085 2520/2904/2085 2508/2877/2085
f 2508/2877/2084 2520/2904/2084 2521/2892/2084
f 2509/2878/2083 2521/2892/2083 2522/2893/2083
f 2522/2893/2082 2523/2894/2082 2511/2880/2082
f 2523/2894/2081 2512/2881/2081 2500/2882/2081
f 2524/2895/2092 2525/2896/2092 2513/2883/2092
f 2525/2896/2091 2526/2897/2091 2514/2884/2091
f 2526/2897/2090 2527/2898/2090 2515/2885/2090
f 2527/2898/2089 2528/2899/2089 2516/2886/2089
f 2528/2899/2088 2529/2901/2088 2517/2900/2088
f 2529/2901/2087 2530/2913/2087 2518/2887/2087
f 2530/2902/2098 2531/2903/2098 2519/2891/2098
f 2531/2903/2097 2532/2905/2097 2520/2904/2097
f 2532/2905/2096 2533/2917/2096 2521/2892/2096
f 2521/2892/2095 2533/2917/2095 2534/2906/2095
f 2522/2893/2094 2534/2906/2094 2535/2907/2094
f 2535/2907/2093 2524/2895/2093 2512/2881/2093
f 2536/2908/2104 2537/2909/2104 2525/2896/2104
f 2537/2909/2103 2538/2921/2103 2526/2897/2103
f 2526/2897/2102 2538/2921/2102 2539/2910/2102
f 2527/2898/2101 2539/2910/2101 2540/2911/2101
f 2540/2911/2100 2541/2912/2100 2529/2901/2100
f 2541/2912/2099 2542/2926/2099 2530/2913/2099
f 2542/2914/2110 2543/2915/2110 2531/2903/2110
f 2543/2915/2109 2544/2916/2109 2532/2905/2109
f 2544/2916/2108 2545/2918/2108 2533/2917/2108
f 2545/2918/2107 2546/2919/2107 2534/2906/2107
f 2546/2919/2106 2547/2932/2106 2535/2907/2106
f 2535/2907/2105 2547/2932/2105 2536/2908/2105
f 2536/2908/2116 2548/2933/2116 2549/2920/2116
f 2549/2920/2115 2550/2922/2115 2538/2921/2115
f 2550/2922/2114 2551/2923/2114 2539/2910/2114
f 2551/2923/2113 2552/2924/2113 2540/2911/2113
f 2552/2924/2112 2553/2925/2112 2541/2912/2112
f 2553/2925/2111 2554/2938/2111 2542/2926/2111
f 2554/2927/2122 2555/2928/2122 2543/2915/2122
f 2555/2928/2121 2556/2929/2121 2544/2916/2121
f 2556/2929/2120 2557/2930/2120 2545/2918/2120
f 2557/2930/2119 2558/2943/2119 2546/2919/2119
f 2546/2919/2118 2558/2943/2118 2559/2931/2118
f 2559/2931/2117 2548/2933/2117 2536/2908/2117
f 2548/2933/2128 2560/2945/2128 2561/2934/2128
f 2561/2934/2127 2562/2947/2127 2550/2922/2127
f 2550/2922/2126 2562/2947/2126 2563/2935/2126
f 2551/2923/2125 2563/2935/2125 2564/2936/2125
f 2552/2924/2124 2564/2936/2124 2565/2937/2124
f 2565/2937/2123 2566/2951/2123 2554/2938/2123
f 2566/2939/2134 2567/2940/2134 2555/2928/2134
f 2567/2940/2133 2568/2941/2133 2556/2929/2133
f 2568/2941/2132 2569/2942/2132 2557/2930/2132
f 2569/2942/2131 2570/2955/2131 2558/2943/2131
f 2558/2943/2130 2570/2955/2130 2571/2944/2130
f 2571/2944/2129 2560/2945/2129 2548/2933/2129
f 2560/2945/2140 2572/2959/2140 2573/2946/2140
f 2573/2946/2139 2574/2961/2139 2562/2947/2139
f 2562/2947/2138 2574/2961/2138 2575/2948/2138
f 2575/2948/2137 2576/2949/2137 2564/2936/2137
f 2576/2949/2136 2577/2950/2136 2565/2937/2136
f 2577/2950/2135 2578/2966/2135 2566/2951/2135
f 2578/2952/2146 2579/2968/2146 2567/2940/2146
f 2567/2940/2145 2579/2968/2145 2580/2953/2145
f 2568/2941/2144 2580/2953/2144 2581/2954/2144
f 2581/2954/2143 2582/2956/2143 2570/2955/2143
f 2582/2956/2142 2583/2957/2142 2571/2944/2142
f 2583/2957/2141 2572/2959/2141 2560/2945/2141
f 2584/2958/2152 2585/2960/2152 2573/2946/2152
f 2585/2960/2151 2586/2962/2151 2574/2961/2151
f 2586/2962/2150 2587/2963/2150 2575/2948/2150
f 2587/2963/2149 2588/2964/2149 2576/2949/2149
f 2588/2964/2148 2589/2965/2148 2577/2950/2148
f 2589/2965/2147 2590/2977/2147 2578/2966/2147
f 2590/2967/2158 2591/2979/2158 2579/2968/2158
f 2579/2968/2157 2591/2979/2157 2592/2969/2157
f 2592/2969/2156 2593/2970/2156 2581/2954/2156
f 2593/2970/2155 2594/2983/2155 2582/2956/2155
f 2582/2956/2154 2594/2983/2154 2595/2971/2154
f 2595/2971/2153 2584/2958/2153 2572/2959/2153
f 2596/2972/2164 2597/2973/2164 2585/2960/2164
f 2597/2973/2163 2598/2988/2163 2586/2962/2163
f 2586/2962/2162 2598/2988/2162 2599/2974/2162
f 2599/2974/2161 2600/2975/2161 2588/2964/2161
f 2600/2975/2160 2601/2976/2160 2589/2965/2160
f 2601/2976/2159 2602/2993/2159 2590/2977/2159
f 2602/2978/2170 2603/2980/2170 2591/2979/2170
f 2603/2980/2169 2604/2981/2169 2592/2969/2169
f 2604/2981/2168 2605/2982/2168 2593/2970/2168
f 2605/2982/2167 2606/2984/2167 2594/2983/2167
f 2606/2984/2166 2607/2985/2166 2595/2971/2166
f 2607/2985/2165 2596/2972/2165 2584/2958/2165
f 2608/2986/2176 2609/2987/2176 2597/2973/2176
f 2609/2987/2175 2610/2989/2175 2598/2988/2175
f 2610/2989/2174 2611/2990/2174 2599/2974/2174
f 2611/2990/2173 2612/2991/2173 2600/2975/2173
f 2612/2991/2172 2613/2992/2172 2601/2976/2172
f 2613/2992/2171 2614/3004/2171 2602/2993/2171
f 2614/2994/2182 2615/3006/2182 2603/2980/2182
f 2603/2980/2181 2615/3006/2181 2616/2995/2181
f 2616/2995/2180 2617/2996/2180 2605/2982/2180
f 2617/2996/2179 2618/2997/2179 2606/2984/2179
f 2618/2997/2178 2619/2998/2178 2607/2985/2178
f 2619/2998/2177 2608/2986/2177 2596/2972/2177
f 2608/2986/2188 2620/3011/2188 2621/2999/2188
f 2609/2987/2187 2621/2999/2187 2622/3000/2187
f 2610/2989/2186 2622/3000/2186 2623/3001/2186
f 2623/3001/2185 2624/3002/2185 2612/2991/2185
f 2624/3002/2184 2625/3012/2184 2613/2992/2184
f 2613/2992/2183 2625/3012/2183 2626/3003/2183
f 2626/3005/2194 2627/3007/2194 2615/3006/2194
f 2627/3007/2193 2628/3013/2193 2616/2995/2193
f 2616/2995/2192 2628/3013/2192 2629/3008/2192
f 2629/3008/2191 2630/3009/2191 2618/2997/2191
f 2630/3009/2190 2631/3010/2190 2619/2998/2190
f 2631/3010/2189 2620/3011/2189 2608/2986/2189
f 2056/2382/2200 2057/2381/2200 2621/2999/2200
f 2057/2381/2199 2058/2384/2199 2622/3000/2199
f 2058/2384/2198 2059/2385/2198 2623/3001/2198
f 2059/2385/2197 2060/2387/2197 2624/3002/2197
f 2060/2387/2196 2061/2389/2196 2625/3012/2196
f 2061/2389/2195 2062/2391/2195 2626/3003/2195
f 2626/3005/2206 2062/2394/2206 2063/2393/2206
f 2063/2393/2205 2064/2396/2205 2628/3013/2205
f 2064/2396/2204 2065/2398/2204 2629/3008/2204
f 2065/2398/2203 2066/2400/2203 2630/3009/2203
f 2630/3009/2202 2066/2400/2202 2067/2402/2202
f 2631/3010/2201 2067/2402/2201 2056/2382/2201
